Workbook

Sheet 食譜橫向排版
B2: {=XLOOKUP("拌拌咖哩",'食譜'!B:B,'食譜'!A:A,"")} | F2: {=XLOOKUP(F8,'食譜'!$B:$B,'食譜'!$F:$F,"")} -> 0.16 | J2: {=XLOOKUP(J8,'食譜'!$B:$B,'食譜'!$F:$F,"")} -> 0.19 | N2: {=XLOOKUP(N8,'食譜'!$B:$B,'食譜'!$F:$F,"")} -> 0.19 | R2: {=XLOOKUP(R8,'食譜'!$B:$B,'食譜'!$F:$F,"")} -> 0.19 | V2: {=XLOOKUP(V8,'食譜'!$B:$B,'食譜'!$F:$F,"")} -> 0.19 | Z2: {=XLOOKUP(Z8,'食譜'!$B:$B,'食譜'!$F:$F,"")} -> 0.19 | AD2: {=XLOOKUP(AD8,'食譜'!$B:$B,'食譜'!$F:$F,"")} -> 0.19 | AH2: {=XLOOKUP(AH8,'食譜'!$B:$B,'食譜'!$F:$F,"")} -> 0.19 | AL2: {=XLOOKUP(AL8,'食譜'!$B:$B,'食譜'!$F:$F,"")} -> 0.2 | AP2: {=XLOOKUP(AP8,'食譜'!$B:$B,'食譜'!$F:$F,"")} -> 0.21 | AT2: {=XLOOKUP(AT8,'食譜'!$B:$B,'食譜'!$F:$F,"")} -> 0.2 | AX2: {=XLOOKUP(AX8,'食譜'!$B:$B,'食譜'!$F:$F,"")} -> 0.25 | BB2: {=XLOOKUP(BB8,'食譜'!$B:$B,'食譜'!$F:$F,"")} -> 0.25 | BF2: {=XLOOKUP(BF8,'食譜'!$B:$B,'食譜'!$F:$F,"")} -> 0.35 | BJ2: {=XLOOKUP(BJ8,'食譜'!$B:$B,'食譜'!$F:$F,"")} -> 0.25 | BN2: {=XLOOKUP(BN8,'食譜'!$B:$B,'食譜'!$F:$F,"")} -> 0.25 | BR2: {=XLOOKUP(BR8,'食譜'!$B:$B,'食譜'!$F:$F,"")} -> 0.35 | BV2: {=XLOOKUP(BV8,'食譜'!$B:$B,'食譜'!$F:$F,"")} -> 0.48 | BZ2: {=XLOOKUP(BZ8,'食譜'!$B:$B,'食譜'!$F:$F,"")} -> 0.48 | CD2: {=XLOOKUP(CD8,'食譜'!$B:$B,'食譜'!$F:$F,"")} -> 0.48 | CH2: {=XLOOKUP(CH8,'食譜'!$B:$B,'食譜'!$F:$F,"")} -> 0.61 | CL2: {=XLOOKUP(CL8,'食譜'!$B:$B,'食譜'!$F:$F,"")} -> 0.61 | CP2: {=XLOOKUP(CP8,'食譜'!$B:$B,'食譜'!$F:$F,"")} -> 0.78 | DG2: {=XLOOKUP(DK2,'食材'!$B:$B,'食材'!$D:$D,"")} | DI2: {=XLOOKUP(DK2,'食材'!$B:$B,'食材'!$F:$F,"")} -> 90 | DK2: 特選蘋果
F4: {=XLOOKUP(F8,'食譜'!$B:$B,'食譜'!$H:$H,"")} -> 728 | J4: {=XLOOKUP(J8,'食譜'!$B:$B,'食譜'!$H:$H,"")} -> 814 | N4: {=XLOOKUP(N8,'食譜'!$B:$B,'食譜'!$H:$H,"")} -> 839 | R4: {=XLOOKUP(R8,'食譜'!$B:$B,'食譜'!$H:$H,"")} -> 856 | V4: {=XLOOKUP(V8,'食譜'!$B:$B,'食譜'!$H:$H,"")} -> 1910 | Z4: {=XLOOKUP(Z8,'食譜'!$B:$B,'食譜'!$H:$H,"")} -> 1942 | AD4: {=XLOOKUP(AD8,'食譜'!$B:$B,'食譜'!$H:$H,"")} -> 2078 | AH4: {=XLOOKUP(AH8,'食譜'!$B:$B,'食譜'!$H:$H,"")} -> 2150 | AL4: {=XLOOKUP(AL8,'食譜'!$B:$B,'食譜'!$H:$H,"")} -> 3181 | AP4: {=XLOOKUP(AP8,'食譜'!$B:$B,'食譜'!$H:$H,"")} -> 3372 | AT4: {=XLOOKUP(AT8,'食譜'!$B:$B,'食譜'!$H:$H,"")} -> 4162 | AX4: {=XLOOKUP(AX8,'食譜'!$B:$B,'食譜'!$H:$H,"")} -> 4523 | BB4: {=XLOOKUP(BB8,'食譜'!$B:$B,'食譜'!$H:$H,"")} -> 4670 | BF4: {=XLOOKUP(BF8,'食譜'!$B:$B,'食譜'!$H:$H,"")} -> 5702 | BJ4: {=XLOOKUP(BJ8,'食譜'!$B:$B,'食譜'!$H:$H,"")} -> 5900 | BN4: {=XLOOKUP(BN8,'食譜'!$B:$B,'食譜'!$H:$H,"")} -> 7483 | BR4: {=XLOOKUP(BR8,'食譜'!$B:$B,'食譜'!$H:$H,"")} -> 9010 | BV4: {=XLOOKUP(BV8,'食譜'!$B:$B,'食譜'!$H:$H,"")} -> 9445 | BZ4: {=XLOOKUP(BZ8,'食譜'!$B:$B,'食譜'!$H:$H,"")} -> 13690 | CD4: {=XLOOKUP(CD8,'食譜'!$B:$B,'食譜'!$H:$H,"")} -> 15621 | CH4: {=XLOOKUP(CH8,'食譜'!$B:$B,'食譜'!$H:$H,"")} -> 19061 | CL4: {=XLOOKUP(CL8,'食譜'!$B:$B,'食譜'!$H:$H,"")} -> 20655 | CP4: {=XLOOKUP(CP8,'食譜'!$B:$B,'食譜'!$H:$H,"")} -> 24802 | DG4: {=XLOOKUP(DK4,'食材'!$B:$B,'食材'!$D:$D,"")} | DI4: {=XLOOKUP(DK4,'食材'!$B:$B,'食材'!$F:$F,"")} -> 98 | DK4: 哞哞鮮奶
F5: {=XLOOKUP(F8,'食譜'!$B:$B,'食譜'!$A:$A,"")} | J5: {=XLOOKUP(J8,'食譜'!$B:$B,'食譜'!$A:$A,"")} | N5: {=XLOOKUP(N8,'食譜'!$B:$B,'食譜'!$A:$A,"")} | R5: {=XLOOKUP(R8,'食譜'!$B:$B,'食譜'!$A:$A,"")} | V5: {=XLOOKUP(V8,'食譜'!$B:$B,'食譜'!$A:$A,"")} | Z5: {=XLOOKUP(Z8,'食譜'!$B:$B,'食譜'!$A:$A,"")} | AD5: {=XLOOKUP(AD8,'食譜'!$B:$B,'食譜'!$A:$A,"")} | AH5: {=XLOOKUP(AH8,'食譜'!$B:$B,'食譜'!$A:$A,"")} | AL5: {=XLOOKUP(AL8,'食譜'!$B:$B,'食譜'!$A:$A,"")} | AP5: {=XLOOKUP(AP8,'食譜'!$B:$B,'食譜'!$A:$A,"")} | AT5: {=XLOOKUP(AT8,'食譜'!$B:$B,'食譜'!$A:$A,"")} | AX5: {=XLOOKUP(AX8,'食譜'!$B:$B,'食譜'!$A:$A,"")} | BB5: {=XLOOKUP(BB8,'食譜'!$B:$B,'食譜'!$A:$A,"")} | BF5: {=XLOOKUP(BF8,'食譜'!$B:$B,'食譜'!$A:$A,"")} | BJ5: {=XLOOKUP(BJ8,'食譜'!$B:$B,'食譜'!$A:$A,"")} | BN5: {=XLOOKUP(BN8,'食譜'!$B:$B,'食譜'!$A:$A,"")} | BR5: {=XLOOKUP(BR8,'食譜'!$B:$B,'食譜'!$A:$A,"")} | BV5: {=XLOOKUP(BV8,'食譜'!$B:$B,'食譜'!$A:$A,"")} | BZ5: {=XLOOKUP(BZ8,'食譜'!$B:$B,'食譜'!$A:$A,"")} | CD5: {=XLOOKUP(CD8,'食譜'!$B:$B,'食譜'!$A:$A,"")} | CH5: {=XLOOKUP(CH8,'食譜'!$B:$B,'食譜'!$A:$A,"")} | CL5: {=XLOOKUP(CL8,'食譜'!$B:$B,'食譜'!$A:$A,"")} | CP5: {=XLOOKUP(CP8,'食譜'!$B:$B,'食譜'!$A:$A,"")}
DG6: {=XLOOKUP(DK6,'食材'!$B:$B,'食材'!$D:$D,"")} | DI6: {=XLOOKUP(DK6,'食材'!$B:$B,'食材'!$F:$F,"")} -> 100 | DK6: 萌綠大豆
F8: =IFERROR(__xludf.DUMMYFUNCTION("SPLIT(TEXTJOIN("""",TRUE,TOROW(FILTER('食譜'!$B:$B&""----"", '食譜'!$E:$E=""咖哩、濃湯"",'食譜'!$B:$B<>""拌拌咖哩"")),"""","""",""""),""-"",TRUE,FALSE)"),"特選蘋果咖哩") -> 特選蘋果咖哩 | J8: =IFERROR(__xludf.DUMMYFUNCTION("""COMPUTED_VALUE"""),"單純白醬濃湯") -> 單純白醬濃湯 | N8: =IFERROR(__xludf.DUMMYFUNCTION("""COMPUTED_VALUE"""),"寶寶甜蜜咖哩") -> 寶寶甜蜜咖哩 | R8: =IFERROR(__xludf.DUMMYFUNCTION("""COMPUTED_VALUE"""),"豆製肉排咖哩") -> 豆製肉排咖哩 | V8: =IFERROR(__xludf.DUMMYFUNCTION("""COMPUTED_VALUE"""),"吃飽飽起司肉排咖哩") -> 吃飽飽起司肉排咖哩 | Z8: =IFERROR(__xludf.DUMMYFUNCTION("""COMPUTED_VALUE"""),"日照炸肉排咖哩") -> 日照炸肉排咖哩 | AD8: =IFERROR(__xludf.DUMMYFUNCTION("""COMPUTED_VALUE"""),"太陽之力番茄咖哩") -> 太陽之力番茄咖哩 | AH8: =IFERROR(__xludf.DUMMYFUNCTION("""COMPUTED_VALUE"""),"入口即化蛋捲咖哩") -> 入口即化蛋捲咖哩 | AL8: =IFERROR(__xludf.DUMMYFUNCTION("""COMPUTED_VALUE"""),"窩心白醬濃湯") -> 窩心白醬濃湯 | AP8: =IFERROR(__xludf.DUMMYFUNCTION("""COMPUTED_VALUE"""),"健美豆子咖哩") -> 健美豆子咖哩 | AT8: =IFERROR(__xludf.DUMMYFUNCTION("""COMPUTED_VALUE"""),"蘑菇孢子咖哩") -> 蘑菇孢子咖哩 | AX8: =IFERROR(__xludf.DUMMYFUNCTION("""COMPUTED_VALUE"""),"親子愛咖哩") -> 親子愛咖哩 | BB8: =IFERROR(__xludf.DUMMYFUNCTION("""COMPUTED_VALUE"""),"柔軟玉米濃湯") -> 柔軟玉米濃湯 | BF8: =IFERROR(__xludf.DUMMYFUNCTION("""COMPUTED_VALUE"""),"迷昏拳辣味咖哩") -> 迷昏拳辣味咖哩 | BJ8: =IFERROR(__xludf.DUMMYFUNCTION("""COMPUTED_VALUE"""),"辣味蔥勁十足咖哩") -> 辣味蔥勁十足咖哩 | BN8: =IFERROR(__xludf.DUMMYFUNCTION("""COMPUTED_VALUE"""),"炙燒尾肉咖哩") -> 炙燒尾肉咖哩 | BR8: =IFERROR(__xludf.DUMMYFUNCTION("""COMPUTED_VALUE"""),"絕對睡眠奶油咖哩") -> 絕對睡眠奶油咖哩 | BV8: =IFERROR(__xludf.DUMMYFUNCTION("""COMPUTED_VALUE"""),"忍者咖哩") -> 忍者咖哩 | BZ8: =IFERROR(__xludf.DUMMYFUNCTION("""COMPUTED_VALUE"""),"煉獄玉米乾咖哩") -> 煉獄玉米乾咖哩 | CD8: =IFERROR(__xludf.DUMMYFUNCTION("""COMPUTED_VALUE"""),"扮演南瓜精濃湯") -> 扮演南瓜精濃湯 | CH8: =IFERROR(__xludf.DUMMYFUNCTION("""COMPUTED_VALUE"""),"覺醒力量濃湯") -> 覺醒力量濃湯 | CL8: =IFERROR(__xludf.DUMMYFUNCTION("""COMPUTED_VALUE"""),"居合斬壽喜燒咖哩") -> 居合斬壽喜燒咖哩 | CP8: =IFERROR(__xludf.DUMMYFUNCTION("""COMPUTED_VALUE"""),"茂盛焗烤酪梨") -> 茂盛焗烤酪梨 | DG8: {=XLOOKUP(DK8,'食材'!$B:$B,'食材'!$D:$D,"")} | DI8: {=XLOOKUP(DK8,'食材'!$B:$B,'食材'!$F:$F,"")} -> 101 | DK8: 甜甜蜜
F10: {=XLOOKUP(XLOOKUP(F8,'食譜'!$B:$B,'食譜'!$J:$J,""),'食材'!$B:$B,'食材'!$D:$D,"")} | H10: {=XLOOKUP(F8,'食譜'!$B:$B,'食譜'!$K:$K,"")} -> 7 | J10: {=XLOOKUP(XLOOKUP(J8,'食譜'!$B:$B,'食譜'!$J:$J,""),'食材'!$B:$B,'食材'!$D:$D,"")} | L10: {=XLOOKUP(J8,'食譜'!$B:$B,'食譜'!$K:$K,"")} -> 7 | N10: {=XLOOKUP(XLOOKUP(N8,'食譜'!$B:$B,'食譜'!$J:$J,""),'食材'!$B:$B,'食材'!$D:$D,"")} | P10: {=XLOOKUP(N8,'食譜'!$B:$B,'食譜'!$K:$K,"")} -> 7 | R10: {=XLOOKUP(XLOOKUP(R8,'食譜'!$B:$B,'食譜'!$J:$J,""),'食材'!$B:$B,'食材'!$D:$D,"")} | T10: {=XLOOKUP(R8,'食譜'!$B:$B,'食譜'!$K:$K,"")} -> 7 | V10: {=XLOOKUP(XLOOKUP(V8,'食譜'!$B:$B,'食譜'!$J:$J,""),'食材'!$B:$B,'食材'!$D:$D,"")} | X10: {=XLOOKUP(V8,'食譜'!$B:$B,'食譜'!$K:$K,"")} -> 8 | Z10: {=XLOOKUP(XLOOKUP(Z8,'食譜'!$B:$B,'食譜'!$J:$J,""),'食材'!$B:$B,'食材'!$D:$D,"")} | AB10: {=XLOOKUP(Z8,'食譜'!$B:$B,'食譜'!$K:$K,"")} -> 10 | AD10: {=XLOOKUP(XLOOKUP(AD8,'食譜'!$B:$B,'食譜'!$J:$J,""),'食材'!$B:$B,'食材'!$D:$D,"")} | AF10: {=XLOOKUP(AD8,'食譜'!$B:$B,'食譜'!$K:$K,"")} -> 10 | AH10: {=XLOOKUP(XLOOKUP(AH8,'食譜'!$B:$B,'食譜'!$J:$J,""),'食材'!$B:$B,'食材'!$D:$D,"")} | AJ10: {=XLOOKUP(AH8,'食譜'!$B:$B,'食譜'!$K:$K,"")} -> 10 | AL10: {=XLOOKUP(XLOOKUP(AL8,'食譜'!$B:$B,'食譜'!$J:$J,""),'食材'!$B:$B,'食材'!$D:$D,"")} | AN10: {=XLOOKUP(AL8,'食譜'!$B:$B,'食譜'!$K:$K,"")} -> 10 | AP10: {=XLOOKUP(XLOOKUP(AP8,'食譜'!$B:$B,'食譜'!$J:$J,""),'食材'!$B:$B,'食材'!$D:$D,"")} | AR10: {=XLOOKUP(AP8,'食譜'!$B:$B,'食譜'!$K:$K,"")} -> 12 | AT10: {=XLOOKUP(XLOOKUP(AT8,'食譜'!$B:$B,'食譜'!$J:$J,""),'食材'!$B:$B,'食材'!$D:$D,"")} | AV10: {=XLOOKUP(AT8,'食譜'!$B:$B,'食譜'!$K:$K,"")} -> 14 | AX10: {=XLOOKUP(XLOOKUP(AX8,'食譜'!$B:$B,'食譜'!$J:$J,""),'食材'!$B:$B,'食材'!$D:$D,"")} | AZ10: {=XLOOKUP(AX8,'食譜'!$B:$B,'食譜'!$K:$K,"")} -> 12 | BB10: {=XLOOKUP(XLOOKUP(BB8,'食譜'!$B:$B,'食譜'!$J:$J,""),'食材'!$B:$B,'食材'!$D:$D,"")} | BD10: {=XLOOKUP(BB8,'食譜'!$B:$B,'食譜'!$K:$K,"")} -> 14 | BF10: {=XLOOKUP(XLOOKUP(BF8,'食譜'!$B:$B,'食譜'!$J:$J,""),'食材'!$B:$B,'食材'!$D:$D,"")} | BH10: {=XLOOKUP(BF8,'食譜'!$B:$B,'食譜'!$K:$K,"")} -> 11 | BJ10: {=XLOOKUP(XLOOKUP(BJ8,'食譜'!$B:$B,'食譜'!$J:$J,""),'食材'!$B:$B,'食材'!$D:$D,"")} | BL10: {=XLOOKUP(BJ8,'食譜'!$B:$B,'食譜'!$K:$K,"")} -> 14 | BN10: {=XLOOKUP(XLOOKUP(BN8,'食譜'!$B:$B,'食譜'!$J:$J,""),'食材'!$B:$B,'食材'!$D:$D,"")} | BP10: {=XLOOKUP(BN8,'食譜'!$B:$B,'食譜'!$K:$K,"")} -> 25 | BR10: {=XLOOKUP(XLOOKUP(BR8,'食譜'!$B:$B,'食譜'!$J:$J,""),'食材'!$B:$B,'食材'!$D:$D,"")} | BT10: {=XLOOKUP(BR8,'食譜'!$B:$B,'食譜'!$K:$K,"")} -> 18 | BV10: {=XLOOKUP(XLOOKUP(BV8,'食譜'!$B:$B,'食譜'!$J:$J,""),'食材'!$B:$B,'食材'!$D:$D,"")} | BX10: {=XLOOKUP(BV8,'食譜'!$B:$B,'食譜'!$K:$K,"")} -> 24 | BZ10: {=XLOOKUP(XLOOKUP(BZ8,'食譜'!$B:$B,'食譜'!$J:$J,""),'食材'!$B:$B,'食材'!$D:$D,"")} | CB10: {=XLOOKUP(BZ8,'食譜'!$B:$B,'食譜'!$K:$K,"")} -> 27 | CD10: {=XLOOKUP(XLOOKUP(CD8,'食譜'!$B:$B,'食譜'!$J:$J,""),'食材'!$B:$B,'食材'!$D:$D,"")} | CF10: {=XLOOKUP(CD8,'食譜'!$B:$B,'食譜'!$K:$K,"")} -> 10 | CH10: {=XLOOKUP(XLOOKUP(CH8,'食譜'!$B:$B,'食譜'!$J:$J,""),'食材'!$B:$B,'食材'!$D:$D,"")} | CJ10: {=XLOOKUP(CH8,'食譜'!$B:$B,'食譜'!$K:$K,"")} -> 28 | CL10: {=XLOOKUP(XLOOKUP(CL8,'食譜'!$B:$B,'食譜'!$J:$J,""),'食材'!$B:$B,'食材'!$D:$D,"")} | CN10: {=XLOOKUP(CL8,'食譜'!$B:$B,'食譜'!$K:$K,"")} -> 27 | CP10: {=XLOOKUP(XLOOKUP(CP8,'食譜'!$B:$B,'食譜'!$J:$J,""),'食材'!$B:$B,'食材'!$D:$D,"")} | CR10: {=XLOOKUP(CP8,'食譜'!$B:$B,'食譜'!$K:$K,"")} -> 22 | DG10: {=XLOOKUP(DK10,'食材'!$B:$B,'食材'!$D:$D,"")} | DI10: {=XLOOKUP(DK10,'食材'!$B:$B,'食材'!$F:$F,"")} -> 103 | DK10: 豆製肉
F12: {=XLOOKUP(XLOOKUP(F8,'食譜'!$B:$B,'食譜'!$L:$L,""),'食材'!$B:$B,'食材'!$D:$D,"")} | H12: {=XLOOKUP(F8,'食譜'!$B:$B,'食譜'!$M:$M,"")} | J12: {=XLOOKUP(XLOOKUP(J8,'食譜'!$B:$B,'食譜'!$L:$L,""),'食材'!$B:$B,'食材'!$D:$D,"")} | L12: {=XLOOKUP(J8,'食譜'!$B:$B,'食譜'!$M:$M,"")} | N12: {=XLOOKUP(XLOOKUP(N8,'食譜'!$B:$B,'食譜'!$L:$L,""),'食材'!$B:$B,'食材'!$D:$D,"")} | P12: {=XLOOKUP(N8,'食譜'!$B:$B,'食譜'!$M:$M,"")} | R12: {=XLOOKUP(XLOOKUP(R8,'食譜'!$B:$B,'食譜'!$L:$L,""),'食材'!$B:$B,'食材'!$D:$D,"")} | T12: {=XLOOKUP(R8,'食譜'!$B:$B,'食譜'!$M:$M,"")} | V12: {=XLOOKUP(XLOOKUP(V8,'食譜'!$B:$B,'食譜'!$L:$L,""),'食材'!$B:$B,'食材'!$D:$D,"")} | X12: {=XLOOKUP(V8,'食譜'!$B:$B,'食譜'!$M:$M,"")} -> 8 | Z12: {=XLOOKUP(XLOOKUP(Z8,'食譜'!$B:$B,'食譜'!$L:$L,""),'食材'!$B:$B,'食材'!$D:$D,"")} | AB12: {=XLOOKUP(Z8,'食譜'!$B:$B,'食譜'!$M:$M,"")} -> 5 | AD12: {=XLOOKUP(XLOOKUP(AD8,'食譜'!$B:$B,'食譜'!$L:$L,""),'食材'!$B:$B,'食材'!$D:$D,"")} | AF12: {=XLOOKUP(AD8,'食譜'!$B:$B,'食譜'!$M:$M,"")} -> 5 | AH12: {=XLOOKUP(XLOOKUP(AH8,'食譜'!$B:$B,'食譜'!$L:$L,""),'食材'!$B:$B,'食材'!$D:$D,"")} | AJ12: {=XLOOKUP(AH8,'食譜'!$B:$B,'食譜'!$M:$M,"")} -> 6 | AL12: {=XLOOKUP(XLOOKUP(AL8,'食譜'!$B:$B,'食譜'!$L:$L,""),'食材'!$B:$B,'食材'!$D:$D,"")} | AN12: {=XLOOKUP(AL8,'食譜'!$B:$B,'食譜'!$M:$M,"")} -> 8 | AP12: {=XLOOKUP(XLOOKUP(AP8,'食譜'!$B:$B,'食譜'!$L:$L,""),'食材'!$B:$B,'食材'!$D:$D,"")} | AR12: {=XLOOKUP(AP8,'食譜'!$B:$B,'食譜'!$M:$M,"")} -> 6 | AT12: {=XLOOKUP(XLOOKUP(AT8,'食譜'!$B:$B,'食譜'!$L:$L,""),'食材'!$B:$B,'食材'!$D:$D,"")} | AV12: {=XLOOKUP(AT8,'食譜'!$B:$B,'食譜'!$M:$M,"")} -> 9 | AX12: {=XLOOKUP(XLOOKUP(AX8,'食譜'!$B:$B,'食譜'!$L:$L,""),'食材'!$B:$B,'食材'!$D:$D,"")} | AZ12: {=XLOOKUP(AX8,'食譜'!$B:$B,'食譜'!$M:$M,"")} -> 11 | BB12: {=XLOOKUP(XLOOKUP(BB8,'食譜'!$B:$B,'食譜'!$L:$L,""),'食材'!$B:$B,'食材'!$D:$D,"")} | BD12: {=XLOOKUP(BB8,'食譜'!$B:$B,'食譜'!$M:$M,"")} -> 8 | BF12: {=XLOOKUP(XLOOKUP(BF8,'食譜'!$B:$B,'食譜'!$L:$L,""),'食材'!$B:$B,'食材'!$D:$D,"")} | BH12: {=XLOOKUP(BF8,'食譜'!$B:$B,'食譜'!$M:$M,"")} -> 11 | BJ12: {=XLOOKUP(XLOOKUP(BJ8,'食譜'!$B:$B,'食譜'!$L:$L,""),'食材'!$B:$B,'食材'!$D:$D,"")} | BL12: {=XLOOKUP(BJ8,'食譜'!$B:$B,'食譜'!$M:$M,"")} -> 10 | BN12: {=XLOOKUP(XLOOKUP(BN8,'食譜'!$B:$B,'食譜'!$L:$L,""),'食材'!$B:$B,'食材'!$D:$D,"")} | BP12: {=XLOOKUP(BN8,'食譜'!$B:$B,'食譜'!$M:$M,"")} -> 8 | BR12: {=XLOOKUP(XLOOKUP(BR8,'食譜'!$B:$B,'食譜'!$L:$L,""),'食材'!$B:$B,'食材'!$D:$D,"")} | BT12: {=XLOOKUP(BR8,'食譜'!$B:$B,'食譜'!$M:$M,"")} -> 15 | BV12: {=XLOOKUP(XLOOKUP(BV8,'食譜'!$B:$B,'食譜'!$L:$L,""),'食材'!$B:$B,'食材'!$D:$D,"")} | BX12: {=XLOOKUP(BV8,'食譜'!$B:$B,'食譜'!$M:$M,"")} -> 12 | BZ12: {=XLOOKUP(XLOOKUP(BZ8,'食譜'!$B:$B,'食譜'!$L:$L,""),'食材'!$B:$B,'食材'!$D:$D,"")} | CB12: {=XLOOKUP(BZ8,'食譜'!$B:$B,'食譜'!$M:$M,"")} -> 24 | CD12: {=XLOOKUP(XLOOKUP(CD8,'食譜'!$B:$B,'食譜'!$L:$L,""),'食材'!$B:$B,'食材'!$D:$D,"")} | CF12: {=XLOOKUP(CD8,'食譜'!$B:$B,'食譜'!$M:$M,"")} -> 16 | CH12: {=XLOOKUP(XLOOKUP(CH8,'食譜'!$B:$B,'食譜'!$L:$L,""),'食材'!$B:$B,'食材'!$D:$D,"")} | CJ12: {=XLOOKUP(CH8,'食譜'!$B:$B,'食譜'!$M:$M,"")} -> 25 | CL12: {=XLOOKUP(XLOOKUP(CL8,'食譜'!$B:$B,'食譜'!$L:$L,""),'食材'!$B:$B,'食材'!$D:$D,"")} | CN12: {=XLOOKUP(CL8,'食譜'!$B:$B,'食譜'!$M:$M,"")} -> 26 | CP12: {=XLOOKUP(XLOOKUP(CP8,'食譜'!$B:$B,'食譜'!$L:$L,""),'食材'!$B:$B,'食材'!$D:$D,"")} | CR12: {=XLOOKUP(CP8,'食譜'!$B:$B,'食譜'!$M:$M,"")} -> 20 | DG12: {=XLOOKUP(DK12,'食材'!$B:$B,'食材'!$D:$D,"")} | DI12: {=XLOOKUP(DK12,'食材'!$B:$B,'食材'!$F:$F,"")} -> 109 | DK12: 暖暖薑
F14: {=XLOOKUP(XLOOKUP(F8,'食譜'!$B:$B,'食譜'!$N:$N,""),'食材'!$B:$B,'食材'!$D:$D,"")} | H14: {=XLOOKUP(F8,'食譜'!$B:$B,'食譜'!$O:$O,"")} | J14: {=XLOOKUP(XLOOKUP(J8,'食譜'!$B:$B,'食譜'!$N:$N,""),'食材'!$B:$B,'食材'!$D:$D,"")} | L14: {=XLOOKUP(J8,'食譜'!$B:$B,'食譜'!$O:$O,"")} | N14: {=XLOOKUP(XLOOKUP(N8,'食譜'!$B:$B,'食譜'!$N:$N,""),'食材'!$B:$B,'食材'!$D:$D,"")} | P14: {=XLOOKUP(N8,'食譜'!$B:$B,'食譜'!$O:$O,"")} | R14: {=XLOOKUP(XLOOKUP(R8,'食譜'!$B:$B,'食譜'!$N:$N,""),'食材'!$B:$B,'食材'!$D:$D,"")} | T14: {=XLOOKUP(R8,'食譜'!$B:$B,'食譜'!$O:$O,"")} | V14: {=XLOOKUP(XLOOKUP(V8,'食譜'!$B:$B,'食譜'!$N:$N,""),'食材'!$B:$B,'食材'!$D:$D,"")} | X14: {=XLOOKUP(V8,'食譜'!$B:$B,'食譜'!$O:$O,"")} | Z14: {=XLOOKUP(XLOOKUP(Z8,'食譜'!$B:$B,'食譜'!$N:$N,""),'食材'!$B:$B,'食材'!$D:$D,"")} | AB14: {=XLOOKUP(Z8,'食譜'!$B:$B,'食譜'!$O:$O,"")} | AD14: {=XLOOKUP(XLOOKUP(AD8,'食譜'!$B:$B,'食譜'!$N:$N,""),'食材'!$B:$B,'食材'!$D:$D,"")} | AF14: {=XLOOKUP(AD8,'食譜'!$B:$B,'食譜'!$O:$O,"")} | AH14: {=XLOOKUP(XLOOKUP(AH8,'食譜'!$B:$B,'食譜'!$N:$N,""),'食材'!$B:$B,'食材'!$D:$D,"")} | AJ14: {=XLOOKUP(AH8,'食譜'!$B:$B,'食譜'!$O:$O,"")} | AL14: {=XLOOKUP(XLOOKUP(AL8,'食譜'!$B:$B,'食譜'!$N:$N,""),'食材'!$B:$B,'食材'!$D:$D,"")} | AN14: {=XLOOKUP(AL8,'食譜'!$B:$B,'食譜'!$O:$O,"")} -> 4 | AP14: {=XLOOKUP(XLOOKUP(AP8,'食譜'!$B:$B,'食譜'!$N:$N,""),'食材'!$B:$B,'食材'!$D:$D,"")} | AR14: {=XLOOKUP(AP8,'食譜'!$B:$B,'食譜'!$O:$O,"")} -> 4 | AT14: {=XLOOKUP(XLOOKUP(AT8,'食譜'!$B:$B,'食譜'!$N:$N,""),'食材'!$B:$B,'食材'!$D:$D,"")} | AV14: {=XLOOKUP(AT8,'食譜'!$B:$B,'食譜'!$O:$O,"")} | AX14: {=XLOOKUP(XLOOKUP(AX8,'食譜'!$B:$B,'食譜'!$N:$N,""),'食材'!$B:$B,'食材'!$D:$D,"")} | AZ14: {=XLOOKUP(AX8,'食譜'!$B:$B,'食譜'!$O:$O,"")} -> 8 | BB14: {=XLOOKUP(XLOOKUP(BB8,'食譜'!$B:$B,'食譜'!$N:$N,""),'食材'!$B:$B,'食材'!$D:$D,"")} | BD14: {=XLOOKUP(BB8,'食譜'!$B:$B,'食譜'!$O:$O,"")} -> 8 | BF14: {=XLOOKUP(XLOOKUP(BF8,'食譜'!$B:$B,'食譜'!$N:$N,""),'食材'!$B:$B,'食材'!$D:$D,"")} | BH14: {=XLOOKUP(BF8,'食譜'!$B:$B,'食譜'!$O:$O,"")} -> 11 | BJ14: {=XLOOKUP(XLOOKUP(BJ8,'食譜'!$B:$B,'食譜'!$N:$N,""),'食材'!$B:$B,'食材'!$D:$D,"")} | BL14: {=XLOOKUP(BJ8,'食譜'!$B:$B,'食譜'!$O:$O,"")} -> 8 | BN14: {=XLOOKUP(XLOOKUP(BN8,'食譜'!$B:$B,'食譜'!$N:$N,""),'食材'!$B:$B,'食材'!$D:$D,"")} | BP14: {=XLOOKUP(BN8,'食譜'!$B:$B,'食譜'!$O:$O,"")} | BR14: {=XLOOKUP(XLOOKUP(BR8,'食譜'!$B:$B,'食譜'!$N:$N,""),'食材'!$B:$B,'食材'!$D:$D,"")} | BT14: {=XLOOKUP(BR8,'食譜'!$B:$B,'食譜'!$O:$O,"")} -> 12 | BV14: {=XLOOKUP(XLOOKUP(BV8,'食譜'!$B:$B,'食譜'!$N:$N,""),'食材'!$B:$B,'食材'!$D:$D,"")} | BX14: {=XLOOKUP(BV8,'食譜'!$B:$B,'食譜'!$O:$O,"")} -> 9 | BZ14: {=XLOOKUP(XLOOKUP(BZ8,'食譜'!$B:$B,'食譜'!$N:$N,""),'食材'!$B:$B,'食材'!$D:$D,"")} | CB14: {=XLOOKUP(BZ8,'食譜'!$B:$B,'食譜'!$O:$O,"")} -> 14 | CD14: {=XLOOKUP(XLOOKUP(CD8,'食譜'!$B:$B,'食譜'!$N:$N,""),'食材'!$B:$B,'食材'!$D:$D,"")} | CF14: {=XLOOKUP(CD8,'食譜'!$B:$B,'食譜'!$O:$O,"")} -> 18 | CH14: {=XLOOKUP(XLOOKUP(CH8,'食譜'!$B:$B,'食譜'!$N:$N,""),'食材'!$B:$B,'食材'!$D:$D,"")} | CJ14: {=XLOOKUP(CH8,'食譜'!$B:$B,'食譜'!$O:$O,"")} -> 23 | CL14: {=XLOOKUP(XLOOKUP(CL8,'食譜'!$B:$B,'食譜'!$N:$N,""),'食材'!$B:$B,'食材'!$D:$D,"")} | CN14: {=XLOOKUP(CL8,'食譜'!$B:$B,'食譜'!$O:$O,"")} -> 26 | CP14: {=XLOOKUP(XLOOKUP(CP8,'食譜'!$B:$B,'食譜'!$N:$N,""),'食材'!$B:$B,'食材'!$D:$D,"")} | CR14: {=XLOOKUP(CP8,'食譜'!$B:$B,'食譜'!$O:$O,"")} -> 41 | DG14: {=XLOOKUP(DK14,'食材'!$B:$B,'食材'!$D:$D,"")} | DI14: {=XLOOKUP(DK14,'食材'!$B:$B,'食材'!$F:$F,"")} -> 110 | DK14: 好眠番茄
F16: {=XLOOKUP(XLOOKUP(F8,'食譜'!$B:$B,'食譜'!$P:$P,""),'食材'!$B:$B,'食材'!$D:$D,"")} | H16: {=XLOOKUP(F8,'食譜'!$B:$B,'食譜'!$Q:$Q,"")} | J16: {=XLOOKUP(XLOOKUP(J8,'食譜'!$B:$B,'食譜'!$P:$P,""),'食材'!$B:$B,'食材'!$D:$D,"")} | L16: {=XLOOKUP(J8,'食譜'!$B:$B,'食譜'!$Q:$Q,"")} | N16: {=XLOOKUP(XLOOKUP(N8,'食譜'!$B:$B,'食譜'!$P:$P,""),'食材'!$B:$B,'食材'!$D:$D,"")} | P16: {=XLOOKUP(N8,'食譜'!$B:$B,'食譜'!$Q:$Q,"")} | R16: {=XLOOKUP(XLOOKUP(R8,'食譜'!$B:$B,'食譜'!$P:$P,""),'食材'!$B:$B,'食材'!$D:$D,"")} | T16: {=XLOOKUP(R8,'食譜'!$B:$B,'食譜'!$Q:$Q,"")} | V16: {=XLOOKUP(XLOOKUP(V8,'食譜'!$B:$B,'食譜'!$P:$P,""),'食材'!$B:$B,'食材'!$D:$D,"")} | X16: {=XLOOKUP(V8,'食譜'!$B:$B,'食譜'!$Q:$Q,"")} | Z16: {=XLOOKUP(XLOOKUP(Z8,'食譜'!$B:$B,'食譜'!$P:$P,""),'食材'!$B:$B,'食材'!$D:$D,"")} | AB16: {=XLOOKUP(Z8,'食譜'!$B:$B,'食譜'!$Q:$Q,"")} | AD16: {=XLOOKUP(XLOOKUP(AD8,'食譜'!$B:$B,'食譜'!$P:$P,""),'食材'!$B:$B,'食材'!$D:$D,"")} | AF16: {=XLOOKUP(AD8,'食譜'!$B:$B,'食譜'!$Q:$Q,"")} | AH16: {=XLOOKUP(XLOOKUP(AH8,'食譜'!$B:$B,'食譜'!$P:$P,""),'食材'!$B:$B,'食材'!$D:$D,"")} | AJ16: {=XLOOKUP(AH8,'食譜'!$B:$B,'食譜'!$Q:$Q,"")} | AL16: {=XLOOKUP(XLOOKUP(AL8,'食譜'!$B:$B,'食譜'!$P:$P,""),'食材'!$B:$B,'食材'!$D:$D,"")} | AN16: {=XLOOKUP(AL8,'食譜'!$B:$B,'食譜'!$Q:$Q,"")} | AP16: {=XLOOKUP(XLOOKUP(AP8,'食譜'!$B:$B,'食譜'!$P:$P,""),'食材'!$B:$B,'食材'!$D:$D,"")} | AR16: {=XLOOKUP(AP8,'食譜'!$B:$B,'食譜'!$Q:$Q,"")} -> 4 | AT16: {=XLOOKUP(XLOOKUP(AT8,'食譜'!$B:$B,'食譜'!$P:$P,""),'食材'!$B:$B,'食材'!$D:$D,"")} | AV16: {=XLOOKUP(AT8,'食譜'!$B:$B,'食譜'!$Q:$Q,"")} | AX16: {=XLOOKUP(XLOOKUP(AX8,'食譜'!$B:$B,'食譜'!$P:$P,""),'食材'!$B:$B,'食材'!$D:$D,"")} | AZ16: {=XLOOKUP(AX8,'食譜'!$B:$B,'食譜'!$Q:$Q,"")} -> 4 | BB16: {=XLOOKUP(XLOOKUP(BB8,'食譜'!$B:$B,'食譜'!$P:$P,""),'食材'!$B:$B,'食材'!$D:$D,"")} | BD16: {=XLOOKUP(BB8,'食譜'!$B:$B,'食譜'!$Q:$Q,"")} | BF16: {=XLOOKUP(XLOOKUP(BF8,'食譜'!$B:$B,'食譜'!$P:$P,""),'食材'!$B:$B,'食材'!$D:$D,"")} | BH16: {=XLOOKUP(BF8,'食譜'!$B:$B,'食譜'!$Q:$Q,"")} | BJ16: {=XLOOKUP(XLOOKUP(BJ8,'食譜'!$B:$B,'食譜'!$P:$P,""),'食材'!$B:$B,'食材'!$D:$D,"")} | BL16: {=XLOOKUP(BJ8,'食譜'!$B:$B,'食譜'!$Q:$Q,"")} | BN16: {=XLOOKUP(XLOOKUP(BN8,'食譜'!$B:$B,'食譜'!$P:$P,""),'食材'!$B:$B,'食材'!$D:$D,"")} | BP16: {=XLOOKUP(BN8,'食譜'!$B:$B,'食譜'!$Q:$Q,"")} | BR16: {=XLOOKUP(XLOOKUP(BR8,'食譜'!$B:$B,'食譜'!$P:$P,""),'食材'!$B:$B,'食材'!$D:$D,"")} | BT16: {=XLOOKUP(BR8,'食譜'!$B:$B,'食譜'!$Q:$Q,"")} -> 10 | BV16: {=XLOOKUP(XLOOKUP(BV8,'食譜'!$B:$B,'食譜'!$P:$P,""),'食材'!$B:$B,'食材'!$D:$D,"")} | BX16: {=XLOOKUP(BV8,'食譜'!$B:$B,'食譜'!$Q:$Q,"")} -> 5 | BZ16: {=XLOOKUP(XLOOKUP(BZ8,'食譜'!$B:$B,'食譜'!$P:$P,""),'食材'!$B:$B,'食材'!$D:$D,"")} | CB16: {=XLOOKUP(BZ8,'食譜'!$B:$B,'食譜'!$Q:$Q,"")} -> 12 | CD16: {=XLOOKUP(XLOOKUP(CD8,'食譜'!$B:$B,'食譜'!$P:$P,""),'食材'!$B:$B,'食材'!$D:$D,"")} | CF16: {=XLOOKUP(CD8,'食譜'!$B:$B,'食譜'!$Q:$Q,"")} -> 25 | CH16: {=XLOOKUP(XLOOKUP(CH8,'食譜'!$B:$B,'食譜'!$P:$P,""),'食材'!$B:$B,'食材'!$D:$D,"")} | CJ16: {=XLOOKUP(CH8,'食譜'!$B:$B,'食譜'!$Q:$Q,"")} -> 16 | CL16: {=XLOOKUP(XLOOKUP(CL8,'食譜'!$B:$B,'食譜'!$P:$P,""),'食材'!$B:$B,'食材'!$D:$D,"")} | CN16: {=XLOOKUP(CL8,'食譜'!$B:$B,'食譜'!$Q:$Q,"")} -> 22 | CP16: {=XLOOKUP(XLOOKUP(CP8,'食譜'!$B:$B,'食譜'!$P:$P,""),'食材'!$B:$B,'食材'!$D:$D,"")} | CR16: {=XLOOKUP(CP8,'食譜'!$B:$B,'食譜'!$Q:$Q,"")} -> 32 | DG16: {=XLOOKUP(DK16,'食材'!$B:$B,'食材'!$D:$D,"")} | DI16: {=XLOOKUP(DK16,'食材'!$B:$B,'食材'!$F:$F,"")} -> 115 | DK16: 特選蛋
F18: {=XLOOKUP(F8,'食譜'!$B:$B,'食譜'!$D:$D,"")} -> 7 | J18: {=XLOOKUP(J8,'食譜'!$B:$B,'食譜'!$D:$D,"")} -> 7 | N18: {=XLOOKUP(N8,'食譜'!$B:$B,'食譜'!$D:$D,"")} -> 7 | R18: {=XLOOKUP(R8,'食譜'!$B:$B,'食譜'!$D:$D,"")} -> 7 | V18: {=XLOOKUP(V8,'食譜'!$B:$B,'食譜'!$D:$D,"")} -> 16 | Z18: {=XLOOKUP(Z8,'食譜'!$B:$B,'食譜'!$D:$D,"")} -> 15 | AD18: {=XLOOKUP(AD8,'食譜'!$B:$B,'食譜'!$D:$D,"")} -> 15 | AH18: {=XLOOKUP(AH8,'食譜'!$B:$B,'食譜'!$D:$D,"")} -> 16 | AL18: {=XLOOKUP(AL8,'食譜'!$B:$B,'食譜'!$D:$D,"")} -> 22 | AP18: {=XLOOKUP(AP8,'食譜'!$B:$B,'食譜'!$D:$D,"")} -> 26 | AT18: {=XLOOKUP(AT8,'食譜'!$B:$B,'食譜'!$D:$D,"")} -> 23 | AX18: {=XLOOKUP(AX8,'食譜'!$B:$B,'食譜'!$D:$D,"")} -> 35 | BB18: {=XLOOKUP(BB8,'食譜'!$B:$B,'食譜'!$D:$D,"")} -> 30 | BF18: {=XLOOKUP(BF8,'食譜'!$B:$B,'食譜'!$D:$D,"")} -> 33 | BJ18: {=XLOOKUP(BJ8,'食譜'!$B:$B,'食譜'!$D:$D,"")} -> 32 | BN18: {=XLOOKUP(BN8,'食譜'!$B:$B,'食譜'!$D:$D,"")} -> 33 | BR18: {=XLOOKUP(BR8,'食譜'!$B:$B,'食譜'!$D:$D,"")} -> 55 | BV18: {=XLOOKUP(BV8,'食譜'!$B:$B,'食譜'!$D:$D,"")} -> 50 | BZ18: {=XLOOKUP(BZ8,'食譜'!$B:$B,'食譜'!$D:$D,"")} -> 77 | CD18: {=XLOOKUP(CD8,'食譜'!$B:$B,'食譜'!$D:$D,"")} -> 69 | CH18: {=XLOOKUP(CH8,'食譜'!$B:$B,'食譜'!$D:$D,"")} -> 92 | CL18: {=XLOOKUP(CL8,'食譜'!$B:$B,'食譜'!$D:$D,"")} -> 101 | CP18: {=XLOOKUP(CP8,'食譜'!$B:$B,'食譜'!$D:$D,"")} -> 115 | DG18: {=XLOOKUP(DK18,'食材'!$B:$B,'食材'!$D:$D,"")} | DI18: {=XLOOKUP(DK18,'食材'!$B:$B,'食材'!$F:$F,"")} -> 121 | DK18: 純粹油
DG20: {=XLOOKUP(DK20,'食材'!$B:$B,'食材'!$D:$D,"")} | DI20: {=XLOOKUP(DK20,'食材'!$B:$B,'食材'!$F:$F,"")} -> 124 | DK20: 窩心洋芋
B22: {=XLOOKUP("拌拌沙拉",'食譜'!B:B,'食譜'!A:A,"")} | F22: {=XLOOKUP(F28,'食譜'!$B:$B,'食譜'!$F:$F,"")} -> 0.19 | J22: {=XLOOKUP(J28,'食譜'!$B:$B,'食譜'!$F:$F,"")} -> 0.19 | N22: {=XLOOKUP(N28,'食譜'!$B:$B,'食譜'!$F:$F,"")} -> 0.19 | R22: {=XLOOKUP(R28,'食譜'!$B:$B,'食譜'!$F:$F,"")} -> 0.19 | V22: {=XLOOKUP(V28,'食譜'!$B:$B,'食譜'!$F:$F,"")} -> 0.19 | Z22: {=XLOOKUP(Z28,'食譜'!$B:$B,'食譜'!$F:$F,"")} -> 0.21 | AD22: {=XLOOKUP(AD28,'食譜'!$B:$B,'食譜'!$F:$F,"")} -> 0.25 | AH22: {=XLOOKUP(AH28,'食譜'!$B:$B,'食譜'!$F:$F,"")} -> 0.19 | AL22: {=XLOOKUP(AL28,'食譜'!$B:$B,'食譜'!$F:$F,"")} -> 0.21 | AP22: {=XLOOKUP(AP28,'食譜'!$B:$B,'食譜'!$F:$F,"")} -> 0.2 | AT22: {=XLOOKUP(AT28,'食譜'!$B:$B,'食譜'!$F:$F,"")} -> 0.25 | AX22: {=XLOOKUP(AX28,'食譜'!$B:$B,'食譜'!$F:$F,"")} -> 0.21 | BB22: {=XLOOKUP(BB28,'食譜'!$B:$B,'食譜'!$F:$F,"")} -> 0.25 | BF22: {=XLOOKUP(BF28,'食譜'!$B:$B,'食譜'!$F:$F,"")} -> 0.25 | BJ22: {=XLOOKUP(BJ28,'食譜'!$B:$B,'食譜'!$F:$F,"")} -> 0.25 | BN22: {=XLOOKUP(BN28,'食譜'!$B:$B,'食譜'!$F:$F,"")} -> 0.35 | BR22: {=XLOOKUP(BR28,'食譜'!$B:$B,'食譜'!$F:$F,"")} -> 0.48 | BV22: {=XLOOKUP(BV28,'食譜'!$B:$B,'食譜'!$F:$F,"")} -> 0.25 | BZ22: {=XLOOKUP(BZ28,'食譜'!$B:$B,'食譜'!$F:$F,"")} -> 0.35 | CD22: {=XLOOKUP(CD28,'食譜'!$B:$B,'食譜'!$F:$F,"")} -> 0.48 | CH22: {=XLOOKUP(CH28,'食譜'!$B:$B,'食譜'!$F:$F,"")} -> 0.48 | CL22: {=XLOOKUP(CL28,'食譜'!$B:$B,'食譜'!$F:$F,"")} -> 0.48 | CP22: {=XLOOKUP(CP28,'食譜'!$B:$B,'食譜'!$F:$F,"")} -> 0.78 | CT22: {=XLOOKUP(CT28,'食譜'!$B:$B,'食譜'!$F:$F,"")} -> 0.61 | CX22: {=XLOOKUP(CX28,'食譜'!$B:$B,'食譜'!$F:$F,"")} -> 0.78 | DB22: {=XLOOKUP(DB28,'食譜'!$B:$B,'食譜'!$F:$F,"")} -> 0.61 | DG22: {=XLOOKUP(DK22,'食材'!$B:$B,'食材'!$D:$D,"")} | DI22: {=XLOOKUP(DK22,'食材'!$B:$B,'食材'!$F:$F,"")} -> 130 | DK22: 火辣香草
F24: {=XLOOKUP(F28,'食譜'!$B:$B,'食譜'!$H:$H,"")} -> 855 | J24: {=XLOOKUP(J28,'食譜'!$B:$B,'食譜'!$H:$H,"")} -> 978 | N24: {=XLOOKUP(N28,'食譜'!$B:$B,'食譜'!$H:$H,"")} -> 1045 | R24: {=XLOOKUP(R28,'食譜'!$B:$B,'食譜'!$H:$H,"")} -> 1898 | V24: {=XLOOKUP(V28,'食譜'!$B:$B,'食譜'!$H:$H,"")} -> 2114 | Z24: {=XLOOKUP(Z28,'食譜'!$B:$B,'食譜'!$H:$H,"")} -> 2655 | AD24: {=XLOOKUP(AD28,'食譜'!$B:$B,'食譜'!$H:$H,"")} -> 2785 | AH24: {=XLOOKUP(AH28,'食譜'!$B:$B,'食譜'!$H:$H,"")} -> 2845 | AL24: {=XLOOKUP(AL28,'食譜'!$B:$B,'食譜'!$H:$H,"")} -> 2942 | AP24: {=XLOOKUP(AP28,'食譜'!$B:$B,'食譜'!$H:$H,"")} -> 3046 | AT24: {=XLOOKUP(AT28,'食譜'!$B:$B,'食譜'!$H:$H,"")} -> 3113 | AX24: {=XLOOKUP(AX28,'食譜'!$B:$B,'食譜'!$H:$H,"")} -> 3665 | BB24: {=XLOOKUP(BB28,'食譜'!$B:$B,'食譜'!$H:$H,"")} -> 5040 | BF24: {=XLOOKUP(BF28,'食譜'!$B:$B,'食譜'!$H:$H,"")} -> 5225 | BJ24: {=XLOOKUP(BJ28,'食譜'!$B:$B,'食譜'!$H:$H,"")} -> 5859 | BN24: {=XLOOKUP(BN28,'食譜'!$B:$B,'食譜'!$H:$H,"")} -> 7125 | BR24: {=XLOOKUP(BR28,'食譜'!$B:$B,'食譜'!$H:$H,"")} -> 7675 | BV24: {=XLOOKUP(BV28,'食譜'!$B:$B,'食譜'!$H:$H,"")} -> 8169 | BZ24: {=XLOOKUP(BZ28,'食譜'!$B:$B,'食譜'!$H:$H,"")} -> 8755 | CD24: {=XLOOKUP(CD28,'食譜'!$B:$B,'食譜'!$H:$H,"")} -> 11393 | CH24: {=XLOOKUP(CH28,'食譜'!$B:$B,'食譜'!$H:$H,"")} -> 11659 | CL24: {=XLOOKUP(CL28,'食譜'!$B:$B,'食譜'!$H:$H,"")} -> 11881 | CP24: {=XLOOKUP(CP28,'食譜'!$B:$B,'食譜'!$H:$H,"")} -> 19293 | CT24: {=XLOOKUP(CT28,'食譜'!$B:$B,'食譜'!$H:$H,"")} -> 20218 | CX24: {=XLOOKUP(CX28,'食譜'!$B:$B,'食譜'!$H:$H,"")} -> 25162 | DB24: {=XLOOKUP(DB28,'食譜'!$B:$B,'食譜'!$H:$H,"")} -> 25356 | DG24: {=XLOOKUP(DK24,'食材'!$B:$B,'食材'!$D:$D,"")} | DI24: {=XLOOKUP(DK24,'食材'!$B:$B,'食材'!$F:$F,"")} -> 140 | DK24: 萌綠玉米
F25: {=XLOOKUP(F28,'食譜'!$B:$B,'食譜'!$A:$A,"")} | J25: {=XLOOKUP(J28,'食譜'!$B:$B,'食譜'!$A:$A,"")} | N25: {=XLOOKUP(N28,'食譜'!$B:$B,'食譜'!$A:$A,"")} | R25: {=XLOOKUP(R28,'食譜'!$B:$B,'食譜'!$A:$A,"")} | V25: {=XLOOKUP(V28,'食譜'!$B:$B,'食譜'!$A:$A,"")} | Z25: {=XLOOKUP(Z28,'食譜'!$B:$B,'食譜'!$A:$A,"")} | AD25: {=XLOOKUP(AD28,'食譜'!$B:$B,'食譜'!$A:$A,"")} | AH25: {=XLOOKUP(AH28,'食譜'!$B:$B,'食譜'!$A:$A,"")} | AL25: {=XLOOKUP(AL28,'食譜'!$B:$B,'食譜'!$A:$A,"")} | AP25: {=XLOOKUP(AP28,'食譜'!$B:$B,'食譜'!$A:$A,"")} | AT25: {=XLOOKUP(AT28,'食譜'!$B:$B,'食譜'!$A:$A,"")} | AX25: {=XLOOKUP(AX28,'食譜'!$B:$B,'食譜'!$A:$A,"")} | BB25: {=XLOOKUP(BB28,'食譜'!$B:$B,'食譜'!$A:$A,"")} | BF25: {=XLOOKUP(BF28,'食譜'!$B:$B,'食譜'!$A:$A,"")} | BJ25: {=XLOOKUP(BJ28,'食譜'!$B:$B,'食譜'!$A:$A,"")} | BN25: {=XLOOKUP(BN28,'食譜'!$B:$B,'食譜'!$A:$A,"")} | BR25: {=XLOOKUP(BR28,'食譜'!$B:$B,'食譜'!$A:$A,"")} | BV25: {=XLOOKUP(BV28,'食譜'!$B:$B,'食譜'!$A:$A,"")} | BZ25: {=XLOOKUP(BZ28,'食譜'!$B:$B,'食譜'!$A:$A,"")} | CD25: {=XLOOKUP(CD28,'食譜'!$B:$B,'食譜'!$A:$A,"")} | CH25: {=XLOOKUP(CH28,'食譜'!$B:$B,'食譜'!$A:$A,"")} | CL25: {=XLOOKUP(CL28,'食譜'!$B:$B,'食譜'!$A:$A,"")} | CP25: {=XLOOKUP(CP28,'食譜'!$B:$B,'食譜'!$A:$A,"")} | CT25: {=XLOOKUP(CT28,'食譜'!$B:$B,'食譜'!$A:$A,"")} | CX25: {=XLOOKUP(CX28,'食譜'!$B:$B,'食譜'!$A:$A,"")} | DB25: {=XLOOKUP(DB28,'食譜'!$B:$B,'食譜'!$A:$A,"")}
DG26: {=XLOOKUP(DK26,'食材'!$B:$B,'食材'!$D:$D,"")} | DI26: {=XLOOKUP(DK26,'食材'!$B:$B,'食材'!$F:$F,"")} -> 151 | DK26: 放鬆可可
F28: =IFERROR(__xludf.DUMMYFUNCTION("SPLIT(TEXTJOIN("""",TRUE,TOROW(FILTER('食譜'!$B:$B&""----"", '食譜'!$E:$E=""沙拉"",'食譜'!$B:$B<>""拌拌沙拉"")),"""","""",""""),""-"",TRUE,FALSE)"),"特選蘋果沙拉") -> 特選蘋果沙拉 | J28: =IFERROR(__xludf.DUMMYFUNCTION("""COMPUTED_VALUE"""),"豆製火腿沙拉") -> 豆製火腿沙拉 | N28: =IFERROR(__xludf.DUMMYFUNCTION("""COMPUTED_VALUE"""),"好眠番茄沙拉") -> 好眠番茄沙拉 | R28: =IFERROR(__xludf.DUMMYFUNCTION("""COMPUTED_VALUE"""),"撥雪凱薩沙拉") -> 撥雪凱薩沙拉 | V28: =IFERROR(__xludf.DUMMYFUNCTION("""COMPUTED_VALUE"""),"熱風豆腐沙拉") -> 熱風豆腐沙拉 | Z28: =IFERROR(__xludf.DUMMYFUNCTION("""COMPUTED_VALUE"""),"迷人蘋果起司沙拉") -> 迷人蘋果起司沙拉 | AD28: =IFERROR(__xludf.DUMMYFUNCTION("""COMPUTED_VALUE"""),"亂擊玉米沙拉") -> 亂擊玉米沙拉 | AH28: =IFERROR(__xludf.DUMMYFUNCTION("""COMPUTED_VALUE"""),"免疫蔥花沙拉") -> 免疫蔥花沙拉 | AL28: =IFERROR(__xludf.DUMMYFUNCTION("""COMPUTED_VALUE"""),"哞哞起司番茄沙拉") -> 哞哞起司番茄沙拉 | AP28: =IFERROR(__xludf.DUMMYFUNCTION("""COMPUTED_VALUE"""),"蠻力豪邁沙拉") -> 蠻力豪邁沙拉 | AT28: =IFERROR(__xludf.DUMMYFUNCTION("""COMPUTED_VALUE"""),"濕潤豆腐沙拉") -> 濕潤豆腐沙拉 | AX28: =IFERROR(__xludf.DUMMYFUNCTION("""COMPUTED_VALUE"""),"心情不定肉沙拉淋巧克力醬") -> 心情不定肉沙拉淋巧克力醬 | BB28: =IFERROR(__xludf.DUMMYFUNCTION("""COMPUTED_VALUE"""),"貪吃鬼洋芋沙拉") -> 貪吃鬼洋芋沙拉 | BF28: =IFERROR(__xludf.DUMMYFUNCTION("""COMPUTED_VALUE"""),"過熱沙拉") -> 過熱沙拉 | BJ28: =IFERROR(__xludf.DUMMYFUNCTION("""COMPUTED_VALUE"""),"蘑菇孢子沙拉") -> 蘑菇孢子沙拉 | BN28: =IFERROR(__xludf.DUMMYFUNCTION("""COMPUTED_VALUE"""),"碎裂酪梨沙拉") -> 碎裂酪梨沙拉 | BR28: =IFERROR(__xludf.DUMMYFUNCTION("""COMPUTED_VALUE"""),"冥想香甜沙拉") -> 冥想香甜沙拉 | BV28: =IFERROR(__xludf.DUMMYFUNCTION("""COMPUTED_VALUE"""),"呆呆獸尾巴的胡椒沙拉") -> 呆呆獸尾巴的胡椒沙拉 | BZ28: =IFERROR(__xludf.DUMMYFUNCTION("""COMPUTED_VALUE"""),"十字切碎丁沙拉") -> 十字切碎丁沙拉 | CD28: =IFERROR(__xludf.DUMMYFUNCTION("""COMPUTED_VALUE"""),"萌綠沙拉") -> 萌綠沙拉 | CH28: =IFERROR(__xludf.DUMMYFUNCTION("""COMPUTED_VALUE"""),"忍者沙拉") -> 忍者沙拉 | CL28: =IFERROR(__xludf.DUMMYFUNCTION("""COMPUTED_VALUE"""),"落英繽紛含羞草蛋沙拉") -> 落英繽紛含羞草蛋沙拉 | CP28: =IFERROR(__xludf.DUMMYFUNCTION("""COMPUTED_VALUE"""),"蘋果酸優格沙拉") -> 蘋果酸優格沙拉 | CT28: =IFERROR(__xludf.DUMMYFUNCTION("""COMPUTED_VALUE"""),"不服輸咖啡沙拉") -> 不服輸咖啡沙拉 | CX28: =IFERROR(__xludf.DUMMYFUNCTION("""COMPUTED_VALUE"""),"重踏酪梨醬脆片") -> 重踏酪梨醬脆片 | DB28: =IFERROR(__xludf.DUMMYFUNCTION("""COMPUTED_VALUE"""),"大塊滿滿熱水沙拉") -> 大塊滿滿熱水沙拉 | DG28: {=XLOOKUP(DK28,'食材'!$B:$B,'食材'!$D:$D,"")} | DI28: {=XLOOKUP(DK28,'食材'!$B:$B,'食材'!$F:$F,"")} -> 153 | DK28: 醒腦咖啡豆
F30: {=XLOOKUP(XLOOKUP(F28,'食譜'!$B:$B,'食譜'!$J:$J,""),'食材'!$B:$B,'食材'!$D:$D,"")} | H30: {=XLOOKUP(F28,'食譜'!$B:$B,'食譜'!$K:$K,"")} -> 8 | J30: {=XLOOKUP(XLOOKUP(J28,'食譜'!$B:$B,'食譜'!$J:$J,""),'食材'!$B:$B,'食材'!$D:$D,"")} | L30: {=XLOOKUP(J28,'食譜'!$B:$B,'食譜'!$K:$K,"")} -> 8 | N30: {=XLOOKUP(XLOOKUP(N28,'食譜'!$B:$B,'食譜'!$J:$J,""),'食材'!$B:$B,'食材'!$D:$D,"")} | P30: {=XLOOKUP(N28,'食譜'!$B:$B,'食譜'!$K:$K,"")} -> 8 | R30: {=XLOOKUP(XLOOKUP(R28,'食譜'!$B:$B,'食譜'!$J:$J,""),'食材'!$B:$B,'食材'!$D:$D,"")} | T30: {=XLOOKUP(R28,'食譜'!$B:$B,'食譜'!$K:$K,"")} -> 10 | V30: {=XLOOKUP(XLOOKUP(V28,'食譜'!$B:$B,'食譜'!$J:$J,""),'食材'!$B:$B,'食材'!$D:$D,"")} | X30: {=XLOOKUP(V28,'食譜'!$B:$B,'食譜'!$K:$K,"")} -> 10 | Z30: {=XLOOKUP(XLOOKUP(Z28,'食譜'!$B:$B,'食譜'!$J:$J,""),'食材'!$B:$B,'食材'!$D:$D,"")} | AB30: {=XLOOKUP(Z28,'食譜'!$B:$B,'食譜'!$K:$K,"")} -> 15 | AD30: {=XLOOKUP(XLOOKUP(AD28,'食譜'!$B:$B,'食譜'!$J:$J,""),'食材'!$B:$B,'食材'!$D:$D,"")} | AF30: {=XLOOKUP(AD28,'食譜'!$B:$B,'食譜'!$K:$K,"")} -> 9 | AH30: {=XLOOKUP(XLOOKUP(AH28,'食譜'!$B:$B,'食譜'!$J:$J,""),'食材'!$B:$B,'食材'!$D:$D,"")} | AJ30: {=XLOOKUP(AH28,'食譜'!$B:$B,'食譜'!$K:$K,"")} -> 10 | AL30: {=XLOOKUP(XLOOKUP(AL28,'食譜'!$B:$B,'食譜'!$J:$J,""),'食材'!$B:$B,'食材'!$D:$D,"")} | AN30: {=XLOOKUP(AL28,'食譜'!$B:$B,'食譜'!$K:$K,"")} -> 12 | AP30: {=XLOOKUP(XLOOKUP(AP28,'食譜'!$B:$B,'食譜'!$J:$J,""),'食材'!$B:$B,'食材'!$D:$D,"")} | AR30: {=XLOOKUP(AP28,'食譜'!$B:$B,'食譜'!$K:$K,"")} -> 9 | AT30: {=XLOOKUP(XLOOKUP(AT28,'食譜'!$B:$B,'食譜'!$J:$J,""),'食材'!$B:$B,'食材'!$D:$D,"")} | AV30: {=XLOOKUP(AT28,'食譜'!$B:$B,'食譜'!$K:$K,"")} -> 15 | AX30: {=XLOOKUP(XLOOKUP(AX28,'食譜'!$B:$B,'食譜'!$J:$J,""),'食材'!$B:$B,'食材'!$D:$D,"")} | AZ30: {=XLOOKUP(AX28,'食譜'!$B:$B,'食譜'!$K:$K,"")} -> 14 | BB30: {=XLOOKUP(XLOOKUP(BB28,'食譜'!$B:$B,'食譜'!$J:$J,""),'食材'!$B:$B,'食材'!$D:$D,"")} | BD30: {=XLOOKUP(BB28,'食譜'!$B:$B,'食譜'!$K:$K,"")} -> 14 | BF30: {=XLOOKUP(XLOOKUP(BF28,'食譜'!$B:$B,'食譜'!$J:$J,""),'食材'!$B:$B,'食材'!$D:$D,"")} | BH30: {=XLOOKUP(BF28,'食譜'!$B:$B,'食譜'!$K:$K,"")} -> 17 | BJ30: {=XLOOKUP(XLOOKUP(BJ28,'食譜'!$B:$B,'食譜'!$J:$J,""),'食材'!$B:$B,'食材'!$D:$D,"")} | BL30: {=XLOOKUP(BJ28,'食譜'!$B:$B,'食譜'!$K:$K,"")} -> 17 | BN30: {=XLOOKUP(XLOOKUP(BN28,'食譜'!$B:$B,'食譜'!$J:$J,""),'食材'!$B:$B,'食材'!$D:$D,"")} | BP30: {=XLOOKUP(BN28,'食譜'!$B:$B,'食譜'!$K:$K,"")} -> 14 | BR30: {=XLOOKUP(XLOOKUP(BR28,'食譜'!$B:$B,'食譜'!$J:$J,""),'食材'!$B:$B,'食材'!$D:$D,"")} | BT30: {=XLOOKUP(BR28,'食譜'!$B:$B,'食譜'!$K:$K,"")} -> 21 | BV30: {=XLOOKUP(XLOOKUP(BV28,'食譜'!$B:$B,'食譜'!$J:$J,""),'食材'!$B:$B,'食材'!$D:$D,"")} | BX30: {=XLOOKUP(BV28,'食譜'!$B:$B,'食譜'!$K:$K,"")} -> 15 | BZ30: {=XLOOKUP(XLOOKUP(BZ28,'食譜'!$B:$B,'食譜'!$J:$J,""),'食材'!$B:$B,'食材'!$D:$D,"")} | CB30: {=XLOOKUP(BZ28,'食譜'!$B:$B,'食譜'!$K:$K,"")} -> 20 | CD30: {=XLOOKUP(XLOOKUP(CD28,'食譜'!$B:$B,'食譜'!$J:$J,""),'食材'!$B:$B,'食材'!$D:$D,"")} | CF30: {=XLOOKUP(CD28,'食譜'!$B:$B,'食譜'!$K:$K,"")} -> 22 | CH30: {=XLOOKUP(XLOOKUP(CH28,'食譜'!$B:$B,'食譜'!$J:$J,""),'食材'!$B:$B,'食材'!$D:$D,"")} | CJ30: {=XLOOKUP(CH28,'食譜'!$B:$B,'食譜'!$K:$K,"")} -> 19 | CL30: {=XLOOKUP(XLOOKUP(CL28,'食譜'!$B:$B,'食譜'!$J:$J,""),'食材'!$B:$B,'食材'!$D:$D,"")} | CN30: {=XLOOKUP(CL28,'食譜'!$B:$B,'食譜'!$K:$K,"")} -> 25 | CP30: {=XLOOKUP(XLOOKUP(CP28,'食譜'!$B:$B,'食譜'!$J:$J,""),'食材'!$B:$B,'食材'!$D:$D,"")} | CR30: {=XLOOKUP(CP28,'食譜'!$B:$B,'食譜'!$K:$K,"")} -> 35 | CT30: {=XLOOKUP(XLOOKUP(CT28,'食譜'!$B:$B,'食譜'!$J:$J,""),'食材'!$B:$B,'食材'!$D:$D,"")} | CV30: {=XLOOKUP(CT28,'食譜'!$B:$B,'食譜'!$K:$K,"")} -> 28 | CX30: {=XLOOKUP(XLOOKUP(CX28,'食譜'!$B:$B,'食譜'!$J:$J,""),'食材'!$B:$B,'食材'!$D:$D,"")} | CZ30: {=XLOOKUP(CX28,'食譜'!$B:$B,'食譜'!$K:$K,"")} -> 28 | DB30: {=XLOOKUP(XLOOKUP(DB28,'食譜'!$B:$B,'食譜'!$J:$J,""),'食材'!$B:$B,'食材'!$D:$D,"")} | DD30: {=XLOOKUP(DB28,'食譜'!$B:$B,'食譜'!$K:$K,"")} -> 20 | DG30: {=XLOOKUP(DK30,'食材'!$B:$B,'食材'!$D:$D,"")} | DI30: {=XLOOKUP(DK30,'食材'!$B:$B,'食材'!$F:$F,"")} -> 162 | DK30: 嫩亮酪梨
F32: {=XLOOKUP(XLOOKUP(F28,'食譜'!$B:$B,'食譜'!$L:$L,""),'食材'!$B:$B,'食材'!$D:$D,"")} | H32: {=XLOOKUP(F28,'食譜'!$B:$B,'食譜'!$M:$M,"")} | J32: {=XLOOKUP(XLOOKUP(J28,'食譜'!$B:$B,'食譜'!$L:$L,""),'食材'!$B:$B,'食材'!$D:$D,"")} | L32: {=XLOOKUP(J28,'食譜'!$B:$B,'食譜'!$M:$M,"")} | N32: {=XLOOKUP(XLOOKUP(N28,'食譜'!$B:$B,'食譜'!$L:$L,""),'食材'!$B:$B,'食材'!$D:$D,"")} | P32: {=XLOOKUP(N28,'食譜'!$B:$B,'食譜'!$M:$M,"")} | R32: {=XLOOKUP(XLOOKUP(R28,'食譜'!$B:$B,'食譜'!$L:$L,""),'食材'!$B:$B,'食材'!$D:$D,"")} | T32: {=XLOOKUP(R28,'食譜'!$B:$B,'食譜'!$M:$M,"")} -> 6 | V32: {=XLOOKUP(XLOOKUP(V28,'食譜'!$B:$B,'食譜'!$L:$L,""),'食材'!$B:$B,'食材'!$D:$D,"")} | X32: {=XLOOKUP(V28,'食譜'!$B:$B,'食譜'!$M:$M,"")} -> 6 | Z32: {=XLOOKUP(XLOOKUP(Z28,'食譜'!$B:$B,'食譜'!$L:$L,""),'食材'!$B:$B,'食材'!$D:$D,"")} | AB32: {=XLOOKUP(Z28,'食譜'!$B:$B,'食譜'!$M:$M,"")} -> 5 | AD32: {=XLOOKUP(XLOOKUP(AD28,'食譜'!$B:$B,'食譜'!$L:$L,""),'食材'!$B:$B,'食材'!$D:$D,"")} | AF32: {=XLOOKUP(AD28,'食譜'!$B:$B,'食譜'!$M:$M,"")} -> 8 | AH32: {=XLOOKUP(XLOOKUP(AH28,'食譜'!$B:$B,'食譜'!$L:$L,""),'食材'!$B:$B,'食材'!$D:$D,"")} | AJ32: {=XLOOKUP(AH28,'食譜'!$B:$B,'食譜'!$M:$M,"")} -> 5 | AL32: {=XLOOKUP(XLOOKUP(AL28,'食譜'!$B:$B,'食譜'!$L:$L,""),'食材'!$B:$B,'食材'!$D:$D,"")} | AN32: {=XLOOKUP(AL28,'食譜'!$B:$B,'食譜'!$M:$M,"")} -> 6 | AP32: {=XLOOKUP(XLOOKUP(AP28,'食譜'!$B:$B,'食譜'!$L:$L,""),'食材'!$B:$B,'食材'!$D:$D,"")} | AR32: {=XLOOKUP(AP28,'食譜'!$B:$B,'食譜'!$M:$M,"")} -> 6 | AT32: {=XLOOKUP(XLOOKUP(AT28,'食譜'!$B:$B,'食譜'!$L:$L,""),'食材'!$B:$B,'食材'!$D:$D,"")} | AV32: {=XLOOKUP(AT28,'食譜'!$B:$B,'食譜'!$M:$M,"")} -> 9 | AX32: {=XLOOKUP(XLOOKUP(AX28,'食譜'!$B:$B,'食譜'!$L:$L,""),'食材'!$B:$B,'食材'!$D:$D,"")} | AZ32: {=XLOOKUP(AX28,'食譜'!$B:$B,'食譜'!$M:$M,"")} -> 9 | BB32: {=XLOOKUP(XLOOKUP(BB28,'食譜'!$B:$B,'食譜'!$L:$L,""),'食材'!$B:$B,'食材'!$D:$D,"")} | BD32: {=XLOOKUP(BB28,'食譜'!$B:$B,'食譜'!$M:$M,"")} -> 9 | BF32: {=XLOOKUP(XLOOKUP(BF28,'食譜'!$B:$B,'食譜'!$L:$L,""),'食材'!$B:$B,'食材'!$D:$D,"")} | BH32: {=XLOOKUP(BF28,'食譜'!$B:$B,'食譜'!$M:$M,"")} -> 10 | BJ32: {=XLOOKUP(XLOOKUP(BJ28,'食譜'!$B:$B,'食譜'!$L:$L,""),'食材'!$B:$B,'食材'!$D:$D,"")} | BL32: {=XLOOKUP(BJ28,'食譜'!$B:$B,'食譜'!$M:$M,"")} -> 8 | BN32: {=XLOOKUP(XLOOKUP(BN28,'食譜'!$B:$B,'食譜'!$L:$L,""),'食材'!$B:$B,'食材'!$D:$D,"")} | BP32: {=XLOOKUP(BN28,'食譜'!$B:$B,'食譜'!$M:$M,"")} -> 18 | BR32: {=XLOOKUP(XLOOKUP(BR28,'食譜'!$B:$B,'食譜'!$L:$L,""),'食材'!$B:$B,'食材'!$D:$D,"")} | BT32: {=XLOOKUP(BR28,'食譜'!$B:$B,'食譜'!$M:$M,"")} -> 16 | BV32: {=XLOOKUP(XLOOKUP(BV28,'食譜'!$B:$B,'食譜'!$L:$L,""),'食材'!$B:$B,'食材'!$D:$D,"")} | BX32: {=XLOOKUP(BV28,'食譜'!$B:$B,'食譜'!$M:$M,"")} -> 10 | BZ32: {=XLOOKUP(XLOOKUP(BZ28,'食譜'!$B:$B,'食譜'!$L:$L,""),'食材'!$B:$B,'食材'!$D:$D,"")} | CB32: {=XLOOKUP(BZ28,'食譜'!$B:$B,'食譜'!$M:$M,"")} -> 15 | CD32: {=XLOOKUP(XLOOKUP(CD28,'食譜'!$B:$B,'食譜'!$L:$L,""),'食材'!$B:$B,'食材'!$D:$D,"")} | CF32: {=XLOOKUP(CD28,'食譜'!$B:$B,'食譜'!$M:$M,"")} -> 17 | CH32: {=XLOOKUP(XLOOKUP(CH28,'食譜'!$B:$B,'食譜'!$L:$L,""),'食材'!$B:$B,'食材'!$D:$D,"")} | CJ32: {=XLOOKUP(CH28,'食譜'!$B:$B,'食譜'!$M:$M,"")} -> 15 | CL32: {=XLOOKUP(XLOOKUP(CL28,'食譜'!$B:$B,'食譜'!$L:$L,""),'食材'!$B:$B,'食材'!$D:$D,"")} | CN32: {=XLOOKUP(CL28,'食譜'!$B:$B,'食譜'!$M:$M,"")} -> 17 | CP32: {=XLOOKUP(XLOOKUP(CP28,'食譜'!$B:$B,'食譜'!$L:$L,""),'食材'!$B:$B,'食材'!$D:$D,"")} | CR32: {=XLOOKUP(CP28,'食譜'!$B:$B,'食譜'!$M:$M,"")} -> 28 | CT32: {=XLOOKUP(XLOOKUP(CT28,'食譜'!$B:$B,'食譜'!$L:$L,""),'食材'!$B:$B,'食材'!$D:$D,"")} | CV32: {=XLOOKUP(CT28,'食譜'!$B:$B,'食譜'!$M:$M,"")} -> 28 | CX32: {=XLOOKUP(XLOOKUP(CX28,'食譜'!$B:$B,'食譜'!$L:$L,""),'食材'!$B:$B,'食材'!$D:$D,"")} | CZ32: {=XLOOKUP(CX28,'食譜'!$B:$B,'食譜'!$M:$M,"")} -> 25 | DB32: {=XLOOKUP(XLOOKUP(DB28,'食譜'!$B:$B,'食譜'!$L:$L,""),'食材'!$B:$B,'食材'!$D:$D,"")} | DD32: {=XLOOKUP(DB28,'食譜'!$B:$B,'食譜'!$M:$M,"")} -> 30 | DG32: {=XLOOKUP(DK32,'食材'!$B:$B,'食材'!$D:$D,"")} | DI32: {=XLOOKUP(DK32,'食材'!$B:$B,'食材'!$F:$F,"")} -> 167 | DK32: 品鮮蘑菇
F34: {=XLOOKUP(XLOOKUP(F28,'食譜'!$B:$B,'食譜'!$N:$N,""),'食材'!$B:$B,'食材'!$D:$D,"")} | H34: {=XLOOKUP(F28,'食譜'!$B:$B,'食譜'!$O:$O,"")} | J34: {=XLOOKUP(XLOOKUP(J28,'食譜'!$B:$B,'食譜'!$N:$N,""),'食材'!$B:$B,'食材'!$D:$D,"")} | L34: {=XLOOKUP(J28,'食譜'!$B:$B,'食譜'!$O:$O,"")} | N34: {=XLOOKUP(XLOOKUP(N28,'食譜'!$B:$B,'食譜'!$N:$N,""),'食材'!$B:$B,'食材'!$D:$D,"")} | P34: {=XLOOKUP(N28,'食譜'!$B:$B,'食譜'!$O:$O,"")} | R34: {=XLOOKUP(XLOOKUP(R28,'食譜'!$B:$B,'食譜'!$N:$N,""),'食材'!$B:$B,'食材'!$D:$D,"")} | T34: {=XLOOKUP(R28,'食譜'!$B:$B,'食譜'!$O:$O,"")} | V34: {=XLOOKUP(XLOOKUP(V28,'食譜'!$B:$B,'食譜'!$N:$N,""),'食材'!$B:$B,'食材'!$D:$D,"")} | X34: {=XLOOKUP(V28,'食譜'!$B:$B,'食譜'!$O:$O,"")} | Z34: {=XLOOKUP(XLOOKUP(Z28,'食譜'!$B:$B,'食譜'!$N:$N,""),'食材'!$B:$B,'食材'!$D:$D,"")} | AB34: {=XLOOKUP(Z28,'食譜'!$B:$B,'食譜'!$O:$O,"")} -> 3 | AD34: {=XLOOKUP(XLOOKUP(AD28,'食譜'!$B:$B,'食譜'!$N:$N,""),'食材'!$B:$B,'食材'!$D:$D,"")} | AF34: {=XLOOKUP(AD28,'食譜'!$B:$B,'食譜'!$O:$O,"")} | AH34: {=XLOOKUP(XLOOKUP(AH28,'食譜'!$B:$B,'食譜'!$N:$N,""),'食材'!$B:$B,'食材'!$D:$D,"")} | AJ34: {=XLOOKUP(AH28,'食譜'!$B:$B,'食譜'!$O:$O,"")} | AL34: {=XLOOKUP(XLOOKUP(AL28,'食譜'!$B:$B,'食譜'!$N:$N,""),'食材'!$B:$B,'食材'!$D:$D,"")} | AN34: {=XLOOKUP(AL28,'食譜'!$B:$B,'食譜'!$O:$O,"")} -> 5 | AP34: {=XLOOKUP(XLOOKUP(AP28,'食譜'!$B:$B,'食譜'!$N:$N,""),'食材'!$B:$B,'食材'!$D:$D,"")} | AR34: {=XLOOKUP(AP28,'食譜'!$B:$B,'食譜'!$O:$O,"")} -> 5 | AT34: {=XLOOKUP(XLOOKUP(AT28,'食譜'!$B:$B,'食譜'!$N:$N,""),'食材'!$B:$B,'食材'!$D:$D,"")} | AV34: {=XLOOKUP(AT28,'食譜'!$B:$B,'食譜'!$O:$O,"")} | AX34: {=XLOOKUP(XLOOKUP(AX28,'食譜'!$B:$B,'食譜'!$N:$N,""),'食材'!$B:$B,'食材'!$D:$D,"")} | AZ34: {=XLOOKUP(AX28,'食譜'!$B:$B,'食譜'!$O:$O,"")} | BB34: {=XLOOKUP(XLOOKUP(BB28,'食譜'!$B:$B,'食譜'!$N:$N,""),'食材'!$B:$B,'食材'!$D:$D,"")} | BD34: {=XLOOKUP(BB28,'食譜'!$B:$B,'食譜'!$O:$O,"")} -> 7 | BF34: {=XLOOKUP(XLOOKUP(BF28,'食譜'!$B:$B,'食譜'!$N:$N,""),'食材'!$B:$B,'食材'!$D:$D,"")} | BH34: {=XLOOKUP(BF28,'食譜'!$B:$B,'食譜'!$O:$O,"")} -> 8 | BJ34: {=XLOOKUP(XLOOKUP(BJ28,'食譜'!$B:$B,'食譜'!$N:$N,""),'食材'!$B:$B,'食材'!$D:$D,"")} | BL34: {=XLOOKUP(BJ28,'食譜'!$B:$B,'食譜'!$O:$O,"")} -> 8 | BN34: {=XLOOKUP(XLOOKUP(BN28,'食譜'!$B:$B,'食譜'!$N:$N,""),'食材'!$B:$B,'食材'!$D:$D,"")} | BP34: {=XLOOKUP(BN28,'食譜'!$B:$B,'食譜'!$O:$O,"")} -> 10 | BR34: {=XLOOKUP(XLOOKUP(BR28,'食譜'!$B:$B,'食譜'!$N:$N,""),'食材'!$B:$B,'食材'!$D:$D,"")} | BT34: {=XLOOKUP(BR28,'食譜'!$B:$B,'食譜'!$O:$O,"")} -> 12 | BV34: {=XLOOKUP(XLOOKUP(BV28,'食譜'!$B:$B,'食譜'!$N:$N,""),'食材'!$B:$B,'食材'!$D:$D,"")} | BX34: {=XLOOKUP(BV28,'食譜'!$B:$B,'食譜'!$O:$O,"")} -> 10 | BZ34: {=XLOOKUP(XLOOKUP(BZ28,'食譜'!$B:$B,'食譜'!$N:$N,""),'食材'!$B:$B,'食材'!$D:$D,"")} | CB34: {=XLOOKUP(BZ28,'食譜'!$B:$B,'食譜'!$O:$O,"")} -> 11 | CD34: {=XLOOKUP(XLOOKUP(CD28,'食譜'!$B:$B,'食譜'!$N:$N,""),'食材'!$B:$B,'食材'!$D:$D,"")} | CF34: {=XLOOKUP(CD28,'食譜'!$B:$B,'食譜'!$O:$O,"")} -> 14 | CH34: {=XLOOKUP(XLOOKUP(CH28,'食譜'!$B:$B,'食譜'!$N:$N,""),'食材'!$B:$B,'食材'!$D:$D,"")} | CJ34: {=XLOOKUP(CH28,'食譜'!$B:$B,'食譜'!$O:$O,"")} -> 12 | CL34: {=XLOOKUP(XLOOKUP(CL28,'食譜'!$B:$B,'食譜'!$N:$N,""),'食材'!$B:$B,'食材'!$D:$D,"")} | CN34: {=XLOOKUP(CL28,'食譜'!$B:$B,'食譜'!$O:$O,"")} -> 15 | CP34: {=XLOOKUP(XLOOKUP(CP28,'食譜'!$B:$B,'食譜'!$N:$N,""),'食材'!$B:$B,'食材'!$D:$D,"")} | CR34: {=XLOOKUP(CP28,'食譜'!$B:$B,'食譜'!$O:$O,"")} -> 23 | CT34: {=XLOOKUP(XLOOKUP(CT28,'食譜'!$B:$B,'食譜'!$N:$N,""),'食材'!$B:$B,'食材'!$D:$D,"")} | CV34: {=XLOOKUP(CT28,'食譜'!$B:$B,'食譜'!$O:$O,"")} -> 22 | CX34: {=XLOOKUP(XLOOKUP(CX28,'食譜'!$B:$B,'食譜'!$N:$N,""),'食材'!$B:$B,'食材'!$D:$D,"")} | CZ34: {=XLOOKUP(CX28,'食譜'!$B:$B,'食譜'!$O:$O,"")} -> 30 | DB34: {=XLOOKUP(XLOOKUP(DB28,'食譜'!$B:$B,'食譜'!$N:$N,""),'食材'!$B:$B,'食材'!$D:$D,"")} | DD34: {=XLOOKUP(DB28,'食譜'!$B:$B,'食譜'!$O:$O,"")} -> 18 | DG34: {=XLOOKUP(DK34,'食材'!$B:$B,'食材'!$D:$D,"")} | DI34: {=XLOOKUP(DK34,'食材'!$B:$B,'食材'!$F:$F,"")} -> 185 | DK34: 粗枝大蔥
F36: {=XLOOKUP(XLOOKUP(F28,'食譜'!$B:$B,'食譜'!$P:$P,""),'食材'!$B:$B,'食材'!$D:$D,"")} | H36: {=XLOOKUP(F28,'食譜'!$B:$B,'食譜'!$Q:$Q,"")} | J36: {=XLOOKUP(XLOOKUP(J28,'食譜'!$B:$B,'食譜'!$P:$P,""),'食材'!$B:$B,'食材'!$D:$D,"")} | L36: {=XLOOKUP(J28,'食譜'!$B:$B,'食譜'!$Q:$Q,"")} | N36: {=XLOOKUP(XLOOKUP(N28,'食譜'!$B:$B,'食譜'!$P:$P,""),'食材'!$B:$B,'食材'!$D:$D,"")} | P36: {=XLOOKUP(N28,'食譜'!$B:$B,'食譜'!$Q:$Q,"")} | R36: {=XLOOKUP(XLOOKUP(R28,'食譜'!$B:$B,'食譜'!$P:$P,""),'食材'!$B:$B,'食材'!$D:$D,"")} | T36: {=XLOOKUP(R28,'食譜'!$B:$B,'食譜'!$Q:$Q,"")} | V36: {=XLOOKUP(XLOOKUP(V28,'食譜'!$B:$B,'食譜'!$P:$P,""),'食材'!$B:$B,'食材'!$D:$D,"")} | X36: {=XLOOKUP(V28,'食譜'!$B:$B,'食譜'!$Q:$Q,"")} | Z36: {=XLOOKUP(XLOOKUP(Z28,'食譜'!$B:$B,'食譜'!$P:$P,""),'食材'!$B:$B,'食材'!$D:$D,"")} | AB36: {=XLOOKUP(Z28,'食譜'!$B:$B,'食譜'!$Q:$Q,"")} | AD36: {=XLOOKUP(XLOOKUP(AD28,'食譜'!$B:$B,'食譜'!$P:$P,""),'食材'!$B:$B,'食材'!$D:$D,"")} | AF36: {=XLOOKUP(AD28,'食譜'!$B:$B,'食譜'!$Q:$Q,"")} | AH36: {=XLOOKUP(XLOOKUP(AH28,'食譜'!$B:$B,'食譜'!$P:$P,""),'食材'!$B:$B,'食材'!$D:$D,"")} | AJ36: {=XLOOKUP(AH28,'食譜'!$B:$B,'食譜'!$Q:$Q,"")} | AL36: {=XLOOKUP(XLOOKUP(AL28,'食譜'!$B:$B,'食譜'!$P:$P,""),'食材'!$B:$B,'食材'!$D:$D,"")} | AN36: {=XLOOKUP(AL28,'食譜'!$B:$B,'食譜'!$Q:$Q,"")} | AP36: {=XLOOKUP(XLOOKUP(AP28,'食譜'!$B:$B,'食譜'!$P:$P,""),'食材'!$B:$B,'食材'!$D:$D,"")} | AR36: {=XLOOKUP(AP28,'食譜'!$B:$B,'食譜'!$Q:$Q,"")} -> 3 | AT36: {=XLOOKUP(XLOOKUP(AT28,'食譜'!$B:$B,'食譜'!$P:$P,""),'食材'!$B:$B,'食材'!$D:$D,"")} | AV36: {=XLOOKUP(AT28,'食譜'!$B:$B,'食譜'!$Q:$Q,"")} | AX36: {=XLOOKUP(XLOOKUP(AX28,'食譜'!$B:$B,'食譜'!$P:$P,""),'食材'!$B:$B,'食材'!$D:$D,"")} | AZ36: {=XLOOKUP(AX28,'食譜'!$B:$B,'食譜'!$Q:$Q,"")} | BB36: {=XLOOKUP(XLOOKUP(BB28,'食譜'!$B:$B,'食譜'!$P:$P,""),'食材'!$B:$B,'食材'!$D:$D,"")} | BD36: {=XLOOKUP(BB28,'食譜'!$B:$B,'食譜'!$Q:$Q,"")} -> 6 | BF36: {=XLOOKUP(XLOOKUP(BF28,'食譜'!$B:$B,'食譜'!$P:$P,""),'食材'!$B:$B,'食材'!$D:$D,"")} | BH36: {=XLOOKUP(BF28,'食譜'!$B:$B,'食譜'!$Q:$Q,"")} | BJ36: {=XLOOKUP(XLOOKUP(BJ28,'食譜'!$B:$B,'食譜'!$P:$P,""),'食材'!$B:$B,'食材'!$D:$D,"")} | BL36: {=XLOOKUP(BJ28,'食譜'!$B:$B,'食譜'!$Q:$Q,"")} | BN36: {=XLOOKUP(XLOOKUP(BN28,'食譜'!$B:$B,'食譜'!$P:$P,""),'食材'!$B:$B,'食材'!$D:$D,"")} | BP36: {=XLOOKUP(BN28,'食譜'!$B:$B,'食譜'!$Q:$Q,"")} | BR36: {=XLOOKUP(XLOOKUP(BR28,'食譜'!$B:$B,'食譜'!$P:$P,""),'食材'!$B:$B,'食材'!$D:$D,"")} | BT36: {=XLOOKUP(BR28,'食譜'!$B:$B,'食譜'!$Q:$Q,"")} | BV36: {=XLOOKUP(XLOOKUP(BV28,'食譜'!$B:$B,'食譜'!$P:$P,""),'食材'!$B:$B,'食材'!$D:$D,"")} | BX36: {=XLOOKUP(BV28,'食譜'!$B:$B,'食譜'!$Q:$Q,"")} | BZ36: {=XLOOKUP(XLOOKUP(BZ28,'食譜'!$B:$B,'食譜'!$P:$P,""),'食材'!$B:$B,'食材'!$D:$D,"")} | CB36: {=XLOOKUP(BZ28,'食譜'!$B:$B,'食譜'!$Q:$Q,"")} -> 10 | CD36: {=XLOOKUP(XLOOKUP(CD28,'食譜'!$B:$B,'食譜'!$P:$P,""),'食材'!$B:$B,'食材'!$D:$D,"")} | CF36: {=XLOOKUP(CD28,'食譜'!$B:$B,'食譜'!$Q:$Q,"")} -> 9 | CH36: {=XLOOKUP(XLOOKUP(CH28,'食譜'!$B:$B,'食譜'!$P:$P,""),'食材'!$B:$B,'食材'!$D:$D,"")} | CJ36: {=XLOOKUP(CH28,'食譜'!$B:$B,'食譜'!$Q:$Q,"")} -> 11 | CL36: {=XLOOKUP(XLOOKUP(CL28,'食譜'!$B:$B,'食譜'!$P:$P,""),'食材'!$B:$B,'食材'!$D:$D,"")} | CN36: {=XLOOKUP(CL28,'食譜'!$B:$B,'食譜'!$Q:$Q,"")} -> 12 | CP36: {=XLOOKUP(XLOOKUP(CP28,'食譜'!$B:$B,'食譜'!$P:$P,""),'食材'!$B:$B,'食材'!$D:$D,"")} | CR36: {=XLOOKUP(CP28,'食譜'!$B:$B,'食譜'!$Q:$Q,"")} -> 18 | CT36: {=XLOOKUP(XLOOKUP(CT28,'食譜'!$B:$B,'食譜'!$P:$P,""),'食材'!$B:$B,'食材'!$D:$D,"")} | CV36: {=XLOOKUP(CT28,'食譜'!$B:$B,'食譜'!$Q:$Q,"")} -> 22 | CX36: {=XLOOKUP(XLOOKUP(CX28,'食譜'!$B:$B,'食譜'!$P:$P,""),'食材'!$B:$B,'食材'!$D:$D,"")} | CZ36: {=XLOOKUP(CX28,'食譜'!$B:$B,'食譜'!$Q:$Q,"")} -> 22 | DB36: {=XLOOKUP(XLOOKUP(DB28,'食譜'!$B:$B,'食譜'!$P:$P,""),'食材'!$B:$B,'食材'!$D:$D,"")} | DD36: {=XLOOKUP(DB28,'食譜'!$B:$B,'食譜'!$Q:$Q,"")} -> 27 | DG36: {=XLOOKUP(DK36,'食材'!$B:$B,'食材'!$D:$D,"")} | DI36: {=XLOOKUP(DK36,'食材'!$B:$B,'食材'!$F:$F,"")} -> 250 | DK36: 沉甸甸南瓜
F38: {=XLOOKUP(F28,'食譜'!$B:$B,'食譜'!$D:$D,"")} -> 8 | J38: {=XLOOKUP(J28,'食譜'!$B:$B,'食譜'!$D:$D,"")} -> 8 | N38: {=XLOOKUP(N28,'食譜'!$B:$B,'食譜'!$D:$D,"")} -> 8 | R38: {=XLOOKUP(R28,'食譜'!$B:$B,'食譜'!$D:$D,"")} -> 16 | V38: {=XLOOKUP(V28,'食譜'!$B:$B,'食譜'!$D:$D,"")} -> 16 | Z38: {=XLOOKUP(Z28,'食譜'!$B:$B,'食譜'!$D:$D,"")} -> 23 | AD38: {=XLOOKUP(AD28,'食譜'!$B:$B,'食譜'!$D:$D,"")} -> 17 | AH38: {=XLOOKUP(AH28,'食譜'!$B:$B,'食譜'!$D:$D,"")} -> 15 | AL38: {=XLOOKUP(AL28,'食譜'!$B:$B,'食譜'!$D:$D,"")} -> 23 | AP38: {=XLOOKUP(AP28,'食譜'!$B:$B,'食譜'!$D:$D,"")} -> 23 | AT38: {=XLOOKUP(AT28,'食譜'!$B:$B,'食譜'!$D:$D,"")} -> 24 | AX38: {=XLOOKUP(AX28,'食譜'!$B:$B,'食譜'!$D:$D,"")} -> 23 | BB38: {=XLOOKUP(BB28,'食譜'!$B:$B,'食譜'!$D:$D,"")} -> 36 | BF38: {=XLOOKUP(BF28,'食譜'!$B:$B,'食譜'!$D:$D,"")} -> 35 | BJ38: {=XLOOKUP(BJ28,'食譜'!$B:$B,'食譜'!$D:$D,"")} -> 33 | BN38: {=XLOOKUP(BN28,'食譜'!$B:$B,'食譜'!$D:$D,"")} -> 42 | BR38: {=XLOOKUP(BR28,'食譜'!$B:$B,'食譜'!$D:$D,"")} -> 49 | BV38: {=XLOOKUP(BV28,'食譜'!$B:$B,'食譜'!$D:$D,"")} -> 35 | BZ38: {=XLOOKUP(BZ28,'食譜'!$B:$B,'食譜'!$D:$D,"")} -> 56 | CD38: {=XLOOKUP(CD28,'食譜'!$B:$B,'食譜'!$D:$D,"")} -> 62 | CH38: {=XLOOKUP(CH28,'食譜'!$B:$B,'食譜'!$D:$D,"")} -> 57 | CL38: {=XLOOKUP(CL28,'食譜'!$B:$B,'食譜'!$D:$D,"")} -> 69 | CP38: {=XLOOKUP(CP28,'食譜'!$B:$B,'食譜'!$D:$D,"")} -> 104 | CT38: {=XLOOKUP(CT28,'食譜'!$B:$B,'食譜'!$D:$D,"")} -> 100 | CX38: {=XLOOKUP(CX28,'食譜'!$B:$B,'食譜'!$D:$D,"")} -> 105 | DB38: {=XLOOKUP(DB28,'食譜'!$B:$B,'食譜'!$D:$D,"")} -> 95 | DG38: {=XLOOKUP(DK38,'食材'!$B:$B,'食材'!$D:$D,"")} | DI38: {=XLOOKUP(DK38,'食材'!$B:$B,'食材'!$F:$F,"")} -> 342 | DK38: 美味尾巴
B42: {=XLOOKUP("拌拌果汁",'食譜'!B:B,'食譜'!A:A,"")} | F42: {=XLOOKUP(F48,'食譜'!$B:$B,'食譜'!$F:$F,"")} -> 0.19 | J42: {=XLOOKUP(J48,'食譜'!$B:$B,'食譜'!$F:$F,"")} -> 0.19 | N42: {=XLOOKUP(N48,'食譜'!$B:$B,'食譜'!$F:$F,"")} -> 0.19 | R42: {=XLOOKUP(R48,'食譜'!$B:$B,'食譜'!$F:$F,"")} -> 0.19 | V42: {=XLOOKUP(V48,'食譜'!$B:$B,'食譜'!$F:$F,"")} -> 0.19 | Z42: {=XLOOKUP(Z48,'食譜'!$B:$B,'食譜'!$F:$F,"")} -> 0.19 | AD42: {=XLOOKUP(AD48,'食譜'!$B:$B,'食譜'!$F:$F,"")} -> 0.19 | AH42: {=XLOOKUP(AH48,'食譜'!$B:$B,'食譜'!$F:$F,"")} -> 0.19 | AL42: {=XLOOKUP(AL48,'食譜'!$B:$B,'食譜'!$F:$F,"")} -> 0.21 | AP42: {=XLOOKUP(AP48,'食譜'!$B:$B,'食譜'!$F:$F,"")} -> 0.2 | AT42: {=XLOOKUP(AT48,'食譜'!$B:$B,'食譜'!$F:$F,"")} -> 0.25 | AX42: {=XLOOKUP(AX48,'食譜'!$B:$B,'食譜'!$F:$F,"")} -> 0.21 | BB42: {=XLOOKUP(BB48,'食譜'!$B:$B,'食譜'!$F:$F,"")} -> 0.25 | BF42: {=XLOOKUP(BF48,'食譜'!$B:$B,'食譜'!$F:$F,"")} -> 0.25 | BJ42: {=XLOOKUP(BJ48,'食譜'!$B:$B,'食譜'!$F:$F,"")} -> 0.25 | BN42: {=XLOOKUP(BN48,'食譜'!$B:$B,'食譜'!$F:$F,"")} -> 0.35 | BR42: {=XLOOKUP(BR48,'食譜'!$B:$B,'食譜'!$F:$F,"")} -> 0.35 | BV42: {=XLOOKUP(BV48,'食譜'!$B:$B,'食譜'!$F:$F,"")} -> 0.35 | BZ42: {=XLOOKUP(BZ48,'食譜'!$B:$B,'食譜'!$F:$F,"")} -> 0.35 | CD42: {=XLOOKUP(CD48,'食譜'!$B:$B,'食譜'!$F:$F,"")} -> 0.35 | CH42: {=XLOOKUP(CH48,'食譜'!$B:$B,'食譜'!$F:$F,"")} -> 0.35 | CL42: {=XLOOKUP(CL48,'食譜'!$B:$B,'食譜'!$F:$F,"")} -> 0.48 | CP42: {=XLOOKUP(CP48,'食譜'!$B:$B,'食譜'!$F:$F,"")} -> 0.48 | CT42: {=XLOOKUP(CT48,'食譜'!$B:$B,'食譜'!$F:$F,"")} -> 0.61 | CX42: {=XLOOKUP(CX48,'食譜'!$B:$B,'食譜'!$F:$F,"")} -> 0.61 | DB42: {=XLOOKUP(DB48,'食譜'!$B:$B,'食譜'!$F:$F,"")} -> 0.78 | DF42: {=XLOOKUP(DF48,'食譜'!$B:$B,'食譜'!$F:$F,"")} -> 0.78
F44: {=XLOOKUP(F48,'食譜'!$B:$B,'食譜'!$H:$H,"")} -> 814 | J44: {=XLOOKUP(J48,'食譜'!$B:$B,'食譜'!$H:$H,"")} -> 855 | N44: {=XLOOKUP(N48,'食譜'!$B:$B,'食譜'!$H:$H,"")} -> 1079 | R44: {=XLOOKUP(R48,'食譜'!$B:$B,'食譜'!$H:$H,"")} -> 1748 | V44: {=XLOOKUP(V48,'食譜'!$B:$B,'食譜'!$H:$H,"")} -> 1907 | Z44: {=XLOOKUP(Z48,'食譜'!$B:$B,'食譜'!$H:$H,"")} -> 1913 | AD44: {=XLOOKUP(AD48,'食譜'!$B:$B,'食譜'!$H:$H,"")} -> 1924 | AH44: {=XLOOKUP(AH48,'食譜'!$B:$B,'食譜'!$H:$H,"")} -> 1924 | AL44: {=XLOOKUP(AL48,'食譜'!$B:$B,'食譜'!$H:$H,"")} -> 3015 | AP44: {=XLOOKUP(AP48,'食譜'!$B:$B,'食譜'!$H:$H,"")} -> 3263 | AT44: {=XLOOKUP(AT48,'食譜'!$B:$B,'食譜'!$H:$H,"")} -> 3314 | AX44: {=XLOOKUP(AX48,'食譜'!$B:$B,'食譜'!$H:$H,"")} -> 3378 | BB44: {=XLOOKUP(BB48,'食譜'!$B:$B,'食譜'!$H:$H,"")} -> 4734 | BF44: {=XLOOKUP(BF48,'食譜'!$B:$B,'食譜'!$H:$H,"")} -> 4921 | BJ44: {=XLOOKUP(BJ48,'食譜'!$B:$B,'食譜'!$H:$H,"")} -> 5065 | BN44: {=XLOOKUP(BN48,'食譜'!$B:$B,'食譜'!$H:$H,"")} -> 5547 | BR44: {=XLOOKUP(BR48,'食譜'!$B:$B,'食譜'!$H:$H,"")} -> 6048 | BV44: {=XLOOKUP(BV48,'食譜'!$B:$B,'食譜'!$H:$H,"")} -> 6793 | BZ44: {=XLOOKUP(BZ48,'食譜'!$B:$B,'食譜'!$H:$H,"")} -> 7125 | CD44: {=XLOOKUP(CD48,'食譜'!$B:$B,'食譜'!$H:$H,"")} -> 7594 | CH44: {=XLOOKUP(CH48,'食譜'!$B:$B,'食譜'!$H:$H,"")} -> 8165 | CL44: {=XLOOKUP(CL48,'食譜'!$B:$B,'食譜'!$H:$H,"")} -> 10925 | CP44: {=XLOOKUP(CP48,'食譜'!$B:$B,'食譜'!$H:$H,"")} -> 13834 | CT44: {=XLOOKUP(CT48,'食譜'!$B:$B,'食譜'!$H:$H,"")} -> 17494 | CX44: {=XLOOKUP(CX48,'食譜'!$B:$B,'食譜'!$H:$H,"")} -> 20885 | DB44: {=XLOOKUP(DB48,'食譜'!$B:$B,'食譜'!$H:$H,"")} -> 24354 | DF44: {=XLOOKUP(DF48,'食譜'!$B:$B,'食譜'!$H:$H,"")} -> 25484
F45: {=XLOOKUP(F48,'食譜'!$B:$B,'食譜'!$A:$A,"")} | J45: {=XLOOKUP(J48,'食譜'!$B:$B,'食譜'!$A:$A,"")} | N45: {=XLOOKUP(N48,'食譜'!$B:$B,'食譜'!$A:$A,"")} | R45: {=XLOOKUP(R48,'食譜'!$B:$B,'食譜'!$A:$A,"")} | V45: {=XLOOKUP(V48,'食譜'!$B:$B,'食譜'!$A:$A,"")} | Z45: {=XLOOKUP(Z48,'食譜'!$B:$B,'食譜'!$A:$A,"")} | AD45: {=XLOOKUP(AD48,'食譜'!$B:$B,'食譜'!$A:$A,"")} | AH45: {=XLOOKUP(AH48,'食譜'!$B:$B,'食譜'!$A:$A,"")} | AL45: {=XLOOKUP(AL48,'食譜'!$B:$B,'食譜'!$A:$A,"")} | AP45: {=XLOOKUP(AP48,'食譜'!$B:$B,'食譜'!$A:$A,"")} | AT45: {=XLOOKUP(AT48,'食譜'!$B:$B,'食譜'!$A:$A,"")} | AX45: {=XLOOKUP(AX48,'食譜'!$B:$B,'食譜'!$A:$A,"")} | BB45: {=XLOOKUP(BB48,'食譜'!$B:$B,'食譜'!$A:$A,"")} | BF45: {=XLOOKUP(BF48,'食譜'!$B:$B,'食譜'!$A:$A,"")} | BJ45: {=XLOOKUP(BJ48,'食譜'!$B:$B,'食譜'!$A:$A,"")} | BN45: {=XLOOKUP(BN48,'食譜'!$B:$B,'食譜'!$A:$A,"")} | BR45: {=XLOOKUP(BR48,'食譜'!$B:$B,'食譜'!$A:$A,"")} | BV45: {=XLOOKUP(BV48,'食譜'!$B:$B,'食譜'!$A:$A,"")} | BZ45: {=XLOOKUP(BZ48,'食譜'!$B:$B,'食譜'!$A:$A,"")} | CD45: {=XLOOKUP(CD48,'食譜'!$B:$B,'食譜'!$A:$A,"")} | CH45: {=XLOOKUP(CH48,'食譜'!$B:$B,'食譜'!$A:$A,"")} | CL45: {=XLOOKUP(CL48,'食譜'!$B:$B,'食譜'!$A:$A,"")} | CP45: {=XLOOKUP(CP48,'食譜'!$B:$B,'食譜'!$A:$A,"")} | CT45: {=XLOOKUP(CT48,'食譜'!$B:$B,'食譜'!$A:$A,"")} | CX45: {=XLOOKUP(CX48,'食譜'!$B:$B,'食譜'!$A:$A,"")} | DB45: {=XLOOKUP(DB48,'食譜'!$B:$B,'食譜'!$A:$A,"")} | DF45: {=XLOOKUP(DF48,'食譜'!$B:$B,'食譜'!$A:$A,"")}
F48: =IFERROR(__xludf.DUMMYFUNCTION("SPLIT(TEXTJOIN("""",TRUE,TOROW(FILTER('食譜'!$B:$B&""----"", '食譜'!$E:$E=""點心、飲料"",'食譜'!$B:$B<>""拌拌果汁"")),"""","""",""""),""-"",TRUE,FALSE)"),"哞哞熱鮮奶") -> 哞哞熱鮮奶 | J48: =IFERROR(__xludf.DUMMYFUNCTION("""COMPUTED_VALUE"""),"特選蘋果汁") -> 特選蘋果汁 | N48: =IFERROR(__xludf.DUMMYFUNCTION("""COMPUTED_VALUE"""),"手製勁爽汽水") -> 手製勁爽汽水 | R48: =IFERROR(__xludf.DUMMYFUNCTION("""COMPUTED_VALUE"""),"祈願蘋果派") -> 祈願蘋果派 | V48: =IFERROR(__xludf.DUMMYFUNCTION("""COMPUTED_VALUE"""),"熟成甜薯燒") -> 熟成甜薯燒 | Z48: =IFERROR(__xludf.DUMMYFUNCTION("""COMPUTED_VALUE"""),"火花薑茶") -> 火花薑茶 | AD48: =IFERROR(__xludf.DUMMYFUNCTION("""COMPUTED_VALUE"""),"輕裝豆香蛋糕") -> 輕裝豆香蛋糕 | AH48: =IFERROR(__xludf.DUMMYFUNCTION("""COMPUTED_VALUE"""),"我行我素蔬菜汁") -> 我行我素蔬菜汁 | AL48: =IFERROR(__xludf.DUMMYFUNCTION("""COMPUTED_VALUE"""),"大馬拉薩達") -> 大馬拉薩達 | AP48: =IFERROR(__xludf.DUMMYFUNCTION("""COMPUTED_VALUE"""),"活力蛋白飲") -> 活力蛋白飲 | AT48: =IFERROR(__xludf.DUMMYFUNCTION("""COMPUTED_VALUE"""),"花瓣舞巧克力塔") -> 花瓣舞巧克力塔 | AX48: =IFERROR(__xludf.DUMMYFUNCTION("""COMPUTED_VALUE"""),"甜甜香氣巧克力蛋糕") -> 甜甜香氣巧克力蛋糕 | BB48: =IFERROR(__xludf.DUMMYFUNCTION("""COMPUTED_VALUE"""),"惡魔之吻水果牛奶") -> 惡魔之吻水果牛奶 | BF48: =IFERROR(__xludf.DUMMYFUNCTION("""COMPUTED_VALUE"""),"不屈薑餅") -> 不屈薑餅 | BJ48: =IFERROR(__xludf.DUMMYFUNCTION("""COMPUTED_VALUE"""),"橙夢的排毒茶") -> 橙夢的排毒茶 | BN48: =IFERROR(__xludf.DUMMYFUNCTION("""COMPUTED_VALUE"""),"大力士豆香甜甜圈") -> 大力士豆香甜甜圈 | BR48: =IFERROR(__xludf.DUMMYFUNCTION("""COMPUTED_VALUE"""),"大爆炸爆米花") -> 大爆炸爆米花 | BV48: =IFERROR(__xludf.DUMMYFUNCTION("""COMPUTED_VALUE"""),"早起咖啡凍") -> 早起咖啡凍 | BZ48: =IFERROR(__xludf.DUMMYFUNCTION("""COMPUTED_VALUE"""),"破格玉米香提拉米蘇") -> 破格玉米香提拉米蘇 | CD48: =IFERROR(__xludf.DUMMYFUNCTION("""COMPUTED_VALUE"""),"胖丁百匯布丁") -> 胖丁百匯布丁 | CH48: =IFERROR(__xludf.DUMMYFUNCTION("""COMPUTED_VALUE"""),"青草攪拌器冰沙") -> 青草攪拌器冰沙 | CL48: =IFERROR(__xludf.DUMMYFUNCTION("""COMPUTED_VALUE"""),"茶會玉米司康") -> 茶會玉米司康 | CP48: =IFERROR(__xludf.DUMMYFUNCTION("""COMPUTED_VALUE"""),"花之禮馬卡龍") -> 花之禮馬卡龍 | CT48: =IFERROR(__xludf.DUMMYFUNCTION("""COMPUTED_VALUE"""),"電光香料可樂") -> 電光香料可樂 | CX48: =IFERROR(__xludf.DUMMYFUNCTION("""COMPUTED_VALUE"""),"土王閃電泡芙") -> 土王閃電泡芙 | DB48: =IFERROR(__xludf.DUMMYFUNCTION("""COMPUTED_VALUE"""),"心跳加速鬼面鬆餅") -> 心跳加速鬼面鬆餅 | DF48: =IFERROR(__xludf.DUMMYFUNCTION("""COMPUTED_VALUE"""),"採蜜巧克力格子鬆餅") -> 採蜜巧克力格子鬆餅
F50: {=XLOOKUP(XLOOKUP(F48,'食譜'!$B:$B,'食譜'!$J:$J,""),'食材'!$B:$B,'食材'!$D:$D,"")} | H50: {=XLOOKUP(F48,'食譜'!$B:$B,'食譜'!$K:$K,"")} -> 7 | J50: {=XLOOKUP(XLOOKUP(J48,'食譜'!$B:$B,'食譜'!$J:$J,""),'食材'!$B:$B,'食材'!$D:$D,"")} | L50: {=XLOOKUP(J48,'食譜'!$B:$B,'食譜'!$K:$K,"")} -> 8 | N50: {=XLOOKUP(XLOOKUP(N48,'食譜'!$B:$B,'食譜'!$J:$J,""),'食材'!$B:$B,'食材'!$D:$D,"")} | P50: {=XLOOKUP(N48,'食譜'!$B:$B,'食譜'!$K:$K,"")} -> 9 | R50: {=XLOOKUP(XLOOKUP(R48,'食譜'!$B:$B,'食譜'!$J:$J,""),'食材'!$B:$B,'食材'!$D:$D,"")} | T50: {=XLOOKUP(R48,'食譜'!$B:$B,'食譜'!$K:$K,"")} -> 12 | V50: {=XLOOKUP(XLOOKUP(V48,'食譜'!$B:$B,'食譜'!$J:$J,""),'食材'!$B:$B,'食材'!$D:$D,"")} | X50: {=XLOOKUP(V48,'食譜'!$B:$B,'食譜'!$K:$K,"")} -> 9 | Z50: {=XLOOKUP(XLOOKUP(Z48,'食譜'!$B:$B,'食譜'!$J:$J,""),'食材'!$B:$B,'食材'!$D:$D,"")} | AB50: {=XLOOKUP(Z48,'食譜'!$B:$B,'食譜'!$K:$K,"")} -> 9 | AD50: {=XLOOKUP(XLOOKUP(AD48,'食譜'!$B:$B,'食譜'!$J:$J,""),'食材'!$B:$B,'食材'!$D:$D,"")} | AF50: {=XLOOKUP(AD48,'食譜'!$B:$B,'食譜'!$K:$K,"")} -> 8 | AH50: {=XLOOKUP(XLOOKUP(AH48,'食譜'!$B:$B,'食譜'!$J:$J,""),'食材'!$B:$B,'食材'!$D:$D,"")} | AJ50: {=XLOOKUP(AH48,'食譜'!$B:$B,'食譜'!$K:$K,"")} -> 9 | AL50: {=XLOOKUP(XLOOKUP(AL48,'食譜'!$B:$B,'食譜'!$J:$J,""),'食材'!$B:$B,'食材'!$D:$D,"")} | AN50: {=XLOOKUP(AL48,'食譜'!$B:$B,'食譜'!$K:$K,"")} -> 10 | AP50: {=XLOOKUP(XLOOKUP(AP48,'食譜'!$B:$B,'食譜'!$J:$J,""),'食材'!$B:$B,'食材'!$D:$D,"")} | AR50: {=XLOOKUP(AP48,'食譜'!$B:$B,'食譜'!$K:$K,"")} -> 15 | AT50: {=XLOOKUP(XLOOKUP(AT48,'食譜'!$B:$B,'食譜'!$J:$J,""),'食材'!$B:$B,'食材'!$D:$D,"")} | AV50: {=XLOOKUP(AT48,'食譜'!$B:$B,'食譜'!$K:$K,"")} -> 11 | AX50: {=XLOOKUP(XLOOKUP(AX48,'食譜'!$B:$B,'食譜'!$J:$J,""),'食材'!$B:$B,'食材'!$D:$D,"")} | AZ50: {=XLOOKUP(AX48,'食譜'!$B:$B,'食譜'!$K:$K,"")} -> 9 | BB50: {=XLOOKUP(XLOOKUP(BB48,'食譜'!$B:$B,'食譜'!$J:$J,""),'食材'!$B:$B,'食材'!$D:$D,"")} | BD50: {=XLOOKUP(BB48,'食譜'!$B:$B,'食譜'!$K:$K,"")} -> 11 | BF50: {=XLOOKUP(XLOOKUP(BF48,'食譜'!$B:$B,'食譜'!$J:$J,""),'食材'!$B:$B,'食材'!$D:$D,"")} | BH50: {=XLOOKUP(BF48,'食譜'!$B:$B,'食譜'!$K:$K,"")} -> 14 | BJ50: {=XLOOKUP(XLOOKUP(BJ48,'食譜'!$B:$B,'食譜'!$J:$J,""),'食材'!$B:$B,'食材'!$D:$D,"")} | BL50: {=XLOOKUP(BJ48,'食譜'!$B:$B,'食譜'!$K:$K,"")} -> 15 | BN50: {=XLOOKUP(XLOOKUP(BN48,'食譜'!$B:$B,'食譜'!$J:$J,""),'食材'!$B:$B,'食材'!$D:$D,"")} | BP50: {=XLOOKUP(BN48,'食譜'!$B:$B,'食譜'!$K:$K,"")} -> 16 | BR50: {=XLOOKUP(XLOOKUP(BR48,'食譜'!$B:$B,'食譜'!$J:$J,""),'食材'!$B:$B,'食材'!$D:$D,"")} | BT50: {=XLOOKUP(BR48,'食譜'!$B:$B,'食譜'!$K:$K,"")} -> 15 | BV50: {=XLOOKUP(XLOOKUP(BV48,'食譜'!$B:$B,'食譜'!$J:$J,""),'食材'!$B:$B,'食材'!$D:$D,"")} | BX50: {=XLOOKUP(BV48,'食譜'!$B:$B,'食譜'!$K:$K,"")} -> 16 | BZ50: {=XLOOKUP(XLOOKUP(BZ48,'食譜'!$B:$B,'食譜'!$J:$J,""),'食材'!$B:$B,'食材'!$D:$D,"")} | CB50: {=XLOOKUP(BZ48,'食譜'!$B:$B,'食譜'!$K:$K,"")} -> 14 | CD50: {=XLOOKUP(XLOOKUP(CD48,'食譜'!$B:$B,'食譜'!$J:$J,""),'食材'!$B:$B,'食材'!$D:$D,"")} | CF50: {=XLOOKUP(CD48,'食譜'!$B:$B,'食譜'!$K:$K,"")} -> 20 | CH50: {=XLOOKUP(XLOOKUP(CH48,'食譜'!$B:$B,'食譜'!$J:$J,""),'食材'!$B:$B,'食材'!$D:$D,"")} | CJ50: {=XLOOKUP(CH48,'食譜'!$B:$B,'食譜'!$K:$K,"")} -> 18 | CL50: {=XLOOKUP(XLOOKUP(CL48,'食譜'!$B:$B,'食譜'!$J:$J,""),'食材'!$B:$B,'食材'!$D:$D,"")} | CN50: {=XLOOKUP(CL48,'食譜'!$B:$B,'食譜'!$K:$K,"")} -> 20 | CP50: {=XLOOKUP(XLOOKUP(CP48,'食譜'!$B:$B,'食譜'!$J:$J,""),'食材'!$B:$B,'食材'!$D:$D,"")} | CR50: {=XLOOKUP(CP48,'食譜'!$B:$B,'食譜'!$K:$K,"")} -> 25 | CT50: {=XLOOKUP(XLOOKUP(CT48,'食譜'!$B:$B,'食譜'!$J:$J,""),'食材'!$B:$B,'食材'!$D:$D,"")} | CV50: {=XLOOKUP(CT48,'食譜'!$B:$B,'食譜'!$K:$K,"")} -> 35 | CX50: {=XLOOKUP(XLOOKUP(CX48,'食譜'!$B:$B,'食譜'!$J:$J,""),'食材'!$B:$B,'食材'!$D:$D,"")} | CZ50: {=XLOOKUP(CX48,'食譜'!$B:$B,'食譜'!$K:$K,"")} -> 30 | DB50: {=XLOOKUP(XLOOKUP(DB48,'食譜'!$B:$B,'食譜'!$J:$J,""),'食材'!$B:$B,'食材'!$D:$D,"")} | DD50: {=XLOOKUP(DB48,'食譜'!$B:$B,'食譜'!$K:$K,"")} -> 18 | DF50: {=XLOOKUP(XLOOKUP(DF48,'食譜'!$B:$B,'食譜'!$J:$J,""),'食材'!$B:$B,'食材'!$D:$D,"")} | DH50: {=XLOOKUP(DF48,'食譜'!$B:$B,'食譜'!$K:$K,"")} -> 38
F52: {=XLOOKUP(XLOOKUP(F48,'食譜'!$B:$B,'食譜'!$L:$L,""),'食材'!$B:$B,'食材'!$D:$D,"")} | H52: {=XLOOKUP(F48,'食譜'!$B:$B,'食譜'!$M:$M,"")} | J52: {=XLOOKUP(XLOOKUP(J48,'食譜'!$B:$B,'食譜'!$L:$L,""),'食材'!$B:$B,'食材'!$D:$D,"")} | L52: {=XLOOKUP(J48,'食譜'!$B:$B,'食譜'!$M:$M,"")} | N52: {=XLOOKUP(XLOOKUP(N48,'食譜'!$B:$B,'食譜'!$L:$L,""),'食材'!$B:$B,'食材'!$D:$D,"")} | P52: {=XLOOKUP(N48,'食譜'!$B:$B,'食譜'!$M:$M,"")} | R52: {=XLOOKUP(XLOOKUP(R48,'食譜'!$B:$B,'食譜'!$L:$L,""),'食材'!$B:$B,'食材'!$D:$D,"")} | T52: {=XLOOKUP(R48,'食譜'!$B:$B,'食譜'!$M:$M,"")} -> 4 | V52: {=XLOOKUP(XLOOKUP(V48,'食譜'!$B:$B,'食譜'!$L:$L,""),'食材'!$B:$B,'食材'!$D:$D,"")} | X52: {=XLOOKUP(V48,'食譜'!$B:$B,'食譜'!$M:$M,"")} -> 5 | Z52: {=XLOOKUP(XLOOKUP(Z48,'食譜'!$B:$B,'食譜'!$L:$L,""),'食材'!$B:$B,'食材'!$D:$D,"")} | AB52: {=XLOOKUP(Z48,'食譜'!$B:$B,'食譜'!$M:$M,"")} -> 7 | AD52: {=XLOOKUP(XLOOKUP(AD48,'食譜'!$B:$B,'食譜'!$L:$L,""),'食材'!$B:$B,'食材'!$D:$D,"")} | AF52: {=XLOOKUP(AD48,'食譜'!$B:$B,'食譜'!$M:$M,"")} -> 7 | AH52: {=XLOOKUP(XLOOKUP(AH48,'食譜'!$B:$B,'食譜'!$L:$L,""),'食材'!$B:$B,'食材'!$D:$D,"")} | AJ52: {=XLOOKUP(AH48,'食譜'!$B:$B,'食譜'!$M:$M,"")} -> 7 | AL52: {=XLOOKUP(XLOOKUP(AL48,'食譜'!$B:$B,'食譜'!$L:$L,""),'食材'!$B:$B,'食材'!$D:$D,"")} | AN52: {=XLOOKUP(AL48,'食譜'!$B:$B,'食譜'!$M:$M,"")} -> 7 | AP52: {=XLOOKUP(XLOOKUP(AP48,'食譜'!$B:$B,'食譜'!$L:$L,""),'食材'!$B:$B,'食材'!$D:$D,"")} | AR52: {=XLOOKUP(AP48,'食譜'!$B:$B,'食譜'!$M:$M,"")} -> 8 | AT52: {=XLOOKUP(XLOOKUP(AT48,'食譜'!$B:$B,'食譜'!$L:$L,""),'食材'!$B:$B,'食材'!$D:$D,"")} | AV52: {=XLOOKUP(AT48,'食譜'!$B:$B,'食譜'!$M:$M,"")} -> 11 | AX52: {=XLOOKUP(XLOOKUP(AX48,'食譜'!$B:$B,'食譜'!$L:$L,""),'食材'!$B:$B,'食材'!$D:$D,"")} | AZ52: {=XLOOKUP(AX48,'食譜'!$B:$B,'食譜'!$M:$M,"")} -> 8 | BB52: {=XLOOKUP(XLOOKUP(BB48,'食譜'!$B:$B,'食譜'!$L:$L,""),'食材'!$B:$B,'食材'!$D:$D,"")} | BD52: {=XLOOKUP(BB48,'食譜'!$B:$B,'食譜'!$M:$M,"")} -> 9 | BF52: {=XLOOKUP(XLOOKUP(BF48,'食譜'!$B:$B,'食譜'!$L:$L,""),'食材'!$B:$B,'食材'!$D:$D,"")} | BH52: {=XLOOKUP(BF48,'食譜'!$B:$B,'食譜'!$M:$M,"")} -> 12 | BJ52: {=XLOOKUP(XLOOKUP(BJ48,'食譜'!$B:$B,'食譜'!$L:$L,""),'食材'!$B:$B,'食材'!$D:$D,"")} | BL52: {=XLOOKUP(BJ48,'食譜'!$B:$B,'食譜'!$M:$M,"")} -> 11 | BN52: {=XLOOKUP(XLOOKUP(BN48,'食譜'!$B:$B,'食譜'!$L:$L,""),'食材'!$B:$B,'食材'!$D:$D,"")} | BP52: {=XLOOKUP(BN48,'食譜'!$B:$B,'食譜'!$M:$M,"")} -> 12 | BR52: {=XLOOKUP(XLOOKUP(BR48,'食譜'!$B:$B,'食譜'!$L:$L,""),'食材'!$B:$B,'食材'!$D:$D,"")} | BT52: {=XLOOKUP(BR48,'食譜'!$B:$B,'食譜'!$M:$M,"")} -> 14 | BV52: {=XLOOKUP(XLOOKUP(BV48,'食譜'!$B:$B,'食譜'!$L:$L,""),'食材'!$B:$B,'食材'!$D:$D,"")} | BX52: {=XLOOKUP(BV48,'食譜'!$B:$B,'食譜'!$M:$M,"")} -> 14 | BZ52: {=XLOOKUP(XLOOKUP(BZ48,'食譜'!$B:$B,'食譜'!$L:$L,""),'食材'!$B:$B,'食材'!$D:$D,"")} | CB52: {=XLOOKUP(BZ48,'食譜'!$B:$B,'食譜'!$M:$M,"")} -> 14 | CD52: {=XLOOKUP(XLOOKUP(CD48,'食譜'!$B:$B,'食譜'!$L:$L,""),'食材'!$B:$B,'食材'!$D:$D,"")} | CF52: {=XLOOKUP(CD48,'食譜'!$B:$B,'食譜'!$M:$M,"")} -> 15 | CH52: {=XLOOKUP(XLOOKUP(CH48,'食譜'!$B:$B,'食譜'!$L:$L,""),'食材'!$B:$B,'食材'!$D:$D,"")} | CJ52: {=XLOOKUP(CH48,'食譜'!$B:$B,'食譜'!$M:$M,"")} -> 16 | CL52: {=XLOOKUP(XLOOKUP(CL48,'食譜'!$B:$B,'食譜'!$L:$L,""),'食材'!$B:$B,'食材'!$D:$D,"")} | CN52: {=XLOOKUP(CL48,'食譜'!$B:$B,'食譜'!$M:$M,"")} -> 20 | CP52: {=XLOOKUP(XLOOKUP(CP48,'食譜'!$B:$B,'食譜'!$L:$L,""),'食材'!$B:$B,'食材'!$D:$D,"")} | CR52: {=XLOOKUP(CP48,'食譜'!$B:$B,'食譜'!$M:$M,"")} -> 25 | CT52: {=XLOOKUP(XLOOKUP(CT48,'食譜'!$B:$B,'食譜'!$L:$L,""),'食材'!$B:$B,'食材'!$D:$D,"")} | CV52: {=XLOOKUP(CT48,'食譜'!$B:$B,'食譜'!$M:$M,"")} -> 20 | CX52: {=XLOOKUP(XLOOKUP(CX48,'食譜'!$B:$B,'食譜'!$L:$L,""),'食材'!$B:$B,'食材'!$D:$D,"")} | CZ52: {=XLOOKUP(CX48,'食譜'!$B:$B,'食譜'!$M:$M,"")} -> 26 | DB52: {=XLOOKUP(XLOOKUP(DB48,'食譜'!$B:$B,'食譜'!$L:$L,""),'食材'!$B:$B,'食材'!$D:$D,"")} | DD52: {=XLOOKUP(DB48,'食譜'!$B:$B,'食譜'!$M:$M,"")} -> 24 | DF52: {=XLOOKUP(XLOOKUP(DF48,'食譜'!$B:$B,'食譜'!$L:$L,""),'食材'!$B:$B,'食材'!$D:$D,"")} | DH52: {=XLOOKUP(DF48,'食譜'!$B:$B,'食譜'!$M:$M,"")} -> 28
F54: {=XLOOKUP(XLOOKUP(F48,'食譜'!$B:$B,'食譜'!$N:$N,""),'食材'!$B:$B,'食材'!$D:$D,"")} | H54: {=XLOOKUP(F48,'食譜'!$B:$B,'食譜'!$O:$O,"")} | J54: {=XLOOKUP(XLOOKUP(J48,'食譜'!$B:$B,'食譜'!$N:$N,""),'食材'!$B:$B,'食材'!$D:$D,"")} | L54: {=XLOOKUP(J48,'食譜'!$B:$B,'食譜'!$O:$O,"")} | N54: {=XLOOKUP(XLOOKUP(N48,'食譜'!$B:$B,'食譜'!$N:$N,""),'食材'!$B:$B,'食材'!$D:$D,"")} | P54: {=XLOOKUP(N48,'食譜'!$B:$B,'食譜'!$O:$O,"")} | R54: {=XLOOKUP(XLOOKUP(R48,'食譜'!$B:$B,'食譜'!$N:$N,""),'食材'!$B:$B,'食材'!$D:$D,"")} | T54: {=XLOOKUP(R48,'食譜'!$B:$B,'食譜'!$O:$O,"")} | V54: {=XLOOKUP(XLOOKUP(V48,'食譜'!$B:$B,'食譜'!$N:$N,""),'食材'!$B:$B,'食材'!$D:$D,"")} | X54: {=XLOOKUP(V48,'食譜'!$B:$B,'食譜'!$O:$O,"")} | Z54: {=XLOOKUP(XLOOKUP(Z48,'食譜'!$B:$B,'食譜'!$N:$N,""),'食材'!$B:$B,'食材'!$D:$D,"")} | AB54: {=XLOOKUP(Z48,'食譜'!$B:$B,'食譜'!$O:$O,"")} | AD54: {=XLOOKUP(XLOOKUP(AD48,'食譜'!$B:$B,'食譜'!$N:$N,""),'食材'!$B:$B,'食材'!$D:$D,"")} | AF54: {=XLOOKUP(AD48,'食譜'!$B:$B,'食譜'!$O:$O,"")} | AH54: {=XLOOKUP(XLOOKUP(AH48,'食譜'!$B:$B,'食譜'!$N:$N,""),'食材'!$B:$B,'食材'!$D:$D,"")} | AJ54: {=XLOOKUP(AH48,'食譜'!$B:$B,'食譜'!$O:$O,"")} | AL54: {=XLOOKUP(XLOOKUP(AL48,'食譜'!$B:$B,'食譜'!$N:$N,""),'食材'!$B:$B,'食材'!$D:$D,"")} | AN54: {=XLOOKUP(AL48,'食譜'!$B:$B,'食譜'!$O:$O,"")} -> 6 | AP54: {=XLOOKUP(XLOOKUP(AP48,'食譜'!$B:$B,'食譜'!$N:$N,""),'食材'!$B:$B,'食材'!$D:$D,"")} | AR54: {=XLOOKUP(AP48,'食譜'!$B:$B,'食譜'!$O:$O,"")} | AT54: {=XLOOKUP(XLOOKUP(AT48,'食譜'!$B:$B,'食譜'!$N:$N,""),'食材'!$B:$B,'食材'!$D:$D,"")} | AV54: {=XLOOKUP(AT48,'食譜'!$B:$B,'食譜'!$O:$O,"")} | AX54: {=XLOOKUP(XLOOKUP(AX48,'食譜'!$B:$B,'食譜'!$N:$N,""),'食材'!$B:$B,'食材'!$D:$D,"")} | AZ54: {=XLOOKUP(AX48,'食譜'!$B:$B,'食譜'!$O:$O,"")} -> 7 | BB54: {=XLOOKUP(XLOOKUP(BB48,'食譜'!$B:$B,'食譜'!$N:$N,""),'食材'!$B:$B,'食材'!$D:$D,"")} | BD54: {=XLOOKUP(BB48,'食譜'!$B:$B,'食譜'!$O:$O,"")} -> 8 | BF54: {=XLOOKUP(XLOOKUP(BF48,'食譜'!$B:$B,'食譜'!$N:$N,""),'食材'!$B:$B,'食材'!$D:$D,"")} | BH54: {=XLOOKUP(BF48,'食譜'!$B:$B,'食譜'!$O:$O,"")} -> 5 | BJ54: {=XLOOKUP(XLOOKUP(BJ48,'食譜'!$B:$B,'食譜'!$N:$N,""),'食材'!$B:$B,'食材'!$D:$D,"")} | BL54: {=XLOOKUP(BJ48,'食譜'!$B:$B,'食譜'!$O:$O,"")} -> 9 | BN54: {=XLOOKUP(XLOOKUP(BN48,'食譜'!$B:$B,'食譜'!$N:$N,""),'食材'!$B:$B,'食材'!$D:$D,"")} | BP54: {=XLOOKUP(BN48,'食譜'!$B:$B,'食譜'!$O:$O,"")} -> 7 | BR54: {=XLOOKUP(XLOOKUP(BR48,'食譜'!$B:$B,'食譜'!$N:$N,""),'食材'!$B:$B,'食材'!$D:$D,"")} | BT54: {=XLOOKUP(BR48,'食譜'!$B:$B,'食譜'!$O:$O,"")} -> 7 | BV54: {=XLOOKUP(XLOOKUP(BV48,'食譜'!$B:$B,'食譜'!$N:$N,""),'食材'!$B:$B,'食材'!$D:$D,"")} | BX54: {=XLOOKUP(BV48,'食譜'!$B:$B,'食譜'!$O:$O,"")} -> 12 | BZ54: {=XLOOKUP(XLOOKUP(BZ48,'食譜'!$B:$B,'食譜'!$N:$N,""),'食材'!$B:$B,'食材'!$D:$D,"")} | CB54: {=XLOOKUP(BZ48,'食譜'!$B:$B,'食譜'!$O:$O,"")} -> 12 | CD54: {=XLOOKUP(XLOOKUP(CD48,'食譜'!$B:$B,'食譜'!$N:$N,""),'食材'!$B:$B,'食材'!$D:$D,"")} | CF54: {=XLOOKUP(CD48,'食譜'!$B:$B,'食譜'!$O:$O,"")} -> 10 | CH54: {=XLOOKUP(XLOOKUP(CH48,'食譜'!$B:$B,'食譜'!$N:$N,""),'食材'!$B:$B,'食材'!$D:$D,"")} | CJ54: {=XLOOKUP(CH48,'食譜'!$B:$B,'食譜'!$O:$O,"")} -> 14 | CL54: {=XLOOKUP(XLOOKUP(CL48,'食譜'!$B:$B,'食譜'!$N:$N,""),'食材'!$B:$B,'食材'!$D:$D,"")} | CN54: {=XLOOKUP(CL48,'食譜'!$B:$B,'食譜'!$O:$O,"")} -> 18 | CP54: {=XLOOKUP(XLOOKUP(CP48,'食譜'!$B:$B,'食譜'!$N:$N,""),'食材'!$B:$B,'食材'!$D:$D,"")} | CR54: {=XLOOKUP(CP48,'食譜'!$B:$B,'食譜'!$O:$O,"")} -> 17 | CT54: {=XLOOKUP(XLOOKUP(CT48,'食譜'!$B:$B,'食譜'!$N:$N,""),'食材'!$B:$B,'食材'!$D:$D,"")} | CV54: {=XLOOKUP(CT48,'食譜'!$B:$B,'食譜'!$O:$O,"")} -> 20 | CX54: {=XLOOKUP(XLOOKUP(CX48,'食譜'!$B:$B,'食譜'!$N:$N,""),'食材'!$B:$B,'食材'!$D:$D,"")} | CZ54: {=XLOOKUP(CX48,'食譜'!$B:$B,'食譜'!$O:$O,"")} -> 24 | DB54: {=XLOOKUP(XLOOKUP(DB48,'食譜'!$B:$B,'食譜'!$N:$N,""),'食材'!$B:$B,'食材'!$D:$D,"")} | DD54: {=XLOOKUP(DB48,'食譜'!$B:$B,'食譜'!$O:$O,"")} -> 32 | DF54: {=XLOOKUP(XLOOKUP(DF48,'食譜'!$B:$B,'食譜'!$N:$N,""),'食材'!$B:$B,'食材'!$D:$D,"")} | DH54: {=XLOOKUP(DF48,'食譜'!$B:$B,'食譜'!$O:$O,"")} -> 28
F56: {=XLOOKUP(XLOOKUP(F48,'食譜'!$B:$B,'食譜'!$P:$P,""),'食材'!$B:$B,'食材'!$D:$D,"")} | H56: {=XLOOKUP(F48,'食譜'!$B:$B,'食譜'!$Q:$Q,"")} | J56: {=XLOOKUP(XLOOKUP(J48,'食譜'!$B:$B,'食譜'!$P:$P,""),'食材'!$B:$B,'食材'!$D:$D,"")} | L56: {=XLOOKUP(J48,'食譜'!$B:$B,'食譜'!$Q:$Q,"")} | N56: {=XLOOKUP(XLOOKUP(N48,'食譜'!$B:$B,'食譜'!$P:$P,""),'食材'!$B:$B,'食材'!$D:$D,"")} | P56: {=XLOOKUP(N48,'食譜'!$B:$B,'食譜'!$Q:$Q,"")} | R56: {=XLOOKUP(XLOOKUP(R48,'食譜'!$B:$B,'食譜'!$P:$P,""),'食材'!$B:$B,'食材'!$D:$D,"")} | T56: {=XLOOKUP(R48,'食譜'!$B:$B,'食譜'!$Q:$Q,"")} | V56: {=XLOOKUP(XLOOKUP(V48,'食譜'!$B:$B,'食譜'!$P:$P,""),'食材'!$B:$B,'食材'!$D:$D,"")} | X56: {=XLOOKUP(V48,'食譜'!$B:$B,'食譜'!$Q:$Q,"")} | Z56: {=XLOOKUP(XLOOKUP(Z48,'食譜'!$B:$B,'食譜'!$P:$P,""),'食材'!$B:$B,'食材'!$D:$D,"")} | AB56: {=XLOOKUP(Z48,'食譜'!$B:$B,'食譜'!$Q:$Q,"")} | AD56: {=XLOOKUP(XLOOKUP(AD48,'食譜'!$B:$B,'食譜'!$P:$P,""),'食材'!$B:$B,'食材'!$D:$D,"")} | AF56: {=XLOOKUP(AD48,'食譜'!$B:$B,'食譜'!$Q:$Q,"")} | AH56: {=XLOOKUP(XLOOKUP(AH48,'食譜'!$B:$B,'食譜'!$P:$P,""),'食材'!$B:$B,'食材'!$D:$D,"")} | AJ56: {=XLOOKUP(AH48,'食譜'!$B:$B,'食譜'!$Q:$Q,"")} | AL56: {=XLOOKUP(XLOOKUP(AL48,'食譜'!$B:$B,'食譜'!$P:$P,""),'食材'!$B:$B,'食材'!$D:$D,"")} | AN56: {=XLOOKUP(AL48,'食譜'!$B:$B,'食譜'!$Q:$Q,"")} | AP56: {=XLOOKUP(XLOOKUP(AP48,'食譜'!$B:$B,'食譜'!$P:$P,""),'食材'!$B:$B,'食材'!$D:$D,"")} | AR56: {=XLOOKUP(AP48,'食譜'!$B:$B,'食譜'!$Q:$Q,"")} | AT56: {=XLOOKUP(XLOOKUP(AT48,'食譜'!$B:$B,'食譜'!$P:$P,""),'食材'!$B:$B,'食材'!$D:$D,"")} | AV56: {=XLOOKUP(AT48,'食譜'!$B:$B,'食譜'!$Q:$Q,"")} | AX56: {=XLOOKUP(XLOOKUP(AX48,'食譜'!$B:$B,'食譜'!$P:$P,""),'食材'!$B:$B,'食材'!$D:$D,"")} | AZ56: {=XLOOKUP(AX48,'食譜'!$B:$B,'食譜'!$Q:$Q,"")} | BB56: {=XLOOKUP(XLOOKUP(BB48,'食譜'!$B:$B,'食譜'!$P:$P,""),'食材'!$B:$B,'食材'!$D:$D,"")} | BD56: {=XLOOKUP(BB48,'食譜'!$B:$B,'食譜'!$Q:$Q,"")} -> 7 | BF56: {=XLOOKUP(XLOOKUP(BF48,'食譜'!$B:$B,'食譜'!$P:$P,""),'食材'!$B:$B,'食材'!$D:$D,"")} | BH56: {=XLOOKUP(BF48,'食譜'!$B:$B,'食譜'!$Q:$Q,"")} -> 4 | BJ56: {=XLOOKUP(XLOOKUP(BJ48,'食譜'!$B:$B,'食譜'!$P:$P,""),'食材'!$B:$B,'食材'!$D:$D,"")} | BL56: {=XLOOKUP(BJ48,'食譜'!$B:$B,'食譜'!$Q:$Q,"")} | BN56: {=XLOOKUP(XLOOKUP(BN48,'食譜'!$B:$B,'食譜'!$P:$P,""),'食材'!$B:$B,'食材'!$D:$D,"")} | BP56: {=XLOOKUP(BN48,'食譜'!$B:$B,'食譜'!$Q:$Q,"")} | BR56: {=XLOOKUP(XLOOKUP(BR48,'食譜'!$B:$B,'食譜'!$P:$P,""),'食材'!$B:$B,'食材'!$D:$D,"")} | BT56: {=XLOOKUP(BR48,'食譜'!$B:$B,'食譜'!$Q:$Q,"")} | BV56: {=XLOOKUP(XLOOKUP(BV48,'食譜'!$B:$B,'食譜'!$P:$P,""),'食材'!$B:$B,'食材'!$D:$D,"")} | BX56: {=XLOOKUP(BV48,'食譜'!$B:$B,'食譜'!$Q:$Q,"")} | BZ56: {=XLOOKUP(XLOOKUP(BZ48,'食譜'!$B:$B,'食譜'!$P:$P,""),'食材'!$B:$B,'食材'!$D:$D,"")} | CB56: {=XLOOKUP(BZ48,'食譜'!$B:$B,'食譜'!$Q:$Q,"")} | CD56: {=XLOOKUP(XLOOKUP(CD48,'食譜'!$B:$B,'食譜'!$P:$P,""),'食材'!$B:$B,'食材'!$D:$D,"")} | CF56: {=XLOOKUP(CD48,'食譜'!$B:$B,'食譜'!$Q:$Q,"")} -> 10 | CH56: {=XLOOKUP(XLOOKUP(CH48,'食譜'!$B:$B,'食譜'!$P:$P,""),'食材'!$B:$B,'食材'!$D:$D,"")} | CJ56: {=XLOOKUP(CH48,'食譜'!$B:$B,'食譜'!$Q:$Q,"")} | CL56: {=XLOOKUP(XLOOKUP(CL48,'食譜'!$B:$B,'食譜'!$P:$P,""),'食材'!$B:$B,'食材'!$D:$D,"")} | CN56: {=XLOOKUP(CL48,'食譜'!$B:$B,'食譜'!$Q:$Q,"")} -> 9 | CP56: {=XLOOKUP(XLOOKUP(CP48,'食譜'!$B:$B,'食譜'!$P:$P,""),'食材'!$B:$B,'食材'!$D:$D,"")} | CR56: {=XLOOKUP(CP48,'食譜'!$B:$B,'食譜'!$Q:$Q,"")} -> 10 | CT56: {=XLOOKUP(XLOOKUP(CT48,'食譜'!$B:$B,'食譜'!$P:$P,""),'食材'!$B:$B,'食材'!$D:$D,"")} | CV56: {=XLOOKUP(CT48,'食譜'!$B:$B,'食譜'!$Q:$Q,"")} -> 12 | CX56: {=XLOOKUP(XLOOKUP(CX48,'食譜'!$B:$B,'食譜'!$P:$P,""),'食材'!$B:$B,'食材'!$D:$D,"")} | CZ56: {=XLOOKUP(CX48,'食譜'!$B:$B,'食譜'!$Q:$Q,"")} -> 22 | DB56: {=XLOOKUP(XLOOKUP(DB48,'食譜'!$B:$B,'食譜'!$P:$P,""),'食材'!$B:$B,'食材'!$D:$D,"")} | DD56: {=XLOOKUP(DB48,'食譜'!$B:$B,'食譜'!$Q:$Q,"")} -> 29 | DF56: {=XLOOKUP(XLOOKUP(DF48,'食譜'!$B:$B,'食譜'!$P:$P,""),'食材'!$B:$B,'食材'!$D:$D,"")} | DH56: {=XLOOKUP(DF48,'食譜'!$B:$B,'食譜'!$Q:$Q,"")} -> 21
F58: {=XLOOKUP(F48,'食譜'!$B:$B,'食譜'!$D:$D,"")} -> 7 | J58: {=XLOOKUP(J48,'食譜'!$B:$B,'食譜'!$D:$D,"")} -> 8 | N58: {=XLOOKUP(N48,'食譜'!$B:$B,'食譜'!$D:$D,"")} -> 9 | R58: {=XLOOKUP(R48,'食譜'!$B:$B,'食譜'!$D:$D,"")} -> 16 | V58: {=XLOOKUP(V48,'食譜'!$B:$B,'食譜'!$D:$D,"")} -> 14 | Z58: {=XLOOKUP(Z48,'食譜'!$B:$B,'食譜'!$D:$D,"")} -> 16 | AD58: {=XLOOKUP(AD48,'食譜'!$B:$B,'食譜'!$D:$D,"")} -> 15 | AH58: {=XLOOKUP(AH48,'食譜'!$B:$B,'食譜'!$D:$D,"")} -> 16 | AL58: {=XLOOKUP(AL48,'食譜'!$B:$B,'食譜'!$D:$D,"")} -> 23 | AP58: {=XLOOKUP(AP48,'食譜'!$B:$B,'食譜'!$D:$D,"")} -> 23 | AT58: {=XLOOKUP(AT48,'食譜'!$B:$B,'食譜'!$D:$D,"")} -> 22 | AX58: {=XLOOKUP(AX48,'食譜'!$B:$B,'食譜'!$D:$D,"")} -> 24 | BB58: {=XLOOKUP(BB48,'食譜'!$B:$B,'食譜'!$D:$D,"")} -> 35 | BF58: {=XLOOKUP(BF48,'食譜'!$B:$B,'食譜'!$D:$D,"")} -> 35 | BJ58: {=XLOOKUP(BJ48,'食譜'!$B:$B,'食譜'!$D:$D,"")} -> 35 | BN58: {=XLOOKUP(BN48,'食譜'!$B:$B,'食譜'!$D:$D,"")} -> 35 | BR58: {=XLOOKUP(BR48,'食譜'!$B:$B,'食譜'!$D:$D,"")} -> 36 | BV58: {=XLOOKUP(BV48,'食譜'!$B:$B,'食譜'!$D:$D,"")} -> 42 | BZ58: {=XLOOKUP(BZ48,'食譜'!$B:$B,'食譜'!$D:$D,"")} -> 40 | CD58: {=XLOOKUP(CD48,'食譜'!$B:$B,'食譜'!$D:$D,"")} -> 55 | CH58: {=XLOOKUP(CH48,'食譜'!$B:$B,'食譜'!$D:$D,"")} -> 48 | CL58: {=XLOOKUP(CL48,'食譜'!$B:$B,'食譜'!$D:$D,"")} -> 67 | CP58: {=XLOOKUP(CP48,'食譜'!$B:$B,'食譜'!$D:$D,"")} -> 77 | CT58: {=XLOOKUP(CT48,'食譜'!$B:$B,'食譜'!$D:$D,"")} -> 87 | CX58: {=XLOOKUP(CX48,'食譜'!$B:$B,'食譜'!$D:$D,"")} -> 102 | DB58: {=XLOOKUP(DB48,'食譜'!$B:$B,'食譜'!$D:$D,"")} -> 103 | DF58: {=XLOOKUP(DF48,'食譜'!$B:$B,'食譜'!$D:$D,"")} -> 115

Sheet 食譜
R1: {=XLOOKUP(R2,'食材'!$B:$B,'食材'!$F:$F,0)} -> 90 | S1: {=XLOOKUP(S2,'食材'!$B:$B,'食材'!$F:$F,0)} -> 98 | T1: {=XLOOKUP(T2,'食材'!$B:$B,'食材'!$F:$F,0)} -> 100 | U1: {=XLOOKUP(U2,'食材'!$B:$B,'食材'!$F:$F,0)} -> 101 | V1: {=XLOOKUP(V2,'食材'!$B:$B,'食材'!$F:$F,0)} -> 103 | W1: {=XLOOKUP(W2,'食材'!$B:$B,'食材'!$F:$F,0)} -> 109 | X1: {=XLOOKUP(X2,'食材'!$B:$B,'食材'!$F:$F,0)} -> 110 | Y1: {=XLOOKUP(Y2,'食材'!$B:$B,'食材'!$F:$F,0)} -> 115 | ... AJ1: {=XLOOKUP(AJ2,'食材'!$B:$B,'食材'!$F:$F,0)} -> 342
A2: 圖 | B2: 食譜名 | C2: 名 | D2: 食材數量 | E2: 類型 | F2: 階級獎勵 | G2: 純食材*數量加總 | H2: 加成後 | I2: 清單 | J2: 食材1 | K2: 數1 | L2: 食材2 | M2: 數2 | N2: 食材3 | O2: 數3 | P2: 食材4 | Q2: 數4 | R2: 特選蘋果 | S2: 哞哞鮮奶 | T2: 萌綠大豆 | U2: 甜甜蜜 | V2: 豆製肉 | W2: 暖暖薑 | X2: 好眠番茄 | Y2: 特選蛋 | Z2: 純粹油 | AA2: 窩心洋芋 | AB2: 火辣香草 | AC2: 萌綠玉米 | AD2: 放鬆可可 | AE2: 醒腦咖啡豆 | AF2: 嫩亮酪梨 | AG2: 品鮮蘑菇 | AH2: 粗枝大蔥 | AI2: 沉甸甸南瓜 | AJ2: 美味尾巴
A3: =IMAGE("https://www.serebii.net/pokemonsleep/meals/"&C3&".png",4,80,80) | B3: 拌拌沙拉 | C3: mixedsalad | D3: =SUM(K3,M3,O3,Q3) -> 0 | E3: 沙拉 | F3: =IFERROR(ROUND((H3-G3)/G3,2),0) -> 0 | G3: =SUMPRODUCT(R3:AK3,$R$1:$AK$1) -> 0 | H3: 0 | I3: =TEXTJOIN(",",TRUE,J3:Q3) | R3: =IFERROR(__xludf.DUMMYFUNCTION("BYCOL($R$2:$AK$2, LAMBDA(header, IFERROR(SUM(FILTER(K3:Q3, J3:P3=header)), """"))) "),"") | S3: =IFERROR(__xludf.DUMMYFUNCTION("""COMPUTED_VALUE"""),"") | T3: =IFERROR(__xludf.DUMMYFUNCTION("""COMPUTED_VALUE"""),"") | U3: =IFERROR(__xludf.DUMMYFUNCTION("""COMPUTED_VALUE"""),"") | V3: =IFERROR(__xludf.DUMMYFUNCTION("""COMPUTED_VALUE"""),"") | W3: =IFERROR(__xludf.DUMMYFUNCTION("""COMPUTED_VALUE"""),"") | X3: =IFERROR(__xludf.DUMMYFUNCTION("""COMPUTED_VALUE"""),"") | Y3: =IFERROR(__xludf.DUMMYFUNCTION("""COMPUTED_VALUE"""),"") | Z3: =IFERROR(__xludf.DUMMYFUNCTION("""COMPUTED_VALUE"""),"") | ... AJ3: =IFERROR(__xludf.DUMMYFUNCTION("""COMPUTED_VALUE"""),"") | AK3: =IFERROR(__xludf.DUMMYFUNCTION("""COMPUTED_VALUE"""),0.0) -> 0
A4: =IMAGE("https://www.serebii.net/pokemonsleep/meals/"&C4&".png",4,80,80) | B4: 特選蘋果沙拉 | C4: fancyapplesalad | D4: =SUM(K4,M4,O4,Q4) -> 8 | E4: 沙拉 | F4: =IFERROR(ROUND((H4-G4)/G4,2),0) -> 0.19 | G4: =SUMPRODUCT(R4:AK4,$R$1:$AK$1) -> 720 | H4: 855 | I4: =TEXTJOIN(",",TRUE,J4:Q4) -> 特選蘋果,8 | J4: 特選蘋果 | K4: 8 | R4: =IFERROR(__xludf.DUMMYFUNCTION("BYCOL($R$2:$AK$2, LAMBDA(header, IFERROR(SUM(FILTER(K4:Q4, J4:P4=header)), """"))) "),8.0) -> 8 | S4: =IFERROR(__xludf.DUMMYFUNCTION("""COMPUTED_VALUE"""),"") | T4: =IFERROR(__xludf.DUMMYFUNCTION("""COMPUTED_VALUE"""),"") | U4: =IFERROR(__xludf.DUMMYFUNCTION("""COMPUTED_VALUE"""),"") | V4: =IFERROR(__xludf.DUMMYFUNCTION("""COMPUTED_VALUE"""),"") | W4: =IFERROR(__xludf.DUMMYFUNCTION("""COMPUTED_VALUE"""),"") | X4: =IFERROR(__xludf.DUMMYFUNCTION("""COMPUTED_VALUE"""),"") | Y4: =IFERROR(__xludf.DUMMYFUNCTION("""COMPUTED_VALUE"""),"") | Z4: =IFERROR(__xludf.DUMMYFUNCTION("""COMPUTED_VALUE"""),"") | ... AJ4: =IFERROR(__xludf.DUMMYFUNCTION("""COMPUTED_VALUE"""),"") | AK4: =IFERROR(__xludf.DUMMYFUNCTION("""COMPUTED_VALUE"""),0.0) -> 0
A5: =IMAGE("https://www.serebii.net/pokemonsleep/meals/"&C5&".png",4,80,80) | B5: 豆製火腿沙拉 | C5: beanhamsalad | D5: =SUM(K5,M5,O5,Q5) -> 8 | E5: 沙拉 | F5: =IFERROR(ROUND((H5-G5)/G5,2),0) -> 0.19 | G5: =SUMPRODUCT(R5:AK5,$R$1:$AK$1) -> 824 | H5: 978 | I5: =TEXTJOIN(",",TRUE,J5:Q5) -> 豆製肉,8 | J5: 豆製肉 | K5: 8 | R5: =IFERROR(__xludf.DUMMYFUNCTION("BYCOL($R$2:$AK$2, LAMBDA(header, IFERROR(SUM(FILTER(K5:Q5, J5:P5=header)), """"))) "),"") | S5: =IFERROR(__xludf.DUMMYFUNCTION("""COMPUTED_VALUE"""),"") | T5: =IFERROR(__xludf.DUMMYFUNCTION("""COMPUTED_VALUE"""),"") | U5: =IFERROR(__xludf.DUMMYFUNCTION("""COMPUTED_VALUE"""),"") | V5: =IFERROR(__xludf.DUMMYFUNCTION("""COMPUTED_VALUE"""),8.0) -> 8 | W5: =IFERROR(__xludf.DUMMYFUNCTION("""COMPUTED_VALUE"""),"") | X5: =IFERROR(__xludf.DUMMYFUNCTION("""COMPUTED_VALUE"""),"") | Y5: =IFERROR(__xludf.DUMMYFUNCTION("""COMPUTED_VALUE"""),"") | Z5: =IFERROR(__xludf.DUMMYFUNCTION("""COMPUTED_VALUE"""),"") | AA5: =IFERROR(__xludf.DUMMYFUNCTION("""COMPUTED_VALUE"""),"") | AB5: =IFERROR(__xludf.DUMMYFUNCTION("""COMPUTED_VALUE"""),"") | AC5: =IFERROR(__xludf.DUMMYFUNCTION("""COMPUTED_VALUE"""),"") | AD5: =IFERROR(__xludf.DUMMYFUNCTION("""COMPUTED_VALUE"""),"") | ... AJ5: =IFERROR(__xludf.DUMMYFUNCTION("""COMPUTED_VALUE"""),"") | AK5: =IFERROR(__xludf.DUMMYFUNCTION("""COMPUTED_VALUE"""),0.0) -> 0
A6: =IMAGE("https://www.serebii.net/pokemonsleep/meals/"&C6&".png",4,80,80) | B6: 好眠番茄沙拉 | C6: snoozytomatosalad | D6: =SUM(K6,M6,O6,Q6) -> 8 | E6: 沙拉 | F6: =IFERROR(ROUND((H6-G6)/G6,2),0) -> 0.19 | G6: =SUMPRODUCT(R6:AK6,$R$1:$AK$1) -> 880 | H6: 1045 | I6: =TEXTJOIN(",",TRUE,J6:Q6) -> 好眠番茄,8 | J6: 好眠番茄 | K6: 8 | R6: =IFERROR(__xludf.DUMMYFUNCTION("BYCOL($R$2:$AK$2, LAMBDA(header, IFERROR(SUM(FILTER(K6:Q6, J6:P6=header)), """"))) "),"") | S6: =IFERROR(__xludf.DUMMYFUNCTION("""COMPUTED_VALUE"""),"") | T6: =IFERROR(__xludf.DUMMYFUNCTION("""COMPUTED_VALUE"""),"") | U6: =IFERROR(__xludf.DUMMYFUNCTION("""COMPUTED_VALUE"""),"") | V6: =IFERROR(__xludf.DUMMYFUNCTION("""COMPUTED_VALUE"""),"") | W6: =IFERROR(__xludf.DUMMYFUNCTION("""COMPUTED_VALUE"""),"") | X6: =IFERROR(__xludf.DUMMYFUNCTION("""COMPUTED_VALUE"""),8.0) -> 8 | Y6: =IFERROR(__xludf.DUMMYFUNCTION("""COMPUTED_VALUE"""),"") | Z6: =IFERROR(__xludf.DUMMYFUNCTION("""COMPUTED_VALUE"""),"") | AA6: =IFERROR(__xludf.DUMMYFUNCTION("""COMPUTED_VALUE"""),"") | AB6: =IFERROR(__xludf.DUMMYFUNCTION("""COMPUTED_VALUE"""),"") | AC6: =IFERROR(__xludf.DUMMYFUNCTION("""COMPUTED_VALUE"""),"") | AD6: =IFERROR(__xludf.DUMMYFUNCTION("""COMPUTED_VALUE"""),"") | AE6: =IFERROR(__xludf.DUMMYFUNCTION("""COMPUTED_VALUE"""),"") | AF6: =IFERROR(__xludf.DUMMYFUNCTION("""COMPUTED_VALUE"""),"") | ... AJ6: =IFERROR(__xludf.DUMMYFUNCTION("""COMPUTED_VALUE"""),"") | AK6: =IFERROR(__xludf.DUMMYFUNCTION("""COMPUTED_VALUE"""),0.0) -> 0
A7: =IMAGE("https://www.serebii.net/pokemonsleep/meals/"&C7&".png",4,80,80) | B7: 撥雪凱薩沙拉 | C7: snowcloakcaesarsalad | D7: =SUM(K7,M7,O7,Q7) -> 16 | E7: 沙拉 | F7: =IFERROR(ROUND((H7-G7)/G7,2),0) -> 0.19 | G7: =SUMPRODUCT(R7:AK7,$R$1:$AK$1) -> 1598 | H7: 1898 | I7: =TEXTJOIN(",",TRUE,J7:Q7) -> 哞哞鮮奶,10,豆製肉,6 | J7: 哞哞鮮奶 | K7: 10 | L7: 豆製肉 | M7: 6 | R7: =IFERROR(__xludf.DUMMYFUNCTION("BYCOL($R$2:$AK$2, LAMBDA(header, IFERROR(SUM(FILTER(K7:Q7, J7:P7=header)), """"))) "),"") | S7: =IFERROR(__xludf.DUMMYFUNCTION("""COMPUTED_VALUE"""),10.0) -> 10 | T7: =IFERROR(__xludf.DUMMYFUNCTION("""COMPUTED_VALUE"""),"") | U7: =IFERROR(__xludf.DUMMYFUNCTION("""COMPUTED_VALUE"""),"") | V7: =IFERROR(__xludf.DUMMYFUNCTION("""COMPUTED_VALUE"""),6.0) -> 6 | W7: =IFERROR(__xludf.DUMMYFUNCTION("""COMPUTED_VALUE"""),"") | X7: =IFERROR(__xludf.DUMMYFUNCTION("""COMPUTED_VALUE"""),"") | Y7: =IFERROR(__xludf.DUMMYFUNCTION("""COMPUTED_VALUE"""),"") | Z7: =IFERROR(__xludf.DUMMYFUNCTION("""COMPUTED_VALUE"""),"") | AA7: =IFERROR(__xludf.DUMMYFUNCTION("""COMPUTED_VALUE"""),"") | AB7: =IFERROR(__xludf.DUMMYFUNCTION("""COMPUTED_VALUE"""),"") | AC7: =IFERROR(__xludf.DUMMYFUNCTION("""COMPUTED_VALUE"""),"") | AD7: =IFERROR(__xludf.DUMMYFUNCTION("""COMPUTED_VALUE"""),"") | ... AJ7: =IFERROR(__xludf.DUMMYFUNCTION("""COMPUTED_VALUE"""),"") | AK7: =IFERROR(__xludf.DUMMYFUNCTION("""COMPUTED_VALUE"""),0.0) -> 0
A8: =IMAGE("https://www.serebii.net/pokemonsleep/meals/"&C8&".png",4,80,80) | B8: 熱風豆腐沙拉 | C8: heatwavetofusalad | D8: =SUM(K8,M8,O8,Q8) -> 16 | E8: 沙拉 | F8: =IFERROR(ROUND((H8-G8)/G8,2),0) -> 0.19 | G8: =SUMPRODUCT(R8:AK8,$R$1:$AK$1) -> 1780 | H8: 2114 | I8: =TEXTJOIN(",",TRUE,J8:Q8) -> 萌綠大豆,10,火辣香草,6 | J8: 萌綠大豆 | K8: 10 | L8: 火辣香草 | M8: 6 | R8: =IFERROR(__xludf.DUMMYFUNCTION("BYCOL($R$2:$AK$2, LAMBDA(header, IFERROR(SUM(FILTER(K8:Q8, J8:P8=header)), """"))) "),"") | S8: =IFERROR(__xludf.DUMMYFUNCTION("""COMPUTED_VALUE"""),"") | T8: =IFERROR(__xludf.DUMMYFUNCTION("""COMPUTED_VALUE"""),10.0) -> 10 | U8: =IFERROR(__xludf.DUMMYFUNCTION("""COMPUTED_VALUE"""),"") | V8: =IFERROR(__xludf.DUMMYFUNCTION("""COMPUTED_VALUE"""),"") | W8: =IFERROR(__xludf.DUMMYFUNCTION("""COMPUTED_VALUE"""),"") | X8: =IFERROR(__xludf.DUMMYFUNCTION("""COMPUTED_VALUE"""),"") | Y8: =IFERROR(__xludf.DUMMYFUNCTION("""COMPUTED_VALUE"""),"") | Z8: =IFERROR(__xludf.DUMMYFUNCTION("""COMPUTED_VALUE"""),"") | AA8: =IFERROR(__xludf.DUMMYFUNCTION("""COMPUTED_VALUE"""),"") | AB8: =IFERROR(__xludf.DUMMYFUNCTION("""COMPUTED_VALUE"""),6.0) -> 6 | AC8: =IFERROR(__xludf.DUMMYFUNCTION("""COMPUTED_VALUE"""),"") | AD8: =IFERROR(__xludf.DUMMYFUNCTION("""COMPUTED_VALUE"""),"") | AE8: =IFERROR(__xludf.DUMMYFUNCTION("""COMPUTED_VALUE"""),"") | AF8: =IFERROR(__xludf.DUMMYFUNCTION("""COMPUTED_VALUE"""),"") | AG8: =IFERROR(__xludf.DUMMYFUNCTION("""COMPUTED_VALUE"""),"") | AH8: =IFERROR(__xludf.DUMMYFUNCTION("""COMPUTED_VALUE"""),"") | AI8: =IFERROR(__xludf.DUMMYFUNCTION("""COMPUTED_VALUE"""),"") | AJ8: =IFERROR(__xludf.DUMMYFUNCTION("""COMPUTED_VALUE"""),"") | AK8: =IFERROR(__xludf.DUMMYFUNCTION("""COMPUTED_VALUE"""),0.0) -> 0
A9: =IMAGE("https://www.serebii.net/pokemonsleep/meals/"&C9&".png",4,80,80) | B9: 迷人蘋果起司沙拉 | C9: dazzlingapplecheesesalad | D9: =SUM(K9,M9,O9,Q9) -> 23 | E9: 沙拉 | F9: =IFERROR(ROUND((H9-G9)/G9,2),0) -> 0.21 | G9: =SUMPRODUCT(R9:AK9,$R$1:$AK$1) -> 2203 | H9: 2655 | I9: =TEXTJOIN(",",TRUE,J9:Q9) -> 特選蘋果,15,哞哞鮮奶,5,純粹油,3 | J9: 特選蘋果 | K9: 15 | L9: 哞哞鮮奶 | M9: 5 | N9: 純粹油 | O9: 3 | R9: =IFERROR(__xludf.DUMMYFUNCTION("BYCOL($R$2:$AK$2, LAMBDA(header, IFERROR(SUM(FILTER(K9:Q9, J9:P9=header)), """"))) "),15.0) -> 15 | S9: =IFERROR(__xludf.DUMMYFUNCTION("""COMPUTED_VALUE"""),5.0) -> 5 | T9: =IFERROR(__xludf.DUMMYFUNCTION("""COMPUTED_VALUE"""),"") | U9: =IFERROR(__xludf.DUMMYFUNCTION("""COMPUTED_VALUE"""),"") | V9: =IFERROR(__xludf.DUMMYFUNCTION("""COMPUTED_VALUE"""),"") | W9: =IFERROR(__xludf.DUMMYFUNCTION("""COMPUTED_VALUE"""),"") | X9: =IFERROR(__xludf.DUMMYFUNCTION("""COMPUTED_VALUE"""),"") | Y9: =IFERROR(__xludf.DUMMYFUNCTION("""COMPUTED_VALUE"""),"") | Z9: =IFERROR(__xludf.DUMMYFUNCTION("""COMPUTED_VALUE"""),3.0) -> 3 | AA9: =IFERROR(__xludf.DUMMYFUNCTION("""COMPUTED_VALUE"""),"") | AB9: =IFERROR(__xludf.DUMMYFUNCTION("""COMPUTED_VALUE"""),"") | AC9: =IFERROR(__xludf.DUMMYFUNCTION("""COMPUTED_VALUE"""),"") | AD9: =IFERROR(__xludf.DUMMYFUNCTION("""COMPUTED_VALUE"""),"") | AE9: =IFERROR(__xludf.DUMMYFUNCTION("""COMPUTED_VALUE"""),"") | AF9: =IFERROR(__xludf.DUMMYFUNCTION("""COMPUTED_VALUE"""),"") | AG9: =IFERROR(__xludf.DUMMYFUNCTION("""COMPUTED_VALUE"""),"") | AH9: =IFERROR(__xludf.DUMMYFUNCTION("""COMPUTED_VALUE"""),"") | ... AJ9: =IFERROR(__xludf.DUMMYFUNCTION("""COMPUTED_VALUE"""),"") | AK9: =IFERROR(__xludf.DUMMYFUNCTION("""COMPUTED_VALUE"""),0.0) -> 0
A10: =IMAGE("https://www.serebii.net/pokemonsleep/meals/"&C10&".png",4,80,80) | B10: 亂擊玉米沙拉 | C10: furyattackcornsalad | D10: =SUM(K10,M10,O10,Q10) -> 17 | E10: 沙拉 | F10: =IFERROR(ROUND((H10-G10)/G10,2),0) -> 0.25 | G10: =SUMPRODUCT(R10:AK10,$R$1:$AK$1) -> 2228 | H10: 2785 | I10: =TEXTJOIN(",",TRUE,J10:Q10) -> 萌綠玉米,9,純粹油,8 | J10: 萌綠玉米 | K10: 9 | L10: 純粹油 | M10: 8 | R10: =IFERROR(__xludf.DUMMYFUNCTION("BYCOL($R$2:$AK$2, LAMBDA(header, IFERROR(SUM(FILTER(K10:Q10, J10:P10=header)), """"))) "),"") | S10: =IFERROR(__xludf.DUMMYFUNCTION("""COMPUTED_VALUE"""),"") | T10: =IFERROR(__xludf.DUMMYFUNCTION("""COMPUTED_VALUE"""),"") | U10: =IFERROR(__xludf.DUMMYFUNCTION("""COMPUTED_VALUE"""),"") | V10: =IFERROR(__xludf.DUMMYFUNCTION("""COMPUTED_VALUE"""),"") | W10: =IFERROR(__xludf.DUMMYFUNCTION("""COMPUTED_VALUE"""),"") | X10: =IFERROR(__xludf.DUMMYFUNCTION("""COMPUTED_VALUE"""),"") | Y10: =IFERROR(__xludf.DUMMYFUNCTION("""COMPUTED_VALUE"""),"") | Z10: =IFERROR(__xludf.DUMMYFUNCTION("""COMPUTED_VALUE"""),8.0) -> 8 | AA10: =IFERROR(__xludf.DUMMYFUNCTION("""COMPUTED_VALUE"""),"") | AB10: =IFERROR(__xludf.DUMMYFUNCTION("""COMPUTED_VALUE"""),"") | AC10: =IFERROR(__xludf.DUMMYFUNCTION("""COMPUTED_VALUE"""),9.0) -> 9 | AD10: =IFERROR(__xludf.DUMMYFUNCTION("""COMPUTED_VALUE"""),"") | AE10: =IFERROR(__xludf.DUMMYFUNCTION("""COMPUTED_VALUE"""),"") | AF10: =IFERROR(__xludf.DUMMYFUNCTION("""COMPUTED_VALUE"""),"") | AG10: =IFERROR(__xludf.DUMMYFUNCTION("""COMPUTED_VALUE"""),"") | AH10: =IFERROR(__xludf.DUMMYFUNCTION("""COMPUTED_VALUE"""),"") | AI10: =IFERROR(__xludf.DUMMYFUNCTION("""COMPUTED_VALUE"""),"") | AJ10: =IFERROR(__xludf.DUMMYFUNCTION("""COMPUTED_VALUE"""),"") | AK10: =IFERROR(__xludf.DUMMYFUNCTION("""COMPUTED_VALUE"""),0.0) -> 0
A11: =IMAGE("https://www.serebii.net/pokemonsleep/meals/"&C11&".png",4,80,80) | B11: 免疫蔥花沙拉 | C11: immunityleeksalad | D11: =SUM(K11,M11,O11,Q11) -> 15 | E11: 沙拉 | F11: =IFERROR(ROUND((H11-G11)/G11,2),0) -> 0.19 | G11: =SUMPRODUCT(R11:AK11,$R$1:$AK$1) -> 2395 | H11: 2845 | I11: =TEXTJOIN(",",TRUE,J11:Q11) -> 粗枝大蔥,10,暖暖薑,5 | J11: 粗枝大蔥 | K11: 10 | L11: 暖暖薑 | M11: 5 | R11: =IFERROR(__xludf.DUMMYFUNCTION("BYCOL($R$2:$AK$2, LAMBDA(header, IFERROR(SUM(FILTER(K11:Q11, J11:P11=header)), """"))) "),"") | S11: =IFERROR(__xludf.DUMMYFUNCTION("""COMPUTED_VALUE"""),"") | T11: =IFERROR(__xludf.DUMMYFUNCTION("""COMPUTED_VALUE"""),"") | U11: =IFERROR(__xludf.DUMMYFUNCTION("""COMPUTED_VALUE"""),"") | V11: =IFERROR(__xludf.DUMMYFUNCTION("""COMPUTED_VALUE"""),"") | W11: =IFERROR(__xludf.DUMMYFUNCTION("""COMPUTED_VALUE"""),5.0) -> 5 | X11: =IFERROR(__xludf.DUMMYFUNCTION("""COMPUTED_VALUE"""),"") | Y11: =IFERROR(__xludf.DUMMYFUNCTION("""COMPUTED_VALUE"""),"") | Z11: =IFERROR(__xludf.DUMMYFUNCTION("""COMPUTED_VALUE"""),"") | AA11: =IFERROR(__xludf.DUMMYFUNCTION("""COMPUTED_VALUE"""),"") | AB11: =IFERROR(__xludf.DUMMYFUNCTION("""COMPUTED_VALUE"""),"") | AC11: =IFERROR(__xludf.DUMMYFUNCTION("""COMPUTED_VALUE"""),"") | AD11: =IFERROR(__xludf.DUMMYFUNCTION("""COMPUTED_VALUE"""),"") | AE11: =IFERROR(__xludf.DUMMYFUNCTION("""COMPUTED_VALUE"""),"") | ... AG11: =IFERROR(__xludf.DUMMYFUNCTION("""COMPUTED_VALUE"""),"") | AH11: =IFERROR(__xludf.DUMMYFUNCTION("""COMPUTED_VALUE"""),10.0) -> 10 | AI11: =IFERROR(__xludf.DUMMYFUNCTION("""COMPUTED_VALUE"""),"") | AJ11: =IFERROR(__xludf.DUMMYFUNCTION("""COMPUTED_VALUE"""),"") | AK11: =IFERROR(__xludf.DUMMYFUNCTION("""COMPUTED_VALUE"""),0.0) -> 0
A12: =IMAGE("https://www.serebii.net/pokemonsleep/meals/"&C12&".png",4,80,80) | B12: 哞哞起司番茄沙拉 | C12: moomoocapresesalad | D12: =SUM(K12,M12,O12,Q12) -> 23 | E12: 沙拉 | F12: =IFERROR(ROUND((H12-G12)/G12,2),0) -> 0.21 | G12: =SUMPRODUCT(R12:AK12,$R$1:$AK$1) -> 2441 | H12: 2942 | I12: =TEXTJOIN(",",TRUE,J12:Q12) -> 哞哞鮮奶,12,好眠番茄,6,純粹油,5 | J12: 哞哞鮮奶 | K12: 12 | L12: 好眠番茄 | M12: 6 | N12: 純粹油 | O12: 5 | R12: =IFERROR(__xludf.DUMMYFUNCTION("BYCOL($R$2:$AK$2, LAMBDA(header, IFERROR(SUM(FILTER(K12:Q12, J12:P12=header)), """"))) "),"") | S12: =IFERROR(__xludf.DUMMYFUNCTION("""COMPUTED_VALUE"""),12.0) -> 12 | T12: =IFERROR(__xludf.DUMMYFUNCTION("""COMPUTED_VALUE"""),"") | U12: =IFERROR(__xludf.DUMMYFUNCTION("""COMPUTED_VALUE"""),"") | V12: =IFERROR(__xludf.DUMMYFUNCTION("""COMPUTED_VALUE"""),"") | W12: =IFERROR(__xludf.DUMMYFUNCTION("""COMPUTED_VALUE"""),"") | X12: =IFERROR(__xludf.DUMMYFUNCTION("""COMPUTED_VALUE"""),6.0) -> 6 | Y12: =IFERROR(__xludf.DUMMYFUNCTION("""COMPUTED_VALUE"""),"") | Z12: =IFERROR(__xludf.DUMMYFUNCTION("""COMPUTED_VALUE"""),5.0) -> 5 | AA12: =IFERROR(__xludf.DUMMYFUNCTION("""COMPUTED_VALUE"""),"") | AB12: =IFERROR(__xludf.DUMMYFUNCTION("""COMPUTED_VALUE"""),"") | AC12: =IFERROR(__xludf.DUMMYFUNCTION("""COMPUTED_VALUE"""),"") | AD12: =IFERROR(__xludf.DUMMYFUNCTION("""COMPUTED_VALUE"""),"") | AE12: =IFERROR(__xludf.DUMMYFUNCTION("""COMPUTED_VALUE"""),"") | AF12: =IFERROR(__xludf.DUMMYFUNCTION("""COMPUTED_VALUE"""),"") | AG12: =IFERROR(__xludf.DUMMYFUNCTION("""COMPUTED_VALUE"""),"") | AH12: =IFERROR(__xludf.DUMMYFUNCTION("""COMPUTED_VALUE"""),"") | ... AJ12: =IFERROR(__xludf.DUMMYFUNCTION("""COMPUTED_VALUE"""),"") | AK12: =IFERROR(__xludf.DUMMYFUNCTION("""COMPUTED_VALUE"""),0.0) -> 0
A13: =IMAGE("https://www.serebii.net/pokemonsleep/meals/"&C13&".png",4,80,80) | B13: 蠻力豪邁沙拉 | C13: superpowerextremesalad | D13: =SUM(K13,M13,O13,Q13) -> 23 | E13: 沙拉 | F13: =IFERROR(ROUND((H13-G13)/G13,2),0) -> 0.2 | G13: =SUMPRODUCT(R13:AK13,$R$1:$AK$1) -> 2528 | H13: 3046 | I13: =TEXTJOIN(",",TRUE,J13:Q13) -> 豆製肉,9,暖暖薑,6,特選蛋,5,窩心洋芋,3 | J13: 豆製肉 | K13: 9 | L13: 暖暖薑 | M13: 6 | N13: 特選蛋 | O13: 5 | P13: 窩心洋芋 | Q13: 3 | R13: =IFERROR(__xludf.DUMMYFUNCTION("BYCOL($R$2:$AK$2, LAMBDA(header, IFERROR(SUM(FILTER(K13:Q13, J13:P13=header)), """"))) "),"") | S13: =IFERROR(__xludf.DUMMYFUNCTION("""COMPUTED_VALUE"""),"") | T13: =IFERROR(__xludf.DUMMYFUNCTION("""COMPUTED_VALUE"""),"") | U13: =IFERROR(__xludf.DUMMYFUNCTION("""COMPUTED_VALUE"""),"") | V13: =IFERROR(__xludf.DUMMYFUNCTION("""COMPUTED_VALUE"""),9.0) -> 9 | W13: =IFERROR(__xludf.DUMMYFUNCTION("""COMPUTED_VALUE"""),6.0) -> 6 | X13: =IFERROR(__xludf.DUMMYFUNCTION("""COMPUTED_VALUE"""),"") | Y13: =IFERROR(__xludf.DUMMYFUNCTION("""COMPUTED_VALUE"""),5.0) -> 5 | Z13: =IFERROR(__xludf.DUMMYFUNCTION("""COMPUTED_VALUE"""),"") | AA13: =IFERROR(__xludf.DUMMYFUNCTION("""COMPUTED_VALUE"""),3.0) -> 3 | AB13: =IFERROR(__xludf.DUMMYFUNCTION("""COMPUTED_VALUE"""),"") | AC13: =IFERROR(__xludf.DUMMYFUNCTION("""COMPUTED_VALUE"""),"") | AD13: =IFERROR(__xludf.DUMMYFUNCTION("""COMPUTED_VALUE"""),"") | AE13: =IFERROR(__xludf.DUMMYFUNCTION("""COMPUTED_VALUE"""),"") | AF13: =IFERROR(__xludf.DUMMYFUNCTION("""COMPUTED_VALUE"""),"") | AG13: =IFERROR(__xludf.DUMMYFUNCTION("""COMPUTED_VALUE"""),"") | AH13: =IFERROR(__xludf.DUMMYFUNCTION("""COMPUTED_VALUE"""),"") | AI13: =IFERROR(__xludf.DUMMYFUNCTION("""COMPUTED_VALUE"""),"") | ... AK13: =IFERROR(__xludf.DUMMYFUNCTION("""COMPUTED_VALUE"""),"")
A14: =IMAGE("https://www.serebii.net/pokemonsleep/meals/"&C14&".png",4,80,80) | B14: 濕潤豆腐沙拉 | C14: waterveiltofusalad | D14: =SUM(K14,M14,O14,Q14) -> 24 | E14: 沙拉 | F14: =IFERROR(ROUND((H14-G14)/G14,2),0) -> 0.25 | G14: =SUMPRODUCT(R14:AK14,$R$1:$AK$1) -> 2490 | H14: 3113 | I14: =TEXTJOIN(",",TRUE,J14:Q14) -> 萌綠大豆,15,好眠番茄,9 | J14: 萌綠大豆 | K14: 15 | L14: 好眠番茄 | M14: 9 | R14: =IFERROR(__xludf.DUMMYFUNCTION("BYCOL($R$2:$AK$2, LAMBDA(header, IFERROR(SUM(FILTER(K14:Q14, J14:P14=header)), """"))) "),"") | S14: =IFERROR(__xludf.DUMMYFUNCTION("""COMPUTED_VALUE"""),"") | T14: =IFERROR(__xludf.DUMMYFUNCTION("""COMPUTED_VALUE"""),15.0) -> 15 | U14: =IFERROR(__xludf.DUMMYFUNCTION("""COMPUTED_VALUE"""),"") | V14: =IFERROR(__xludf.DUMMYFUNCTION("""COMPUTED_VALUE"""),"") | W14: =IFERROR(__xludf.DUMMYFUNCTION("""COMPUTED_VALUE"""),"") | X14: =IFERROR(__xludf.DUMMYFUNCTION("""COMPUTED_VALUE"""),9.0) -> 9 | Y14: =IFERROR(__xludf.DUMMYFUNCTION("""COMPUTED_VALUE"""),"") | Z14: =IFERROR(__xludf.DUMMYFUNCTION("""COMPUTED_VALUE"""),"") | AA14: =IFERROR(__xludf.DUMMYFUNCTION("""COMPUTED_VALUE"""),"") | AB14: =IFERROR(__xludf.DUMMYFUNCTION("""COMPUTED_VALUE"""),"") | AC14: =IFERROR(__xludf.DUMMYFUNCTION("""COMPUTED_VALUE"""),"") | AD14: =IFERROR(__xludf.DUMMYFUNCTION("""COMPUTED_VALUE"""),"") | AE14: =IFERROR(__xludf.DUMMYFUNCTION("""COMPUTED_VALUE"""),"") | AF14: =IFERROR(__xludf.DUMMYFUNCTION("""COMPUTED_VALUE"""),"") | ... AJ14: =IFERROR(__xludf.DUMMYFUNCTION("""COMPUTED_VALUE"""),"") | AK14: =IFERROR(__xludf.DUMMYFUNCTION("""COMPUTED_VALUE"""),0.0) -> 0
A15: =IMAGE("https://www.serebii.net/pokemonsleep/meals/"&C15&".png",4,80,80) | B15: 心情不定肉沙拉淋巧克力醬 | C15: contrarychocolatemeatsalad | D15: =SUM(K15,M15,O15,Q15) -> 23 | E15: 沙拉 | F15: =IFERROR(ROUND((H15-G15)/G15,2),0) -> 0.21 | G15: =SUMPRODUCT(R15:AK15,$R$1:$AK$1) -> 3041 | H15: 3665 | I15: =TEXTJOIN(",",TRUE,J15:Q15) -> 放鬆可可,14,豆製肉,9 | J15: 放鬆可可 | K15: 14 | L15: 豆製肉 | M15: 9 | R15: =IFERROR(__xludf.DUMMYFUNCTION("BYCOL($R$2:$AK$2, LAMBDA(header, IFERROR(SUM(FILTER(K15:Q15, J15:P15=header)), """"))) "),"") | S15: =IFERROR(__xludf.DUMMYFUNCTION("""COMPUTED_VALUE"""),"") | T15: =IFERROR(__xludf.DUMMYFUNCTION("""COMPUTED_VALUE"""),"") | U15: =IFERROR(__xludf.DUMMYFUNCTION("""COMPUTED_VALUE"""),"") | V15: =IFERROR(__xludf.DUMMYFUNCTION("""COMPUTED_VALUE"""),9.0) -> 9 | W15: =IFERROR(__xludf.DUMMYFUNCTION("""COMPUTED_VALUE"""),"") | X15: =IFERROR(__xludf.DUMMYFUNCTION("""COMPUTED_VALUE"""),"") | Y15: =IFERROR(__xludf.DUMMYFUNCTION("""COMPUTED_VALUE"""),"") | Z15: =IFERROR(__xludf.DUMMYFUNCTION("""COMPUTED_VALUE"""),"") | AA15: =IFERROR(__xludf.DUMMYFUNCTION("""COMPUTED_VALUE"""),"") | AB15: =IFERROR(__xludf.DUMMYFUNCTION("""COMPUTED_VALUE"""),"") | AC15: =IFERROR(__xludf.DUMMYFUNCTION("""COMPUTED_VALUE"""),"") | AD15: =IFERROR(__xludf.DUMMYFUNCTION("""COMPUTED_VALUE"""),14.0) -> 14 | AE15: =IFERROR(__xludf.DUMMYFUNCTION("""COMPUTED_VALUE"""),"") | AF15: =IFERROR(__xludf.DUMMYFUNCTION("""COMPUTED_VALUE"""),"") | AG15: =IFERROR(__xludf.DUMMYFUNCTION("""COMPUTED_VALUE"""),"") | AH15: =IFERROR(__xludf.DUMMYFUNCTION("""COMPUTED_VALUE"""),"") | AI15: =IFERROR(__xludf.DUMMYFUNCTION("""COMPUTED_VALUE"""),"") | AJ15: =IFERROR(__xludf.DUMMYFUNCTION("""COMPUTED_VALUE"""),"") | AK15: =IFERROR(__xludf.DUMMYFUNCTION("""COMPUTED_VALUE"""),0.0) -> 0
A16: =IMAGE("https://www.serebii.net/pokemonsleep/meals/"&C16&".png",4,80,80) | B16: 貪吃鬼洋芋沙拉 | C16: gluttonypotatosalad | D16: =SUM(K16,M16,O16,Q16) -> 36 | E16: 沙拉 | F16: =IFERROR(ROUND((H16-G16)/G16,2),0) -> 0.25 | G16: =SUMPRODUCT(R16:AK16,$R$1:$AK$1) -> 4032 | H16: 5040 | I16: =TEXTJOIN(",",TRUE,J16:Q16) -> 窩心洋芋,14,特選蛋,9,豆製肉,7,特選蘋果,6 | J16: 窩心洋芋 | K16: 14 | L16: 特選蛋 | M16: 9 | N16: 豆製肉 | O16: 7 | P16: 特選蘋果 | Q16: 6 | R16: =IFERROR(__xludf.DUMMYFUNCTION("BYCOL($R$2:$AK$2, LAMBDA(header, IFERROR(SUM(FILTER(K16:Q16, J16:P16=header)), """"))) "),6.0) -> 6 | S16: =IFERROR(__xludf.DUMMYFUNCTION("""COMPUTED_VALUE"""),"") | T16: =IFERROR(__xludf.DUMMYFUNCTION("""COMPUTED_VALUE"""),"") | U16: =IFERROR(__xludf.DUMMYFUNCTION("""COMPUTED_VALUE"""),"") | V16: =IFERROR(__xludf.DUMMYFUNCTION("""COMPUTED_VALUE"""),7.0) -> 7 | W16: =IFERROR(__xludf.DUMMYFUNCTION("""COMPUTED_VALUE"""),"") | X16: =IFERROR(__xludf.DUMMYFUNCTION("""COMPUTED_VALUE"""),"") | Y16: =IFERROR(__xludf.DUMMYFUNCTION("""COMPUTED_VALUE"""),9.0) -> 9 | Z16: =IFERROR(__xludf.DUMMYFUNCTION("""COMPUTED_VALUE"""),"") | AA16: =IFERROR(__xludf.DUMMYFUNCTION("""COMPUTED_VALUE"""),14.0) -> 14 | AB16: =IFERROR(__xludf.DUMMYFUNCTION("""COMPUTED_VALUE"""),"") | AC16: =IFERROR(__xludf.DUMMYFUNCTION("""COMPUTED_VALUE"""),"") | AD16: =IFERROR(__xludf.DUMMYFUNCTION("""COMPUTED_VALUE"""),"") | AE16: =IFERROR(__xludf.DUMMYFUNCTION("""COMPUTED_VALUE"""),"") | AF16: =IFERROR(__xludf.DUMMYFUNCTION("""COMPUTED_VALUE"""),"") | AG16: =IFERROR(__xludf.DUMMYFUNCTION("""COMPUTED_VALUE"""),"") | AH16: =IFERROR(__xludf.DUMMYFUNCTION("""COMPUTED_VALUE"""),"") | AI16: =IFERROR(__xludf.DUMMYFUNCTION("""COMPUTED_VALUE"""),"") | ... AK16: =IFERROR(__xludf.DUMMYFUNCTION("""COMPUTED_VALUE"""),"")
A17: =IMAGE("https://www.serebii.net/pokemonsleep/meals/"&C17&".png",4,80,80) | B17: 過熱沙拉 | C17: overheatgingersalad | D17: =SUM(K17,M17,O17,Q17) -> 35 | E17: 沙拉 | F17: =IFERROR(ROUND((H17-G17)/G17,2),0) -> 0.25 | G17: =SUMPRODUCT(R17:AK17,$R$1:$AK$1) -> 4180 | H17: 5225 | I17: =TEXTJOIN(",",TRUE,J17:Q17) -> 火辣香草,17,暖暖薑,10,好眠番茄,8 | J17: 火辣香草 | K17: 17 | L17: 暖暖薑 | M17: 10 | N17: 好眠番茄 | O17: 8 | R17: =IFERROR(__xludf.DUMMYFUNCTION("BYCOL($R$2:$AK$2, LAMBDA(header, IFERROR(SUM(FILTER(K17:Q17, J17:P17=header)), """"))) "),"") | S17: =IFERROR(__xludf.DUMMYFUNCTION("""COMPUTED_VALUE"""),"") | T17: =IFERROR(__xludf.DUMMYFUNCTION("""COMPUTED_VALUE"""),"") | U17: =IFERROR(__xludf.DUMMYFUNCTION("""COMPUTED_VALUE"""),"") | V17: =IFERROR(__xludf.DUMMYFUNCTION("""COMPUTED_VALUE"""),"") | W17: =IFERROR(__xludf.DUMMYFUNCTION("""COMPUTED_VALUE"""),10.0) -> 10 | X17: =IFERROR(__xludf.DUMMYFUNCTION("""COMPUTED_VALUE"""),8.0) -> 8 | Y17: =IFERROR(__xludf.DUMMYFUNCTION("""COMPUTED_VALUE"""),"") | Z17: =IFERROR(__xludf.DUMMYFUNCTION("""COMPUTED_VALUE"""),"") | AA17: =IFERROR(__xludf.DUMMYFUNCTION("""COMPUTED_VALUE"""),"") | AB17: =IFERROR(__xludf.DUMMYFUNCTION("""COMPUTED_VALUE"""),17.0) -> 17 | AC17: =IFERROR(__xludf.DUMMYFUNCTION("""COMPUTED_VALUE"""),"") | AD17: =IFERROR(__xludf.DUMMYFUNCTION("""COMPUTED_VALUE"""),"") | AE17: =IFERROR(__xludf.DUMMYFUNCTION("""COMPUTED_VALUE"""),"") | AF17: =IFERROR(__xludf.DUMMYFUNCTION("""COMPUTED_VALUE"""),"") | AG17: =IFERROR(__xludf.DUMMYFUNCTION("""COMPUTED_VALUE"""),"") | AH17: =IFERROR(__xludf.DUMMYFUNCTION("""COMPUTED_VALUE"""),"") | AI17: =IFERROR(__xludf.DUMMYFUNCTION("""COMPUTED_VALUE"""),"") | AJ17: =IFERROR(__xludf.DUMMYFUNCTION("""COMPUTED_VALUE"""),"") | AK17: =IFERROR(__xludf.DUMMYFUNCTION("""COMPUTED_VALUE"""),0.0) -> 0
A18: =IMAGE("https://www.serebii.net/pokemonsleep/meals/"&C18&".png",4,80,80) | B18: 蘑菇孢子沙拉 | C18: sporemushroomsalad | D18: =SUM(K18,M18,O18,Q18) -> 33 | E18: 沙拉 | F18: =IFERROR(ROUND((H18-G18)/G18,2),0) -> 0.25 | G18: =SUMPRODUCT(R18:AK18,$R$1:$AK$1) -> 4687 | H18: 5859 | I18: =TEXTJOIN(",",TRUE,J18:Q18) -> 品鮮蘑菇,17,好眠番茄,8,純粹油,8 | J18: 品鮮蘑菇 | K18: 17 | L18: 好眠番茄 | M18: 8 | N18: 純粹油 | O18: 8 | R18: =IFERROR(__xludf.DUMMYFUNCTION("BYCOL($R$2:$AK$2, LAMBDA(header, IFERROR(SUM(FILTER(K18:Q18, J18:P18=header)), """"))) "),"") | S18: =IFERROR(__xludf.DUMMYFUNCTION("""COMPUTED_VALUE"""),"") | T18: =IFERROR(__xludf.DUMMYFUNCTION("""COMPUTED_VALUE"""),"") | U18: =IFERROR(__xludf.DUMMYFUNCTION("""COMPUTED_VALUE"""),"") | V18: =IFERROR(__xludf.DUMMYFUNCTION("""COMPUTED_VALUE"""),"") | W18: =IFERROR(__xludf.DUMMYFUNCTION("""COMPUTED_VALUE"""),"") | X18: =IFERROR(__xludf.DUMMYFUNCTION("""COMPUTED_VALUE"""),8.0) -> 8 | Y18: =IFERROR(__xludf.DUMMYFUNCTION("""COMPUTED_VALUE"""),"") | Z18: =IFERROR(__xludf.DUMMYFUNCTION("""COMPUTED_VALUE"""),8.0) -> 8 | AA18: =IFERROR(__xludf.DUMMYFUNCTION("""COMPUTED_VALUE"""),"") | AB18: =IFERROR(__xludf.DUMMYFUNCTION("""COMPUTED_VALUE"""),"") | AC18: =IFERROR(__xludf.DUMMYFUNCTION("""COMPUTED_VALUE"""),"") | AD18: =IFERROR(__xludf.DUMMYFUNCTION("""COMPUTED_VALUE"""),"") | AE18: =IFERROR(__xludf.DUMMYFUNCTION("""COMPUTED_VALUE"""),"") | AF18: =IFERROR(__xludf.DUMMYFUNCTION("""COMPUTED_VALUE"""),"") | AG18: =IFERROR(__xludf.DUMMYFUNCTION("""COMPUTED_VALUE"""),17.0) -> 17 | AH18: =IFERROR(__xludf.DUMMYFUNCTION("""COMPUTED_VALUE"""),"") | AI18: =IFERROR(__xludf.DUMMYFUNCTION("""COMPUTED_VALUE"""),"") | AJ18: =IFERROR(__xludf.DUMMYFUNCTION("""COMPUTED_VALUE"""),"") | AK18: =IFERROR(__xludf.DUMMYFUNCTION("""COMPUTED_VALUE"""),0.0) -> 0
A19: =IMAGE("https://www.serebii.net/pokemonsleep/meals/"&C19&".png",4,80,80) | B19: 碎裂酪梨沙拉 | C19: lusciousavocadosalad | D19: =SUM(K19,M19,O19,Q19) -> 42 | E19: 沙拉 | F19: =IFERROR(ROUND((H19-G19)/G19,2),0) -> 0.35 | G19: =SUMPRODUCT(R19:AK19,$R$1:$AK$1) -> 5278 | H19: 7125 | I19: =TEXTJOIN(",",TRUE,J19:Q19) -> 嫩亮酪梨,14,萌綠大豆,18,純粹油,10 | J19: 嫩亮酪梨 | K19: 14 | L19: 萌綠大豆 | M19: 18 | N19: 純粹油 | O19: 10 | T19: 18 | Z19: 10 | AF19: 14
A20: =IMAGE("https://www.serebii.net/pokemonsleep/meals/"&C20&".png",4,80,80) | B20: 冥想香甜沙拉 | C20: calmmindfruitsalad | D20: =SUM(K20,M20,O20,Q20) -> 49 | E20: 沙拉 | F20: =IFERROR(ROUND((H20-G20)/G20,2),0) -> 0.48 | G20: =SUMPRODUCT(R20:AK20,$R$1:$AK$1) -> 5186 | H20: 7675 | I20: =TEXTJOIN(",",TRUE,J20:Q20) -> 特選蘋果,21,甜甜蜜,16,萌綠玉米,12 | J20: 特選蘋果 | K20: 21 | L20: 甜甜蜜 | M20: 16 | N20: 萌綠玉米 | O20: 12 | R20: =IFERROR(__xludf.DUMMYFUNCTION("BYCOL($R$2:$AK$2, LAMBDA(header, IFERROR(SUM(FILTER(K20:Q20, J20:P20=header)), """"))) "),21.0) -> 21 | S20: =IFERROR(__xludf.DUMMYFUNCTION("""COMPUTED_VALUE"""),"") | T20: =IFERROR(__xludf.DUMMYFUNCTION("""COMPUTED_VALUE"""),"") | U20: =IFERROR(__xludf.DUMMYFUNCTION("""COMPUTED_VALUE"""),16.0) -> 16 | V20: =IFERROR(__xludf.DUMMYFUNCTION("""COMPUTED_VALUE"""),"") | W20: =IFERROR(__xludf.DUMMYFUNCTION("""COMPUTED_VALUE"""),"") | X20: =IFERROR(__xludf.DUMMYFUNCTION("""COMPUTED_VALUE"""),"") | Y20: =IFERROR(__xludf.DUMMYFUNCTION("""COMPUTED_VALUE"""),"") | Z20: =IFERROR(__xludf.DUMMYFUNCTION("""COMPUTED_VALUE"""),"") | AA20: =IFERROR(__xludf.DUMMYFUNCTION("""COMPUTED_VALUE"""),"") | AB20: =IFERROR(__xludf.DUMMYFUNCTION("""COMPUTED_VALUE"""),"") | AC20: =IFERROR(__xludf.DUMMYFUNCTION("""COMPUTED_VALUE"""),12.0) -> 12 | AD20: =IFERROR(__xludf.DUMMYFUNCTION("""COMPUTED_VALUE"""),"") | AE20: =IFERROR(__xludf.DUMMYFUNCTION("""COMPUTED_VALUE"""),"") | AF20: =IFERROR(__xludf.DUMMYFUNCTION("""COMPUTED_VALUE"""),"") | AG20: =IFERROR(__xludf.DUMMYFUNCTION("""COMPUTED_VALUE"""),"") | AH20: =IFERROR(__xludf.DUMMYFUNCTION("""COMPUTED_VALUE"""),"") | AI20: =IFERROR(__xludf.DUMMYFUNCTION("""COMPUTED_VALUE"""),"") | AJ20: =IFERROR(__xludf.DUMMYFUNCTION("""COMPUTED_VALUE"""),"") | AK20: =IFERROR(__xludf.DUMMYFUNCTION("""COMPUTED_VALUE"""),0.0) -> 0
A21: =IMAGE("https://www.serebii.net/pokemonsleep/meals/"&C21&".png",4,80,80) | B21: 呆呆獸尾巴的胡椒沙拉 | C21: slowpoketailpeppersalad | D21: =SUM(K21,M21,O21,Q21) -> 35 | E21: 沙拉 | F21: =IFERROR(ROUND((H21-G21)/G21,2),0) -> 0.25 | G21: =SUMPRODUCT(R21:AK21,$R$1:$AK$1) -> 6535 | H21: 8169 | I21: =TEXTJOIN(",",TRUE,J21:Q21) -> 純粹油,15,火辣香草,10,美味尾巴,10 | J21: 純粹油 | K21: 15 | L21: 火辣香草 | M21: 10 | N21: 美味尾巴 | O21: 10 | R21: =IFERROR(__xludf.DUMMYFUNCTION("BYCOL($R$2:$AK$2, LAMBDA(header, IFERROR(SUM(FILTER(K21:Q21, J21:P21=header)), """"))) "),"") | S21: =IFERROR(__xludf.DUMMYFUNCTION("""COMPUTED_VALUE"""),"") | T21: =IFERROR(__xludf.DUMMYFUNCTION("""COMPUTED_VALUE"""),"") | U21: =IFERROR(__xludf.DUMMYFUNCTION("""COMPUTED_VALUE"""),"") | V21: =IFERROR(__xludf.DUMMYFUNCTION("""COMPUTED_VALUE"""),"") | W21: =IFERROR(__xludf.DUMMYFUNCTION("""COMPUTED_VALUE"""),"") | X21: =IFERROR(__xludf.DUMMYFUNCTION("""COMPUTED_VALUE"""),"") | Y21: =IFERROR(__xludf.DUMMYFUNCTION("""COMPUTED_VALUE"""),"") | Z21: =IFERROR(__xludf.DUMMYFUNCTION("""COMPUTED_VALUE"""),15.0) -> 15 | AA21: =IFERROR(__xludf.DUMMYFUNCTION("""COMPUTED_VALUE"""),"") | AB21: =IFERROR(__xludf.DUMMYFUNCTION("""COMPUTED_VALUE"""),10.0) -> 10 | AC21: =IFERROR(__xludf.DUMMYFUNCTION("""COMPUTED_VALUE"""),"") | AD21: =IFERROR(__xludf.DUMMYFUNCTION("""COMPUTED_VALUE"""),"") | AE21: =IFERROR(__xludf.DUMMYFUNCTION("""COMPUTED_VALUE"""),"") | AF21: =IFERROR(__xludf.DUMMYFUNCTION("""COMPUTED_VALUE"""),"") | AG21: =IFERROR(__xludf.DUMMYFUNCTION("""COMPUTED_VALUE"""),"") | AH21: =IFERROR(__xludf.DUMMYFUNCTION("""COMPUTED_VALUE"""),"") | AI21: =IFERROR(__xludf.DUMMYFUNCTION("""COMPUTED_VALUE"""),"") | AJ21: =IFERROR(__xludf.DUMMYFUNCTION("""COMPUTED_VALUE"""),10.0) -> 10 | AK21: =IFERROR(__xludf.DUMMYFUNCTION("""COMPUTED_VALUE"""),0.0) -> 0
A22: =IMAGE("https://www.serebii.net/pokemonsleep/meals/"&C22&".png",4,80,80) | B22: 十字切碎丁沙拉 | C22: crosschopsalad | D22: =SUM(K22,M22,O22,Q22) -> 56 | E22: 沙拉 | F22: =IFERROR(ROUND((H22-G22)/G22,2),0) -> 0.35 | G22: =SUMPRODUCT(R22:AK22,$R$1:$AK$1) -> 6485 | H22: 8755 | I22: =TEXTJOIN(",",TRUE,J22:Q22) -> 特選蛋,20,豆製肉,15,萌綠玉米,11,好眠番茄,10 | J22: 特選蛋 | K22: 20 | L22: 豆製肉 | M22: 15 | N22: 萌綠玉米 | O22: 11 | P22: 好眠番茄 | Q22: 10 | R22: =IFERROR(__xludf.DUMMYFUNCTION("BYCOL($R$2:$AK$2, LAMBDA(header, IFERROR(SUM(FILTER(K22:Q22, J22:P22=header)), """"))) "),"") | S22: =IFERROR(__xludf.DUMMYFUNCTION("""COMPUTED_VALUE"""),"") | T22: =IFERROR(__xludf.DUMMYFUNCTION("""COMPUTED_VALUE"""),"") | U22: =IFERROR(__xludf.DUMMYFUNCTION("""COMPUTED_VALUE"""),"") | V22: =IFERROR(__xludf.DUMMYFUNCTION("""COMPUTED_VALUE"""),15.0) -> 15 | W22: =IFERROR(__xludf.DUMMYFUNCTION("""COMPUTED_VALUE"""),"") | X22: =IFERROR(__xludf.DUMMYFUNCTION("""COMPUTED_VALUE"""),10.0) -> 10 | Y22: =IFERROR(__xludf.DUMMYFUNCTION("""COMPUTED_VALUE"""),20.0) -> 20 | Z22: =IFERROR(__xludf.DUMMYFUNCTION("""COMPUTED_VALUE"""),"") | AA22: =IFERROR(__xludf.DUMMYFUNCTION("""COMPUTED_VALUE"""),"") | AB22: =IFERROR(__xludf.DUMMYFUNCTION("""COMPUTED_VALUE"""),"") | AC22: =IFERROR(__xludf.DUMMYFUNCTION("""COMPUTED_VALUE"""),11.0) -> 11 | AD22: =IFERROR(__xludf.DUMMYFUNCTION("""COMPUTED_VALUE"""),"") | AE22: =IFERROR(__xludf.DUMMYFUNCTION("""COMPUTED_VALUE"""),"") | AF22: =IFERROR(__xludf.DUMMYFUNCTION("""COMPUTED_VALUE"""),"") | AG22: =IFERROR(__xludf.DUMMYFUNCTION("""COMPUTED_VALUE"""),"") | AH22: =IFERROR(__xludf.DUMMYFUNCTION("""COMPUTED_VALUE"""),"") | AI22: =IFERROR(__xludf.DUMMYFUNCTION("""COMPUTED_VALUE"""),"") | AJ22: =IFERROR(__xludf.DUMMYFUNCTION("""COMPUTED_VALUE"""),"") | AK22: =IFERROR(__xludf.DUMMYFUNCTION("""COMPUTED_VALUE"""),"")
A23: =IMAGE("https://www.serebii.net/pokemonsleep/meals/"&C23&".png",4,80,80) | B23: 萌綠沙拉 | C23: greengrasssalad | D23: =SUM(K23,M23,O23,Q23) -> 62 | E23: 沙拉 | F23: =IFERROR(ROUND((H23-G23)/G23,2),0) -> 0.48 | G23: =SUMPRODUCT(R23:AK23,$R$1:$AK$1) -> 7698 | H23: 11393 | I23: =TEXTJOIN(",",TRUE,J23:Q23) -> 純粹油,22,萌綠玉米,17,好眠番茄,14,窩心洋芋,9 | J23: 純粹油 | K23: 22 | L23: 萌綠玉米 | M23: 17 | N23: 好眠番茄 | O23: 14 | P23: 窩心洋芋 | Q23: 9 | R23: =IFERROR(__xludf.DUMMYFUNCTION("BYCOL($R$2:$AK$2, LAMBDA(header, IFERROR(SUM(FILTER(K23:Q23, J23:P23=header)), """"))) "),"") | S23: =IFERROR(__xludf.DUMMYFUNCTION("""COMPUTED_VALUE"""),"") | T23: =IFERROR(__xludf.DUMMYFUNCTION("""COMPUTED_VALUE"""),"") | U23: =IFERROR(__xludf.DUMMYFUNCTION("""COMPUTED_VALUE"""),"") | V23: =IFERROR(__xludf.DUMMYFUNCTION("""COMPUTED_VALUE"""),"") | W23: =IFERROR(__xludf.DUMMYFUNCTION("""COMPUTED_VALUE"""),"") | X23: =IFERROR(__xludf.DUMMYFUNCTION("""COMPUTED_VALUE"""),14.0) -> 14 | Y23: =IFERROR(__xludf.DUMMYFUNCTION("""COMPUTED_VALUE"""),"") | Z23: =IFERROR(__xludf.DUMMYFUNCTION("""COMPUTED_VALUE"""),22.0) -> 22 | AA23: =IFERROR(__xludf.DUMMYFUNCTION("""COMPUTED_VALUE"""),9.0) -> 9 | AB23: =IFERROR(__xludf.DUMMYFUNCTION("""COMPUTED_VALUE"""),"") | AC23: =IFERROR(__xludf.DUMMYFUNCTION("""COMPUTED_VALUE"""),17.0) -> 17 | AD23: =IFERROR(__xludf.DUMMYFUNCTION("""COMPUTED_VALUE"""),"") | AE23: =IFERROR(__xludf.DUMMYFUNCTION("""COMPUTED_VALUE"""),"") | AF23: =IFERROR(__xludf.DUMMYFUNCTION("""COMPUTED_VALUE"""),"") | AG23: =IFERROR(__xludf.DUMMYFUNCTION("""COMPUTED_VALUE"""),"") | AH23: =IFERROR(__xludf.DUMMYFUNCTION("""COMPUTED_VALUE"""),"") | AI23: =IFERROR(__xludf.DUMMYFUNCTION("""COMPUTED_VALUE"""),"") | AJ23: =IFERROR(__xludf.DUMMYFUNCTION("""COMPUTED_VALUE"""),"") | AK23: =IFERROR(__xludf.DUMMYFUNCTION("""COMPUTED_VALUE"""),"")
A24: =IMAGE("https://www.serebii.net/pokemonsleep/meals/"&C24&".png",4,80,80) | B24: 忍者沙拉 | C24: ninjasalad | D24: =SUM(K24,M24,O24,Q24) -> 57 | E24: 沙拉 | F24: =IFERROR(ROUND((H24-G24)/G24,2),0) -> 0.48 | G24: =SUMPRODUCT(R24:AK24,$R$1:$AK$1) -> 7878 | H24: 11659 | I24: =TEXTJOIN(",",TRUE,J24:Q24) -> 萌綠大豆,19,粗枝大蔥,15,品鮮蘑菇,12,暖暖薑,11 | J24: 萌綠大豆 | K24: 19 | L24: 粗枝大蔥 | M24: 15 | N24: 品鮮蘑菇 | O24: 12 | P24: 暖暖薑 | Q24: 11 | R24: =IFERROR(__xludf.DUMMYFUNCTION("BYCOL($R$2:$AK$2, LAMBDA(header, IFERROR(SUM(FILTER(K24:Q24, J24:P24=header)), """"))) "),"") | S24: =IFERROR(__xludf.DUMMYFUNCTION("""COMPUTED_VALUE"""),"") | T24: =IFERROR(__xludf.DUMMYFUNCTION("""COMPUTED_VALUE"""),19.0) -> 19 | U24: =IFERROR(__xludf.DUMMYFUNCTION("""COMPUTED_VALUE"""),"") | V24: =IFERROR(__xludf.DUMMYFUNCTION("""COMPUTED_VALUE"""),"") | W24: =IFERROR(__xludf.DUMMYFUNCTION("""COMPUTED_VALUE"""),11.0) -> 11 | X24: =IFERROR(__xludf.DUMMYFUNCTION("""COMPUTED_VALUE"""),"") | Y24: =IFERROR(__xludf.DUMMYFUNCTION("""COMPUTED_VALUE"""),"") | Z24: =IFERROR(__xludf.DUMMYFUNCTION("""COMPUTED_VALUE"""),"") | AA24: =IFERROR(__xludf.DUMMYFUNCTION("""COMPUTED_VALUE"""),"") | AB24: =IFERROR(__xludf.DUMMYFUNCTION("""COMPUTED_VALUE"""),"") | AC24: =IFERROR(__xludf.DUMMYFUNCTION("""COMPUTED_VALUE"""),"") | AD24: =IFERROR(__xludf.DUMMYFUNCTION("""COMPUTED_VALUE"""),"") | AE24: =IFERROR(__xludf.DUMMYFUNCTION("""COMPUTED_VALUE"""),"") | AF24: =IFERROR(__xludf.DUMMYFUNCTION("""COMPUTED_VALUE"""),"") | AG24: =IFERROR(__xludf.DUMMYFUNCTION("""COMPUTED_VALUE"""),12.0) -> 12 | AH24: =IFERROR(__xludf.DUMMYFUNCTION("""COMPUTED_VALUE"""),15.0) -> 15 | AI24: =IFERROR(__xludf.DUMMYFUNCTION("""COMPUTED_VALUE"""),"") | AJ24: =IFERROR(__xludf.DUMMYFUNCTION("""COMPUTED_VALUE"""),"") | AK24: =IFERROR(__xludf.DUMMYFUNCTION("""COMPUTED_VALUE"""),"")
A25: =IMAGE("https://www.serebii.net/pokemonsleep/meals/"&C25&".png",4,80,80) | B25: 落英繽紛含羞草蛋沙拉 | C25: petalblizzardlayeredsalad | D25: =SUM(K25,M25,O25,Q25) -> 69 | E25: 沙拉 | F25: =IFERROR(ROUND((H25-G25)/G25,2),0) -> 0.48 | G25: =SUMPRODUCT(R25:AK25,$R$1:$AK$1) -> 8028 | H25: 11881 | I25: =TEXTJOIN(",",TRUE,J25:Q25) -> 特選蛋,25,純粹油,17,窩心洋芋,15,豆製肉,12 | J25: 特選蛋 | K25: 25 | L25: 純粹油 | M25: 17 | N25: 窩心洋芋 | O25: 15 | P25: 豆製肉 | Q25: 12 | R25: =IFERROR(__xludf.DUMMYFUNCTION("BYCOL($R$2:$AK$2, LAMBDA(header, IFERROR(SUM(FILTER(K25:Q25, J25:P25=header)), """"))) "),"") | S25: =IFERROR(__xludf.DUMMYFUNCTION("""COMPUTED_VALUE"""),"") | T25: =IFERROR(__xludf.DUMMYFUNCTION("""COMPUTED_VALUE"""),"") | U25: =IFERROR(__xludf.DUMMYFUNCTION("""COMPUTED_VALUE"""),"") | V25: =IFERROR(__xludf.DUMMYFUNCTION("""COMPUTED_VALUE"""),12.0) -> 12 | W25: =IFERROR(__xludf.DUMMYFUNCTION("""COMPUTED_VALUE"""),"") | X25: =IFERROR(__xludf.DUMMYFUNCTION("""COMPUTED_VALUE"""),"") | Y25: =IFERROR(__xludf.DUMMYFUNCTION("""COMPUTED_VALUE"""),25.0) -> 25 | Z25: =IFERROR(__xludf.DUMMYFUNCTION("""COMPUTED_VALUE"""),17.0) -> 17 | AA25: =IFERROR(__xludf.DUMMYFUNCTION("""COMPUTED_VALUE"""),15.0) -> 15 | AB25: =IFERROR(__xludf.DUMMYFUNCTION("""COMPUTED_VALUE"""),"") | AC25: =IFERROR(__xludf.DUMMYFUNCTION("""COMPUTED_VALUE"""),"") | AD25: =IFERROR(__xludf.DUMMYFUNCTION("""COMPUTED_VALUE"""),"") | AE25: =IFERROR(__xludf.DUMMYFUNCTION("""COMPUTED_VALUE"""),"") | AF25: =IFERROR(__xludf.DUMMYFUNCTION("""COMPUTED_VALUE"""),"") | AG25: =IFERROR(__xludf.DUMMYFUNCTION("""COMPUTED_VALUE"""),"") | AH25: =IFERROR(__xludf.DUMMYFUNCTION("""COMPUTED_VALUE"""),"") | AI25: =IFERROR(__xludf.DUMMYFUNCTION("""COMPUTED_VALUE"""),"") | ... AK25: =IFERROR(__xludf.DUMMYFUNCTION("""COMPUTED_VALUE"""),"")
A26: =IMAGE("https://www.serebii.net/pokemonsleep/meals/"&C26&".png",4,80,80) | B26: 蘋果酸優格沙拉 | C26: appleacidyogurt-dressedsalad | D26: =SUM(K26,M26,O26,Q26) -> 104 | E26: 沙拉 | F26: =IFERROR(ROUND((H26-G26)/G26,2),0) -> 0.78 | G26: =SUMPRODUCT(R26:AK26,$R$1:$AK$1) -> 10839 | H26: 19293 | I26: =TEXTJOIN(",",TRUE,J26:Q26) -> 特選蛋,35,特選蘋果,28,好眠番茄,23,哞哞鮮奶,18 | J26: 特選蛋 | K26: 35 | L26: 特選蘋果 | M26: 28 | N26: 好眠番茄 | O26: 23 | P26: 哞哞鮮奶 | Q26: 18 | R26: =IFERROR(__xludf.DUMMYFUNCTION("BYCOL($R$2:$AK$2, LAMBDA(header, IFERROR(SUM(FILTER(K26:Q26, J26:P26=header)), """"))) "),28.0) -> 28 | S26: =IFERROR(__xludf.DUMMYFUNCTION("""COMPUTED_VALUE"""),18.0) -> 18 | T26: =IFERROR(__xludf.DUMMYFUNCTION("""COMPUTED_VALUE"""),"") | U26: =IFERROR(__xludf.DUMMYFUNCTION("""COMPUTED_VALUE"""),"") | V26: =IFERROR(__xludf.DUMMYFUNCTION("""COMPUTED_VALUE"""),"") | W26: =IFERROR(__xludf.DUMMYFUNCTION("""COMPUTED_VALUE"""),"") | X26: =IFERROR(__xludf.DUMMYFUNCTION("""COMPUTED_VALUE"""),23.0) -> 23 | Y26: =IFERROR(__xludf.DUMMYFUNCTION("""COMPUTED_VALUE"""),35.0) -> 35 | Z26: =IFERROR(__xludf.DUMMYFUNCTION("""COMPUTED_VALUE"""),"") | AA26: =IFERROR(__xludf.DUMMYFUNCTION("""COMPUTED_VALUE"""),"") | AB26: =IFERROR(__xludf.DUMMYFUNCTION("""COMPUTED_VALUE"""),"") | AC26: =IFERROR(__xludf.DUMMYFUNCTION("""COMPUTED_VALUE"""),"") | AD26: =IFERROR(__xludf.DUMMYFUNCTION("""COMPUTED_VALUE"""),"") | AE26: =IFERROR(__xludf.DUMMYFUNCTION("""COMPUTED_VALUE"""),"") | AF26: =IFERROR(__xludf.DUMMYFUNCTION("""COMPUTED_VALUE"""),"") | AG26: =IFERROR(__xludf.DUMMYFUNCTION("""COMPUTED_VALUE"""),"") | ... AK26: =IFERROR(__xludf.DUMMYFUNCTION("""COMPUTED_VALUE"""),"")
A27: =IMAGE("https://www.serebii.net/pokemonsleep/meals/"&C27&".png",4,80,80) | B27: 不服輸咖啡沙拉 | C27: defiantcoffee-dressedsalad | D27: =SUM(K27,M27,O27,Q27) -> 100 | E27: 沙拉 | F27: =IFERROR(ROUND((H27-G27)/G27,2),0) -> 0.61 | G27: =SUMPRODUCT(R27:AK27,$R$1:$AK$1) -> 12558 | H27: 20218 | I27: =TEXTJOIN(",",TRUE,J27:Q27) -> 醒腦咖啡豆,28,豆製肉,28,純粹油,22,窩心洋芋,22 | J27: 醒腦咖啡豆 | K27: 28 | L27: 豆製肉 | M27: 28 | N27: 純粹油 | O27: 22 | P27: 窩心洋芋 | Q27: 22 | R27: =IFERROR(__xludf.DUMMYFUNCTION("BYCOL($R$2:$AK$2, LAMBDA(header, IFERROR(SUM(FILTER(K27:Q27, J27:P27=header)), """"))) "),"") | S27: =IFERROR(__xludf.DUMMYFUNCTION("""COMPUTED_VALUE"""),"") | T27: =IFERROR(__xludf.DUMMYFUNCTION("""COMPUTED_VALUE"""),"") | U27: =IFERROR(__xludf.DUMMYFUNCTION("""COMPUTED_VALUE"""),"") | V27: =IFERROR(__xludf.DUMMYFUNCTION("""COMPUTED_VALUE"""),28.0) -> 28 | W27: =IFERROR(__xludf.DUMMYFUNCTION("""COMPUTED_VALUE"""),"") | X27: =IFERROR(__xludf.DUMMYFUNCTION("""COMPUTED_VALUE"""),"") | Y27: =IFERROR(__xludf.DUMMYFUNCTION("""COMPUTED_VALUE"""),"") | Z27: =IFERROR(__xludf.DUMMYFUNCTION("""COMPUTED_VALUE"""),22.0) -> 22 | AA27: =IFERROR(__xludf.DUMMYFUNCTION("""COMPUTED_VALUE"""),22.0) -> 22 | AB27: =IFERROR(__xludf.DUMMYFUNCTION("""COMPUTED_VALUE"""),"") | AC27: =IFERROR(__xludf.DUMMYFUNCTION("""COMPUTED_VALUE"""),"") | AD27: =IFERROR(__xludf.DUMMYFUNCTION("""COMPUTED_VALUE"""),"") | AE27: =IFERROR(__xludf.DUMMYFUNCTION("""COMPUTED_VALUE"""),28.0) -> 28 | AF27: =IFERROR(__xludf.DUMMYFUNCTION("""COMPUTED_VALUE"""),"") | AG27: =IFERROR(__xludf.DUMMYFUNCTION("""COMPUTED_VALUE"""),"") | AH27: =IFERROR(__xludf.DUMMYFUNCTION("""COMPUTED_VALUE"""),"") | AI27: =IFERROR(__xludf.DUMMYFUNCTION("""COMPUTED_VALUE"""),"") | AJ27: =IFERROR(__xludf.DUMMYFUNCTION("""COMPUTED_VALUE"""),"") | AK27: =IFERROR(__xludf.DUMMYFUNCTION("""COMPUTED_VALUE"""),"")
A28: =IMAGE("https://www.serebii.net/pokemonsleep/meals/"&C28&".png",4,80,80) | B28: 重踏酪梨醬脆片 | C28: bulldozeguacamoleandchips | D28: =SUM(K28,M28,O28,Q28) -> 105 | E28: 沙拉 | F28: =IFERROR(ROUND((H28-G28)/G28,2),0) -> 0.78 | G28: =SUMPRODUCT(R28:AK28,$R$1:$AK$1) -> 14136 | H28: 25162 | I28: =TEXTJOIN(",",TRUE,J28:Q28) -> 嫩亮酪梨,28,萌綠玉米,25,火辣香草,30,萌綠大豆,22 | J28: 嫩亮酪梨 | K28: 28 | L28: 萌綠玉米 | M28: 25 | N28: 火辣香草 | O28: 30 | P28: 萌綠大豆 | Q28: 22 | T28: 22 | AB28: 30 | AC28: 25 | AF28: 28
A29: =IMAGE("https://www.serebii.net/pokemonsleep/meals/"&C29&".png",4,80,80) | B29: 大塊滿滿熱水沙拉 | C29: scaldchunkysalad | D29: =SUM(K29,M29,O29,Q29) -> 95 | E29: 沙拉 | F29: =IFERROR(ROUND((H29-G29)/G29,2),0) -> 0.61 | G29: =SUMPRODUCT(R29:AK29,$R$1:$AK$1) -> 15749 | H29: 25356 | I29: =TEXTJOIN(",",TRUE,J29:Q29) -> 沉甸甸南瓜,20,窩心洋芋,30,萌綠玉米,18,品鮮蘑菇,27 | J29: 沉甸甸南瓜 | K29: 20 | L29: 窩心洋芋 | M29: 30 | N29: 萌綠玉米 | O29: 18 | P29: 品鮮蘑菇 | Q29: 27 | R29: =IFERROR(__xludf.DUMMYFUNCTION("BYCOL($R$2:$AK$2, LAMBDA(header, IFERROR(SUM(FILTER(K29:Q29, J29:P29=header)), """"))) "),"") | S29: =IFERROR(__xludf.DUMMYFUNCTION("""COMPUTED_VALUE"""),"") | T29: =IFERROR(__xludf.DUMMYFUNCTION("""COMPUTED_VALUE"""),"") | U29: =IFERROR(__xludf.DUMMYFUNCTION("""COMPUTED_VALUE"""),"") | V29: =IFERROR(__xludf.DUMMYFUNCTION("""COMPUTED_VALUE"""),"") | W29: =IFERROR(__xludf.DUMMYFUNCTION("""COMPUTED_VALUE"""),"") | X29: =IFERROR(__xludf.DUMMYFUNCTION("""COMPUTED_VALUE"""),"") | Y29: =IFERROR(__xludf.DUMMYFUNCTION("""COMPUTED_VALUE"""),"") | Z29: =IFERROR(__xludf.DUMMYFUNCTION("""COMPUTED_VALUE"""),"") | AA29: =IFERROR(__xludf.DUMMYFUNCTION("""COMPUTED_VALUE"""),30.0) -> 30 | AB29: =IFERROR(__xludf.DUMMYFUNCTION("""COMPUTED_VALUE"""),"") | AC29: =IFERROR(__xludf.DUMMYFUNCTION("""COMPUTED_VALUE"""),18.0) -> 18 | AD29: =IFERROR(__xludf.DUMMYFUNCTION("""COMPUTED_VALUE"""),"") | AE29: =IFERROR(__xludf.DUMMYFUNCTION("""COMPUTED_VALUE"""),"") | AF29: =IFERROR(__xludf.DUMMYFUNCTION("""COMPUTED_VALUE"""),"") | AG29: =IFERROR(__xludf.DUMMYFUNCTION("""COMPUTED_VALUE"""),27.0) -> 27 | AH29: =IFERROR(__xludf.DUMMYFUNCTION("""COMPUTED_VALUE"""),"") | AI29: =IFERROR(__xludf.DUMMYFUNCTION("""COMPUTED_VALUE"""),20.0) -> 20 | AJ29: =IFERROR(__xludf.DUMMYFUNCTION("""COMPUTED_VALUE"""),"") | AK29: =IFERROR(__xludf.DUMMYFUNCTION("""COMPUTED_VALUE"""),"")
A30: =IMAGE("https://www.serebii.net/pokemonsleep/meals/"&C30&".png",4,80,80) | B30: 拌拌咖哩 | C30: mixedcurry | D30: =SUM(K30,M30,O30,Q30) -> 0 | E30: 咖哩、濃湯 | F30: =IFERROR(ROUND((H30-G30)/G30,2),0) -> 0 | G30: =SUMPRODUCT(R30:AK30,$R$1:$AK$1) -> 0 | H30: 0 | I30: =TEXTJOIN(",",TRUE,J30:Q30) | R30: =IFERROR(__xludf.DUMMYFUNCTION("BYCOL($R$2:$AK$2, LAMBDA(header, IFERROR(SUM(FILTER(K30:Q30, J30:P30=header)), """"))) "),"") | S30: =IFERROR(__xludf.DUMMYFUNCTION("""COMPUTED_VALUE"""),"") | T30: =IFERROR(__xludf.DUMMYFUNCTION("""COMPUTED_VALUE"""),"") | U30: =IFERROR(__xludf.DUMMYFUNCTION("""COMPUTED_VALUE"""),"") | V30: =IFERROR(__xludf.DUMMYFUNCTION("""COMPUTED_VALUE"""),"") | W30: =IFERROR(__xludf.DUMMYFUNCTION("""COMPUTED_VALUE"""),"") | X30: =IFERROR(__xludf.DUMMYFUNCTION("""COMPUTED_VALUE"""),"") | Y30: =IFERROR(__xludf.DUMMYFUNCTION("""COMPUTED_VALUE"""),"") | Z30: =IFERROR(__xludf.DUMMYFUNCTION("""COMPUTED_VALUE"""),"") | ... AJ30: =IFERROR(__xludf.DUMMYFUNCTION("""COMPUTED_VALUE"""),"") | AK30: =IFERROR(__xludf.DUMMYFUNCTION("""COMPUTED_VALUE"""),0.0) -> 0
A31: =IMAGE("https://www.serebii.net/pokemonsleep/meals/"&C31&".png",4,80,80) | B31: 特選蘋果咖哩 | C31: fancyapplecurry | D31: =SUM(K31,M31,O31,Q31) -> 7 | E31: 咖哩、濃湯 | F31: =IFERROR(ROUND((H31-G31)/G31,2),0) -> 0.16 | G31: =SUMPRODUCT(R31:AK31,$R$1:$AK$1) -> 630 | H31: 728 | I31: =TEXTJOIN(",",TRUE,J31:Q31) -> 特選蘋果,7 | J31: 特選蘋果 | K31: 7 | R31: =IFERROR(__xludf.DUMMYFUNCTION("BYCOL($R$2:$AK$2, LAMBDA(header, IFERROR(SUM(FILTER(K31:Q31, J31:P31=header)), """"))) "),7.0) -> 7 | S31: =IFERROR(__xludf.DUMMYFUNCTION("""COMPUTED_VALUE"""),"") | T31: =IFERROR(__xludf.DUMMYFUNCTION("""COMPUTED_VALUE"""),"") | U31: =IFERROR(__xludf.DUMMYFUNCTION("""COMPUTED_VALUE"""),"") | V31: =IFERROR(__xludf.DUMMYFUNCTION("""COMPUTED_VALUE"""),"") | W31: =IFERROR(__xludf.DUMMYFUNCTION("""COMPUTED_VALUE"""),"") | X31: =IFERROR(__xludf.DUMMYFUNCTION("""COMPUTED_VALUE"""),"") | Y31: =IFERROR(__xludf.DUMMYFUNCTION("""COMPUTED_VALUE"""),"") | Z31: =IFERROR(__xludf.DUMMYFUNCTION("""COMPUTED_VALUE"""),"") | ... AJ31: =IFERROR(__xludf.DUMMYFUNCTION("""COMPUTED_VALUE"""),"") | AK31: =IFERROR(__xludf.DUMMYFUNCTION("""COMPUTED_VALUE"""),0.0) -> 0
A32: =IMAGE("https://www.serebii.net/pokemonsleep/meals/"&C32&".png",4,80,80) | B32: 單純白醬濃湯 | C32: simplechowder | D32: =SUM(K32,M32,O32,Q32) -> 7 | E32: 咖哩、濃湯 | F32: =IFERROR(ROUND((H32-G32)/G32,2),0) -> 0.19 | G32: =SUMPRODUCT(R32:AK32,$R$1:$AK$1) -> 686 | H32: 814 | I32: =TEXTJOIN(",",TRUE,J32:Q32) -> 哞哞鮮奶,7 | J32: 哞哞鮮奶 | K32: 7 | R32: =IFERROR(__xludf.DUMMYFUNCTION("BYCOL($R$2:$AK$2, LAMBDA(header, IFERROR(SUM(FILTER(K32:Q32, J32:P32=header)), """"))) "),"") | S32: =IFERROR(__xludf.DUMMYFUNCTION("""COMPUTED_VALUE"""),7.0) -> 7 | T32: =IFERROR(__xludf.DUMMYFUNCTION("""COMPUTED_VALUE"""),"") | U32: =IFERROR(__xludf.DUMMYFUNCTION("""COMPUTED_VALUE"""),"") | V32: =IFERROR(__xludf.DUMMYFUNCTION("""COMPUTED_VALUE"""),"") | W32: =IFERROR(__xludf.DUMMYFUNCTION("""COMPUTED_VALUE"""),"") | X32: =IFERROR(__xludf.DUMMYFUNCTION("""COMPUTED_VALUE"""),"") | Y32: =IFERROR(__xludf.DUMMYFUNCTION("""COMPUTED_VALUE"""),"") | Z32: =IFERROR(__xludf.DUMMYFUNCTION("""COMPUTED_VALUE"""),"") | AA32: =IFERROR(__xludf.DUMMYFUNCTION("""COMPUTED_VALUE"""),"") | ... AJ32: =IFERROR(__xludf.DUMMYFUNCTION("""COMPUTED_VALUE"""),"") | AK32: =IFERROR(__xludf.DUMMYFUNCTION("""COMPUTED_VALUE"""),0.0) -> 0
A33: =IMAGE("https://www.serebii.net/pokemonsleep/meals/"&C33&".png",4,80,80) | B33: 寶寶甜蜜咖哩 | C33: dreameaterbuttercurry | D33: =SUM(K33,M33,O33,Q33) -> 7 | E33: 咖哩、濃湯 | F33: =IFERROR(ROUND((H33-G33)/G33,2),0) -> 0.19 | G33: =SUMPRODUCT(R33:AK33,$R$1:$AK$1) -> 707 | H33: 839 | I33: =TEXTJOIN(",",TRUE,J33:Q33) -> 甜甜蜜,7 | J33: 甜甜蜜 | K33: 7 | R33: =IFERROR(__xludf.DUMMYFUNCTION("BYCOL($R$2:$AK$2, LAMBDA(header, IFERROR(SUM(FILTER(K33:Q33, J33:P33=header)), """"))) "),"") | S33: =IFERROR(__xludf.DUMMYFUNCTION("""COMPUTED_VALUE"""),"") | T33: =IFERROR(__xludf.DUMMYFUNCTION("""COMPUTED_VALUE"""),"") | U33: =IFERROR(__xludf.DUMMYFUNCTION("""COMPUTED_VALUE"""),7.0) -> 7 | V33: =IFERROR(__xludf.DUMMYFUNCTION("""COMPUTED_VALUE"""),"") | W33: =IFERROR(__xludf.DUMMYFUNCTION("""COMPUTED_VALUE"""),"") | X33: =IFERROR(__xludf.DUMMYFUNCTION("""COMPUTED_VALUE"""),"") | Y33: =IFERROR(__xludf.DUMMYFUNCTION("""COMPUTED_VALUE"""),"") | Z33: =IFERROR(__xludf.DUMMYFUNCTION("""COMPUTED_VALUE"""),"") | AA33: =IFERROR(__xludf.DUMMYFUNCTION("""COMPUTED_VALUE"""),"") | AB33: =IFERROR(__xludf.DUMMYFUNCTION("""COMPUTED_VALUE"""),"") | AC33: =IFERROR(__xludf.DUMMYFUNCTION("""COMPUTED_VALUE"""),"") | ... AJ33: =IFERROR(__xludf.DUMMYFUNCTION("""COMPUTED_VALUE"""),"") | AK33: =IFERROR(__xludf.DUMMYFUNCTION("""COMPUTED_VALUE"""),0.0) -> 0
A34: =IMAGE("https://www.serebii.net/pokemonsleep/meals/"&C34&".png",4,80,80) | B34: 豆製肉排咖哩 | C34: beanburgercurry | D34: =SUM(K34,M34,O34,Q34) -> 7 | E34: 咖哩、濃湯 | F34: =IFERROR(ROUND((H34-G34)/G34,2),0) -> 0.19 | G34: =SUMPRODUCT(R34:AK34,$R$1:$AK$1) -> 721 | H34: 856 | I34: =TEXTJOIN(",",TRUE,J34:Q34) -> 豆製肉,7 | J34: 豆製肉 | K34: 7 | R34: =IFERROR(__xludf.DUMMYFUNCTION("BYCOL($R$2:$AK$2, LAMBDA(header, IFERROR(SUM(FILTER(K34:Q34, J34:P34=header)), """"))) "),"") | S34: =IFERROR(__xludf.DUMMYFUNCTION("""COMPUTED_VALUE"""),"") | T34: =IFERROR(__xludf.DUMMYFUNCTION("""COMPUTED_VALUE"""),"") | U34: =IFERROR(__xludf.DUMMYFUNCTION("""COMPUTED_VALUE"""),"") | V34: =IFERROR(__xludf.DUMMYFUNCTION("""COMPUTED_VALUE"""),7.0) -> 7 | W34: =IFERROR(__xludf.DUMMYFUNCTION("""COMPUTED_VALUE"""),"") | X34: =IFERROR(__xludf.DUMMYFUNCTION("""COMPUTED_VALUE"""),"") | Y34: =IFERROR(__xludf.DUMMYFUNCTION("""COMPUTED_VALUE"""),"") | Z34: =IFERROR(__xludf.DUMMYFUNCTION("""COMPUTED_VALUE"""),"") | AA34: =IFERROR(__xludf.DUMMYFUNCTION("""COMPUTED_VALUE"""),"") | AB34: =IFERROR(__xludf.DUMMYFUNCTION("""COMPUTED_VALUE"""),"") | AC34: =IFERROR(__xludf.DUMMYFUNCTION("""COMPUTED_VALUE"""),"") | AD34: =IFERROR(__xludf.DUMMYFUNCTION("""COMPUTED_VALUE"""),"") | ... AJ34: =IFERROR(__xludf.DUMMYFUNCTION("""COMPUTED_VALUE"""),"") | AK34: =IFERROR(__xludf.DUMMYFUNCTION("""COMPUTED_VALUE"""),0.0) -> 0
A35: =IMAGE("https://www.serebii.net/pokemonsleep/meals/"&C35&".png",4,80,80) | B35: 吃飽飽起司肉排咖哩 | C35: heartycheeseburgercurry | D35: =SUM(K35,M35,O35,Q35) -> 16 | E35: 咖哩、濃湯 | F35: =IFERROR(ROUND((H35-G35)/G35,2),0) -> 0.19 | G35: =SUMPRODUCT(R35:AK35,$R$1:$AK$1) -> 1608 | H35: 1910 | I35: =TEXTJOIN(",",TRUE,J35:Q35) -> 豆製肉,8,哞哞鮮奶,8 | J35: 豆製肉 | K35: 8 | L35: 哞哞鮮奶 | M35: 8 | R35: =IFERROR(__xludf.DUMMYFUNCTION("BYCOL($R$2:$AK$2, LAMBDA(header, IFERROR(SUM(FILTER(K35:Q35, J35:P35=header)), """"))) "),"") | S35: =IFERROR(__xludf.DUMMYFUNCTION("""COMPUTED_VALUE"""),8.0) -> 8 | T35: =IFERROR(__xludf.DUMMYFUNCTION("""COMPUTED_VALUE"""),"") | U35: =IFERROR(__xludf.DUMMYFUNCTION("""COMPUTED_VALUE"""),"") | V35: =IFERROR(__xludf.DUMMYFUNCTION("""COMPUTED_VALUE"""),8.0) -> 8 | W35: =IFERROR(__xludf.DUMMYFUNCTION("""COMPUTED_VALUE"""),"") | X35: =IFERROR(__xludf.DUMMYFUNCTION("""COMPUTED_VALUE"""),"") | Y35: =IFERROR(__xludf.DUMMYFUNCTION("""COMPUTED_VALUE"""),"") | Z35: =IFERROR(__xludf.DUMMYFUNCTION("""COMPUTED_VALUE"""),"") | AA35: =IFERROR(__xludf.DUMMYFUNCTION("""COMPUTED_VALUE"""),"") | AB35: =IFERROR(__xludf.DUMMYFUNCTION("""COMPUTED_VALUE"""),"") | AC35: =IFERROR(__xludf.DUMMYFUNCTION("""COMPUTED_VALUE"""),"") | AD35: =IFERROR(__xludf.DUMMYFUNCTION("""COMPUTED_VALUE"""),"") | ... AJ35: =IFERROR(__xludf.DUMMYFUNCTION("""COMPUTED_VALUE"""),"") | AK35: =IFERROR(__xludf.DUMMYFUNCTION("""COMPUTED_VALUE"""),0.0) -> 0
A36: =IMAGE("https://www.serebii.net/pokemonsleep/meals/"&C36&".png",4,80,80) | B36: 日照炸肉排咖哩 | C36: droughtkatsucurry | D36: =SUM(K36,M36,O36,Q36) -> 15 | E36: 咖哩、濃湯 | F36: =IFERROR(ROUND((H36-G36)/G36,2),0) -> 0.19 | G36: =SUMPRODUCT(R36:AK36,$R$1:$AK$1) -> 1635 | H36: 1942 | I36: =TEXTJOIN(",",TRUE,J36:Q36) -> 豆製肉,10,純粹油,5 | J36: 豆製肉 | K36: 10 | L36: 純粹油 | M36: 5 | R36: =IFERROR(__xludf.DUMMYFUNCTION("BYCOL($R$2:$AK$2, LAMBDA(header, IFERROR(SUM(FILTER(K36:Q36, J36:P36=header)), """"))) "),"") | S36: =IFERROR(__xludf.DUMMYFUNCTION("""COMPUTED_VALUE"""),"") | T36: =IFERROR(__xludf.DUMMYFUNCTION("""COMPUTED_VALUE"""),"") | U36: =IFERROR(__xludf.DUMMYFUNCTION("""COMPUTED_VALUE"""),"") | V36: =IFERROR(__xludf.DUMMYFUNCTION("""COMPUTED_VALUE"""),10.0) -> 10 | W36: =IFERROR(__xludf.DUMMYFUNCTION("""COMPUTED_VALUE"""),"") | X36: =IFERROR(__xludf.DUMMYFUNCTION("""COMPUTED_VALUE"""),"") | Y36: =IFERROR(__xludf.DUMMYFUNCTION("""COMPUTED_VALUE"""),"") | Z36: =IFERROR(__xludf.DUMMYFUNCTION("""COMPUTED_VALUE"""),5.0) -> 5 | AA36: =IFERROR(__xludf.DUMMYFUNCTION("""COMPUTED_VALUE"""),"") | AB36: =IFERROR(__xludf.DUMMYFUNCTION("""COMPUTED_VALUE"""),"") | AC36: =IFERROR(__xludf.DUMMYFUNCTION("""COMPUTED_VALUE"""),"") | AD36: =IFERROR(__xludf.DUMMYFUNCTION("""COMPUTED_VALUE"""),"") | AE36: =IFERROR(__xludf.DUMMYFUNCTION("""COMPUTED_VALUE"""),"") | AF36: =IFERROR(__xludf.DUMMYFUNCTION("""COMPUTED_VALUE"""),"") | AG36: =IFERROR(__xludf.DUMMYFUNCTION("""COMPUTED_VALUE"""),"") | AH36: =IFERROR(__xludf.DUMMYFUNCTION("""COMPUTED_VALUE"""),"") | ... AJ36: =IFERROR(__xludf.DUMMYFUNCTION("""COMPUTED_VALUE"""),"") | AK36: =IFERROR(__xludf.DUMMYFUNCTION("""COMPUTED_VALUE"""),0.0) -> 0
A37: =IMAGE("https://www.serebii.net/pokemonsleep/meals/"&C37&".png",4,80,80) | B37: 太陽之力番茄咖哩 | C37: solarpowertomatocurry | D37: =SUM(K37,M37,O37,Q37) -> 15 | E37: 咖哩、濃湯 | F37: =IFERROR(ROUND((H37-G37)/G37,2),0) -> 0.19 | G37: =SUMPRODUCT(R37:AK37,$R$1:$AK$1) -> 1750 | H37: 2078 | I37: =TEXTJOIN(",",TRUE,J37:Q37) -> 好眠番茄,10,火辣香草,5 | J37: 好眠番茄 | K37: 10 | L37: 火辣香草 | M37: 5 | R37: =IFERROR(__xludf.DUMMYFUNCTION("BYCOL($R$2:$AK$2, LAMBDA(header, IFERROR(SUM(FILTER(K37:Q37, J37:P37=header)), """"))) "),"") | S37: =IFERROR(__xludf.DUMMYFUNCTION("""COMPUTED_VALUE"""),"") | T37: =IFERROR(__xludf.DUMMYFUNCTION("""COMPUTED_VALUE"""),"") | U37: =IFERROR(__xludf.DUMMYFUNCTION("""COMPUTED_VALUE"""),"") | V37: =IFERROR(__xludf.DUMMYFUNCTION("""COMPUTED_VALUE"""),"") | W37: =IFERROR(__xludf.DUMMYFUNCTION("""COMPUTED_VALUE"""),"") | X37: =IFERROR(__xludf.DUMMYFUNCTION("""COMPUTED_VALUE"""),10.0) -> 10 | Y37: =IFERROR(__xludf.DUMMYFUNCTION("""COMPUTED_VALUE"""),"") | Z37: =IFERROR(__xludf.DUMMYFUNCTION("""COMPUTED_VALUE"""),"") | AA37: =IFERROR(__xludf.DUMMYFUNCTION("""COMPUTED_VALUE"""),"") | AB37: =IFERROR(__xludf.DUMMYFUNCTION("""COMPUTED_VALUE"""),5.0) -> 5 | AC37: =IFERROR(__xludf.DUMMYFUNCTION("""COMPUTED_VALUE"""),"") | AD37: =IFERROR(__xludf.DUMMYFUNCTION("""COMPUTED_VALUE"""),"") | AE37: =IFERROR(__xludf.DUMMYFUNCTION("""COMPUTED_VALUE"""),"") | AF37: =IFERROR(__xludf.DUMMYFUNCTION("""COMPUTED_VALUE"""),"") | AG37: =IFERROR(__xludf.DUMMYFUNCTION("""COMPUTED_VALUE"""),"") | AH37: =IFERROR(__xludf.DUMMYFUNCTION("""COMPUTED_VALUE"""),"") | AI37: =IFERROR(__xludf.DUMMYFUNCTION("""COMPUTED_VALUE"""),"") | AJ37: =IFERROR(__xludf.DUMMYFUNCTION("""COMPUTED_VALUE"""),"") | AK37: =IFERROR(__xludf.DUMMYFUNCTION("""COMPUTED_VALUE"""),0.0) -> 0
A38: =IMAGE("https://www.serebii.net/pokemonsleep/meals/"&C38&".png",4,80,80) | B38: 入口即化蛋捲咖哩 | C38: meltyomelettecurry | D38: =SUM(K38,M38,O38,Q38) -> 16 | E38: 咖哩、濃湯 | F38: =IFERROR(ROUND((H38-G38)/G38,2),0) -> 0.19 | G38: =SUMPRODUCT(R38:AK38,$R$1:$AK$1) -> 1810 | H38: 2150 | I38: =TEXTJOIN(",",TRUE,J38:Q38) -> 特選蛋,10,好眠番茄,6 | J38: 特選蛋 | K38: 10 | L38: 好眠番茄 | M38: 6 | R38: =IFERROR(__xludf.DUMMYFUNCTION("BYCOL($R$2:$AK$2, LAMBDA(header, IFERROR(SUM(FILTER(K38:Q38, J38:P38=header)), """"))) "),"") | S38: =IFERROR(__xludf.DUMMYFUNCTION("""COMPUTED_VALUE"""),"") | T38: =IFERROR(__xludf.DUMMYFUNCTION("""COMPUTED_VALUE"""),"") | U38: =IFERROR(__xludf.DUMMYFUNCTION("""COMPUTED_VALUE"""),"") | V38: =IFERROR(__xludf.DUMMYFUNCTION("""COMPUTED_VALUE"""),"") | W38: =IFERROR(__xludf.DUMMYFUNCTION("""COMPUTED_VALUE"""),"") | X38: =IFERROR(__xludf.DUMMYFUNCTION("""COMPUTED_VALUE"""),6.0) -> 6 | Y38: =IFERROR(__xludf.DUMMYFUNCTION("""COMPUTED_VALUE"""),10.0) -> 10 | Z38: =IFERROR(__xludf.DUMMYFUNCTION("""COMPUTED_VALUE"""),"") | AA38: =IFERROR(__xludf.DUMMYFUNCTION("""COMPUTED_VALUE"""),"") | AB38: =IFERROR(__xludf.DUMMYFUNCTION("""COMPUTED_VALUE"""),"") | AC38: =IFERROR(__xludf.DUMMYFUNCTION("""COMPUTED_VALUE"""),"") | AD38: =IFERROR(__xludf.DUMMYFUNCTION("""COMPUTED_VALUE"""),"") | AE38: =IFERROR(__xludf.DUMMYFUNCTION("""COMPUTED_VALUE"""),"") | AF38: =IFERROR(__xludf.DUMMYFUNCTION("""COMPUTED_VALUE"""),"") | AG38: =IFERROR(__xludf.DUMMYFUNCTION("""COMPUTED_VALUE"""),"") | ... AJ38: =IFERROR(__xludf.DUMMYFUNCTION("""COMPUTED_VALUE"""),"") | AK38: =IFERROR(__xludf.DUMMYFUNCTION("""COMPUTED_VALUE"""),0.0) -> 0
A39: =IMAGE("https://www.serebii.net/pokemonsleep/meals/"&C39&".png",4,80,80) | B39: 窩心白醬濃湯 | C39: softpotatochowder | D39: =SUM(K39,M39,O39,Q39) -> 22 | E39: 咖哩、濃湯 | F39: =IFERROR(ROUND((H39-G39)/G39,2),0) -> 0.2 | G39: =SUMPRODUCT(R39:AK39,$R$1:$AK$1) -> 2640 | H39: 3181 | I39: =TEXTJOIN(",",TRUE,J39:Q39) -> 哞哞鮮奶,10,窩心洋芋,8,品鮮蘑菇,4 | J39: 哞哞鮮奶 | K39: 10 | L39: 窩心洋芋 | M39: 8 | N39: 品鮮蘑菇 | O39: 4 | R39: =IFERROR(__xludf.DUMMYFUNCTION("BYCOL($R$2:$AK$2, LAMBDA(header, IFERROR(SUM(FILTER(K39:Q39, J39:P39=header)), """"))) "),"") | S39: =IFERROR(__xludf.DUMMYFUNCTION("""COMPUTED_VALUE"""),10.0) -> 10 | T39: =IFERROR(__xludf.DUMMYFUNCTION("""COMPUTED_VALUE"""),"") | U39: =IFERROR(__xludf.DUMMYFUNCTION("""COMPUTED_VALUE"""),"") | V39: =IFERROR(__xludf.DUMMYFUNCTION("""COMPUTED_VALUE"""),"") | W39: =IFERROR(__xludf.DUMMYFUNCTION("""COMPUTED_VALUE"""),"") | X39: =IFERROR(__xludf.DUMMYFUNCTION("""COMPUTED_VALUE"""),"") | Y39: =IFERROR(__xludf.DUMMYFUNCTION("""COMPUTED_VALUE"""),"") | Z39: =IFERROR(__xludf.DUMMYFUNCTION("""COMPUTED_VALUE"""),"") | AA39: =IFERROR(__xludf.DUMMYFUNCTION("""COMPUTED_VALUE"""),8.0) -> 8 | AB39: =IFERROR(__xludf.DUMMYFUNCTION("""COMPUTED_VALUE"""),"") | AC39: =IFERROR(__xludf.DUMMYFUNCTION("""COMPUTED_VALUE"""),"") | AD39: =IFERROR(__xludf.DUMMYFUNCTION("""COMPUTED_VALUE"""),"") | AE39: =IFERROR(__xludf.DUMMYFUNCTION("""COMPUTED_VALUE"""),"") | AF39: =IFERROR(__xludf.DUMMYFUNCTION("""COMPUTED_VALUE"""),"") | AG39: =IFERROR(__xludf.DUMMYFUNCTION("""COMPUTED_VALUE"""),4.0) -> 4 | AH39: =IFERROR(__xludf.DUMMYFUNCTION("""COMPUTED_VALUE"""),"") | AI39: =IFERROR(__xludf.DUMMYFUNCTION("""COMPUTED_VALUE"""),"") | AJ39: =IFERROR(__xludf.DUMMYFUNCTION("""COMPUTED_VALUE"""),"") | AK39: =IFERROR(__xludf.DUMMYFUNCTION("""COMPUTED_VALUE"""),0.0) -> 0
A40: =IMAGE("https://www.serebii.net/pokemonsleep/meals/"&C40&".png",4,80,80) | B40: 健美豆子咖哩 | C40: bulkupbeancurry | D40: =SUM(K40,M40,O40,Q40) -> 26 | E40: 咖哩、濃湯 | F40: =IFERROR(ROUND((H40-G40)/G40,2),0) -> 0.21 | G40: =SUMPRODUCT(R40:AK40,$R$1:$AK$1) -> 2798 | H40: 3372 | I40: =TEXTJOIN(",",TRUE,J40:Q40) -> 萌綠大豆,12,豆製肉,6,特選蛋,4,火辣香草,4 | J40: 萌綠大豆 | K40: 12 | L40: 豆製肉 | M40: 6 | N40: 特選蛋 | O40: 4 | P40: 火辣香草 | Q40: 4 | R40: =IFERROR(__xludf.DUMMYFUNCTION("BYCOL($R$2:$AK$2, LAMBDA(header, IFERROR(SUM(FILTER(K40:Q40, J40:P40=header)), """"))) "),"") | S40: =IFERROR(__xludf.DUMMYFUNCTION("""COMPUTED_VALUE"""),"") | T40: =IFERROR(__xludf.DUMMYFUNCTION("""COMPUTED_VALUE"""),12.0) -> 12 | U40: =IFERROR(__xludf.DUMMYFUNCTION("""COMPUTED_VALUE"""),"") | V40: =IFERROR(__xludf.DUMMYFUNCTION("""COMPUTED_VALUE"""),6.0) -> 6 | W40: =IFERROR(__xludf.DUMMYFUNCTION("""COMPUTED_VALUE"""),"") | X40: =IFERROR(__xludf.DUMMYFUNCTION("""COMPUTED_VALUE"""),"") | Y40: =IFERROR(__xludf.DUMMYFUNCTION("""COMPUTED_VALUE"""),4.0) -> 4 | Z40: =IFERROR(__xludf.DUMMYFUNCTION("""COMPUTED_VALUE"""),"") | AA40: =IFERROR(__xludf.DUMMYFUNCTION("""COMPUTED_VALUE"""),"") | AB40: =IFERROR(__xludf.DUMMYFUNCTION("""COMPUTED_VALUE"""),4.0) -> 4 | AC40: =IFERROR(__xludf.DUMMYFUNCTION("""COMPUTED_VALUE"""),"") | AD40: =IFERROR(__xludf.DUMMYFUNCTION("""COMPUTED_VALUE"""),"") | AE40: =IFERROR(__xludf.DUMMYFUNCTION("""COMPUTED_VALUE"""),"") | AF40: =IFERROR(__xludf.DUMMYFUNCTION("""COMPUTED_VALUE"""),"") | AG40: =IFERROR(__xludf.DUMMYFUNCTION("""COMPUTED_VALUE"""),"") | AH40: =IFERROR(__xludf.DUMMYFUNCTION("""COMPUTED_VALUE"""),"") | AI40: =IFERROR(__xludf.DUMMYFUNCTION("""COMPUTED_VALUE"""),"") | AJ40: =IFERROR(__xludf.DUMMYFUNCTION("""COMPUTED_VALUE"""),"") | AK40: =IFERROR(__xludf.DUMMYFUNCTION("""COMPUTED_VALUE"""),"")
A41: =IMAGE("https://www.serebii.net/pokemonsleep/meals/"&C41&".png",4,80,80) | B41: 蘑菇孢子咖哩 | C41: sporemushroomcurry | D41: =SUM(K41,M41,O41,Q41) -> 23 | E41: 咖哩、濃湯 | F41: =IFERROR(ROUND((H41-G41)/G41,2),0) -> 0.2 | G41: =SUMPRODUCT(R41:AK41,$R$1:$AK$1) -> 3454 | H41: 4162 | I41: =TEXTJOIN(",",TRUE,J41:Q41) -> 品鮮蘑菇,14,窩心洋芋,9 | J41: 品鮮蘑菇 | K41: 14 | L41: 窩心洋芋 | M41: 9 | R41: =IFERROR(__xludf.DUMMYFUNCTION("BYCOL($R$2:$AK$2, LAMBDA(header, IFERROR(SUM(FILTER(K41:Q41, J41:P41=header)), """"))) "),"") | S41: =IFERROR(__xludf.DUMMYFUNCTION("""COMPUTED_VALUE"""),"") | T41: =IFERROR(__xludf.DUMMYFUNCTION("""COMPUTED_VALUE"""),"") | U41: =IFERROR(__xludf.DUMMYFUNCTION("""COMPUTED_VALUE"""),"") | V41: =IFERROR(__xludf.DUMMYFUNCTION("""COMPUTED_VALUE"""),"") | W41: =IFERROR(__xludf.DUMMYFUNCTION("""COMPUTED_VALUE"""),"") | X41: =IFERROR(__xludf.DUMMYFUNCTION("""COMPUTED_VALUE"""),"") | Y41: =IFERROR(__xludf.DUMMYFUNCTION("""COMPUTED_VALUE"""),"") | Z41: =IFERROR(__xludf.DUMMYFUNCTION("""COMPUTED_VALUE"""),"") | AA41: =IFERROR(__xludf.DUMMYFUNCTION("""COMPUTED_VALUE"""),9.0) -> 9 | AB41: =IFERROR(__xludf.DUMMYFUNCTION("""COMPUTED_VALUE"""),"") | AC41: =IFERROR(__xludf.DUMMYFUNCTION("""COMPUTED_VALUE"""),"") | AD41: =IFERROR(__xludf.DUMMYFUNCTION("""COMPUTED_VALUE"""),"") | AE41: =IFERROR(__xludf.DUMMYFUNCTION("""COMPUTED_VALUE"""),"") | AF41: =IFERROR(__xludf.DUMMYFUNCTION("""COMPUTED_VALUE"""),"") | AG41: =IFERROR(__xludf.DUMMYFUNCTION("""COMPUTED_VALUE"""),14.0) -> 14 | AH41: =IFERROR(__xludf.DUMMYFUNCTION("""COMPUTED_VALUE"""),"") | AI41: =IFERROR(__xludf.DUMMYFUNCTION("""COMPUTED_VALUE"""),"") | AJ41: =IFERROR(__xludf.DUMMYFUNCTION("""COMPUTED_VALUE"""),"") | AK41: =IFERROR(__xludf.DUMMYFUNCTION("""COMPUTED_VALUE"""),0.0) -> 0
A42: =IMAGE("https://www.serebii.net/pokemonsleep/meals/"&C42&".png",4,80,80) | B42: 親子愛咖哩 | C42: eggbombcurry | D42: =SUM(K42,M42,O42,Q42) -> 35 | E42: 咖哩、濃湯 | F42: =IFERROR(ROUND((H42-G42)/G42,2),0) -> 0.25 | G42: =SUMPRODUCT(R42:AK42,$R$1:$AK$1) -> 3618 | H42: 4523 | I42: =TEXTJOIN(",",TRUE,J42:Q42) -> 甜甜蜜,12,特選蘋果,11,特選蛋,8,窩心洋芋,4 | J42: 甜甜蜜 | K42: 12 | L42: 特選蘋果 | M42: 11 | N42: 特選蛋 | O42: 8 | P42: 窩心洋芋 | Q42: 4 | R42: =IFERROR(__xludf.DUMMYFUNCTION("BYCOL($R$2:$AK$2, LAMBDA(header, IFERROR(SUM(FILTER(K42:Q42, J42:P42=header)), """"))) "),11.0) -> 11 | S42: =IFERROR(__xludf.DUMMYFUNCTION("""COMPUTED_VALUE"""),"") | T42: =IFERROR(__xludf.DUMMYFUNCTION("""COMPUTED_VALUE"""),"") | U42: =IFERROR(__xludf.DUMMYFUNCTION("""COMPUTED_VALUE"""),12.0) -> 12 | V42: =IFERROR(__xludf.DUMMYFUNCTION("""COMPUTED_VALUE"""),"") | W42: =IFERROR(__xludf.DUMMYFUNCTION("""COMPUTED_VALUE"""),"") | X42: =IFERROR(__xludf.DUMMYFUNCTION("""COMPUTED_VALUE"""),"") | Y42: =IFERROR(__xludf.DUMMYFUNCTION("""COMPUTED_VALUE"""),8.0) -> 8 | Z42: =IFERROR(__xludf.DUMMYFUNCTION("""COMPUTED_VALUE"""),"") | AA42: =IFERROR(__xludf.DUMMYFUNCTION("""COMPUTED_VALUE"""),4.0) -> 4 | AB42: =IFERROR(__xludf.DUMMYFUNCTION("""COMPUTED_VALUE"""),"") | AC42: =IFERROR(__xludf.DUMMYFUNCTION("""COMPUTED_VALUE"""),"") | AD42: =IFERROR(__xludf.DUMMYFUNCTION("""COMPUTED_VALUE"""),"") | AE42: =IFERROR(__xludf.DUMMYFUNCTION("""COMPUTED_VALUE"""),"") | AF42: =IFERROR(__xludf.DUMMYFUNCTION("""COMPUTED_VALUE"""),"") | AG42: =IFERROR(__xludf.DUMMYFUNCTION("""COMPUTED_VALUE"""),"") | AH42: =IFERROR(__xludf.DUMMYFUNCTION("""COMPUTED_VALUE"""),"") | AI42: =IFERROR(__xludf.DUMMYFUNCTION("""COMPUTED_VALUE"""),"") | ... AK42: =IFERROR(__xludf.DUMMYFUNCTION("""COMPUTED_VALUE"""),"")
A43: =IMAGE("https://www.serebii.net/pokemonsleep/meals/"&C43&".png",4,80,80) | B43: 柔軟玉米濃湯 | C43: limbercornstew | D43: =SUM(K43,M43,O43,Q43) -> 30 | E43: 咖哩、濃湯 | F43: =IFERROR(ROUND((H43-G43)/G43,2),0) -> 0.25 | G43: =SUMPRODUCT(R43:AK43,$R$1:$AK$1) -> 3736 | H43: 4670 | I43: =TEXTJOIN(",",TRUE,J43:Q43) -> 萌綠玉米,14,哞哞鮮奶,8,窩心洋芋,8 | J43: 萌綠玉米 | K43: 14 | L43: 哞哞鮮奶 | M43: 8 | N43: 窩心洋芋 | O43: 8 | R43: =IFERROR(__xludf.DUMMYFUNCTION("BYCOL($R$2:$AK$2, LAMBDA(header, IFERROR(SUM(FILTER(K43:Q43, J43:P43=header)), """"))) "),"") | S43: =IFERROR(__xludf.DUMMYFUNCTION("""COMPUTED_VALUE"""),8.0) -> 8 | T43: =IFERROR(__xludf.DUMMYFUNCTION("""COMPUTED_VALUE"""),"") | U43: =IFERROR(__xludf.DUMMYFUNCTION("""COMPUTED_VALUE"""),"") | V43: =IFERROR(__xludf.DUMMYFUNCTION("""COMPUTED_VALUE"""),"") | W43: =IFERROR(__xludf.DUMMYFUNCTION("""COMPUTED_VALUE"""),"") | X43: =IFERROR(__xludf.DUMMYFUNCTION("""COMPUTED_VALUE"""),"") | Y43: =IFERROR(__xludf.DUMMYFUNCTION("""COMPUTED_VALUE"""),"") | Z43: =IFERROR(__xludf.DUMMYFUNCTION("""COMPUTED_VALUE"""),"") | AA43: =IFERROR(__xludf.DUMMYFUNCTION("""COMPUTED_VALUE"""),8.0) -> 8 | AB43: =IFERROR(__xludf.DUMMYFUNCTION("""COMPUTED_VALUE"""),"") | AC43: =IFERROR(__xludf.DUMMYFUNCTION("""COMPUTED_VALUE"""),14.0) -> 14 | AD43: =IFERROR(__xludf.DUMMYFUNCTION("""COMPUTED_VALUE"""),"") | AE43: =IFERROR(__xludf.DUMMYFUNCTION("""COMPUTED_VALUE"""),"") | AF43: =IFERROR(__xludf.DUMMYFUNCTION("""COMPUTED_VALUE"""),"") | AG43: =IFERROR(__xludf.DUMMYFUNCTION("""COMPUTED_VALUE"""),"") | AH43: =IFERROR(__xludf.DUMMYFUNCTION("""COMPUTED_VALUE"""),"") | AI43: =IFERROR(__xludf.DUMMYFUNCTION("""COMPUTED_VALUE"""),"") | AJ43: =IFERROR(__xludf.DUMMYFUNCTION("""COMPUTED_VALUE"""),"") | AK43: =IFERROR(__xludf.DUMMYFUNCTION("""COMPUTED_VALUE"""),0.0) -> 0
A44: =IMAGE("https://www.serebii.net/pokemonsleep/meals/"&C44&".png",4,80,80) | B44: 迷昏拳辣味咖哩 | C44: dizzypunchspicycurry | D44: =SUM(K44,M44,O44,Q44) -> 33 | E44: 咖哩、濃湯 | F44: =IFERROR(ROUND((H44-G44)/G44,2),0) -> 0.35 | G44: =SUMPRODUCT(R44:AK44,$R$1:$AK$1) -> 4224 | H44: 5702 | I44: =TEXTJOIN(",",TRUE,J44:Q44) -> 醒腦咖啡豆,11,火辣香草,11,甜甜蜜,11 | J44: 醒腦咖啡豆 | K44: 11 | L44: 火辣香草 | M44: 11 | N44: 甜甜蜜 | O44: 11 | R44: =IFERROR(__xludf.DUMMYFUNCTION("BYCOL($R$2:$AK$2, LAMBDA(header, IFERROR(SUM(FILTER(K44:Q44, J44:P44=header)), """"))) "),"") | S44: =IFERROR(__xludf.DUMMYFUNCTION("""COMPUTED_VALUE"""),"") | T44: =IFERROR(__xludf.DUMMYFUNCTION("""COMPUTED_VALUE"""),"") | U44: =IFERROR(__xludf.DUMMYFUNCTION("""COMPUTED_VALUE"""),11.0) -> 11 | V44: =IFERROR(__xludf.DUMMYFUNCTION("""COMPUTED_VALUE"""),"") | W44: =IFERROR(__xludf.DUMMYFUNCTION("""COMPUTED_VALUE"""),"") | X44: =IFERROR(__xludf.DUMMYFUNCTION("""COMPUTED_VALUE"""),"") | Y44: =IFERROR(__xludf.DUMMYFUNCTION("""COMPUTED_VALUE"""),"") | Z44: =IFERROR(__xludf.DUMMYFUNCTION("""COMPUTED_VALUE"""),"") | AA44: =IFERROR(__xludf.DUMMYFUNCTION("""COMPUTED_VALUE"""),"") | AB44: =IFERROR(__xludf.DUMMYFUNCTION("""COMPUTED_VALUE"""),11.0) -> 11 | AC44: =IFERROR(__xludf.DUMMYFUNCTION("""COMPUTED_VALUE"""),"") | AD44: =IFERROR(__xludf.DUMMYFUNCTION("""COMPUTED_VALUE"""),"") | AE44: =IFERROR(__xludf.DUMMYFUNCTION("""COMPUTED_VALUE"""),11.0) -> 11 | AF44: =IFERROR(__xludf.DUMMYFUNCTION("""COMPUTED_VALUE"""),"") | AG44: =IFERROR(__xludf.DUMMYFUNCTION("""COMPUTED_VALUE"""),"") | AH44: =IFERROR(__xludf.DUMMYFUNCTION("""COMPUTED_VALUE"""),"") | AI44: =IFERROR(__xludf.DUMMYFUNCTION("""COMPUTED_VALUE"""),"") | AJ44: =IFERROR(__xludf.DUMMYFUNCTION("""COMPUTED_VALUE"""),"") | AK44: =IFERROR(__xludf.DUMMYFUNCTION("""COMPUTED_VALUE"""),0.0) -> 0
A45: =IMAGE("https://www.serebii.net/pokemonsleep/meals/"&C45&".png",4,80,80) | B45: 辣味蔥勁十足咖哩 | C45: spicyleekcurry | D45: =SUM(K45,M45,O45,Q45) -> 32 | E45: 咖哩、濃湯 | F45: =IFERROR(ROUND((H45-G45)/G45,2),0) -> 0.25 | G45: =SUMPRODUCT(R45:AK45,$R$1:$AK$1) -> 4720 | H45: 5900 | I45: =TEXTJOIN(",",TRUE,J45:Q45) -> 粗枝大蔥,14,暖暖薑,10,火辣香草,8 | J45: 粗枝大蔥 | K45: 14 | L45: 暖暖薑 | M45: 10 | N45: 火辣香草 | O45: 8 | R45: =IFERROR(__xludf.DUMMYFUNCTION("BYCOL($R$2:$AK$2, LAMBDA(header, IFERROR(SUM(FILTER(K45:Q45, J45:P45=header)), """"))) "),"") | S45: =IFERROR(__xludf.DUMMYFUNCTION("""COMPUTED_VALUE"""),"") | T45: =IFERROR(__xludf.DUMMYFUNCTION("""COMPUTED_VALUE"""),"") | U45: =IFERROR(__xludf.DUMMYFUNCTION("""COMPUTED_VALUE"""),"") | V45: =IFERROR(__xludf.DUMMYFUNCTION("""COMPUTED_VALUE"""),"") | W45: =IFERROR(__xludf.DUMMYFUNCTION("""COMPUTED_VALUE"""),10.0) -> 10 | X45: =IFERROR(__xludf.DUMMYFUNCTION("""COMPUTED_VALUE"""),"") | Y45: =IFERROR(__xludf.DUMMYFUNCTION("""COMPUTED_VALUE"""),"") | Z45: =IFERROR(__xludf.DUMMYFUNCTION("""COMPUTED_VALUE"""),"") | AA45: =IFERROR(__xludf.DUMMYFUNCTION("""COMPUTED_VALUE"""),"") | AB45: =IFERROR(__xludf.DUMMYFUNCTION("""COMPUTED_VALUE"""),8.0) -> 8 | AC45: =IFERROR(__xludf.DUMMYFUNCTION("""COMPUTED_VALUE"""),"") | AD45: =IFERROR(__xludf.DUMMYFUNCTION("""COMPUTED_VALUE"""),"") | AE45: =IFERROR(__xludf.DUMMYFUNCTION("""COMPUTED_VALUE"""),"") | AF45: =IFERROR(__xludf.DUMMYFUNCTION("""COMPUTED_VALUE"""),"") | AG45: =IFERROR(__xludf.DUMMYFUNCTION("""COMPUTED_VALUE"""),"") | AH45: =IFERROR(__xludf.DUMMYFUNCTION("""COMPUTED_VALUE"""),14.0) -> 14 | AI45: =IFERROR(__xludf.DUMMYFUNCTION("""COMPUTED_VALUE"""),"") | AJ45: =IFERROR(__xludf.DUMMYFUNCTION("""COMPUTED_VALUE"""),"") | AK45: =IFERROR(__xludf.DUMMYFUNCTION("""COMPUTED_VALUE"""),0.0) -> 0
A46: =IMAGE("https://www.serebii.net/pokemonsleep/meals/"&C46&".png",4,80,80) | B46: 炙燒尾肉咖哩 | C46: grilledtailcurry | D46: =SUM(K46,M46,O46,Q46) -> 33 | E46: 咖哩、濃湯 | F46: =IFERROR(ROUND((H46-G46)/G46,2),0) -> 0.25 | G46: =SUMPRODUCT(R46:AK46,$R$1:$AK$1) -> 5986 | H46: 7483 | I46: =TEXTJOIN(",",TRUE,J46:Q46) -> 火辣香草,25,美味尾巴,8 | J46: 火辣香草 | K46: 25 | L46: 美味尾巴 | M46: 8 | R46: =IFERROR(__xludf.DUMMYFUNCTION("BYCOL($R$2:$AK$2, LAMBDA(header, IFERROR(SUM(FILTER(K46:Q46, J46:P46=header)), """"))) "),"") | S46: =IFERROR(__xludf.DUMMYFUNCTION("""COMPUTED_VALUE"""),"") | T46: =IFERROR(__xludf.DUMMYFUNCTION("""COMPUTED_VALUE"""),"") | U46: =IFERROR(__xludf.DUMMYFUNCTION("""COMPUTED_VALUE"""),"") | V46: =IFERROR(__xludf.DUMMYFUNCTION("""COMPUTED_VALUE"""),"") | W46: =IFERROR(__xludf.DUMMYFUNCTION("""COMPUTED_VALUE"""),"") | X46: =IFERROR(__xludf.DUMMYFUNCTION("""COMPUTED_VALUE"""),"") | Y46: =IFERROR(__xludf.DUMMYFUNCTION("""COMPUTED_VALUE"""),"") | Z46: =IFERROR(__xludf.DUMMYFUNCTION("""COMPUTED_VALUE"""),"") | AA46: =IFERROR(__xludf.DUMMYFUNCTION("""COMPUTED_VALUE"""),"") | AB46: =IFERROR(__xludf.DUMMYFUNCTION("""COMPUTED_VALUE"""),25.0) -> 25 | AC46: =IFERROR(__xludf.DUMMYFUNCTION("""COMPUTED_VALUE"""),"") | AD46: =IFERROR(__xludf.DUMMYFUNCTION("""COMPUTED_VALUE"""),"") | AE46: =IFERROR(__xludf.DUMMYFUNCTION("""COMPUTED_VALUE"""),"") | AF46: =IFERROR(__xludf.DUMMYFUNCTION("""COMPUTED_VALUE"""),"") | AG46: =IFERROR(__xludf.DUMMYFUNCTION("""COMPUTED_VALUE"""),"") | AH46: =IFERROR(__xludf.DUMMYFUNCTION("""COMPUTED_VALUE"""),"") | AI46: =IFERROR(__xludf.DUMMYFUNCTION("""COMPUTED_VALUE"""),"") | AJ46: =IFERROR(__xludf.DUMMYFUNCTION("""COMPUTED_VALUE"""),8.0) -> 8 | AK46: =IFERROR(__xludf.DUMMYFUNCTION("""COMPUTED_VALUE"""),0.0) -> 0
A47: =IMAGE("https://www.serebii.net/pokemonsleep/meals/"&C47&".png",4,80,80) | B47: 絕對睡眠奶油咖哩 | C47: mildhoneycurry | D47: =SUM(K47,M47,O47,Q47) -> 55 | E47: 咖哩、濃湯 | F47: =IFERROR(ROUND((H47-G47)/G47,2),0) -> 0.35 | G47: =SUMPRODUCT(R47:AK47,$R$1:$AK$1) -> 6674 | H47: 9010 | I47: =TEXTJOIN(",",TRUE,J47:Q47) -> 窩心洋芋,18,好眠番茄,15,放鬆可可,12,哞哞鮮奶,10 | J47: 窩心洋芋 | K47: 18 | L47: 好眠番茄 | M47: 15 | N47: 放鬆可可 | O47: 12 | P47: 哞哞鮮奶 | Q47: 10 | R47: =IFERROR(__xludf.DUMMYFUNCTION("BYCOL($R$2:$AK$2, LAMBDA(header, IFERROR(SUM(FILTER(K47:Q47, J47:P47=header)), """"))) "),"") | S47: =IFERROR(__xludf.DUMMYFUNCTION("""COMPUTED_VALUE"""),10.0) -> 10 | T47: =IFERROR(__xludf.DUMMYFUNCTION("""COMPUTED_VALUE"""),"") | U47: =IFERROR(__xludf.DUMMYFUNCTION("""COMPUTED_VALUE"""),"") | V47: =IFERROR(__xludf.DUMMYFUNCTION("""COMPUTED_VALUE"""),"") | W47: =IFERROR(__xludf.DUMMYFUNCTION("""COMPUTED_VALUE"""),"") | X47: =IFERROR(__xludf.DUMMYFUNCTION("""COMPUTED_VALUE"""),15.0) -> 15 | Y47: =IFERROR(__xludf.DUMMYFUNCTION("""COMPUTED_VALUE"""),"") | Z47: =IFERROR(__xludf.DUMMYFUNCTION("""COMPUTED_VALUE"""),"") | AA47: =IFERROR(__xludf.DUMMYFUNCTION("""COMPUTED_VALUE"""),18.0) -> 18 | AB47: =IFERROR(__xludf.DUMMYFUNCTION("""COMPUTED_VALUE"""),"") | AC47: =IFERROR(__xludf.DUMMYFUNCTION("""COMPUTED_VALUE"""),"") | AD47: =IFERROR(__xludf.DUMMYFUNCTION("""COMPUTED_VALUE"""),12.0) -> 12 | AE47: =IFERROR(__xludf.DUMMYFUNCTION("""COMPUTED_VALUE"""),"") | AF47: =IFERROR(__xludf.DUMMYFUNCTION("""COMPUTED_VALUE"""),"") | AG47: =IFERROR(__xludf.DUMMYFUNCTION("""COMPUTED_VALUE"""),"") | AH47: =IFERROR(__xludf.DUMMYFUNCTION("""COMPUTED_VALUE"""),"") | AI47: =IFERROR(__xludf.DUMMYFUNCTION("""COMPUTED_VALUE"""),"") | AJ47: =IFERROR(__xludf.DUMMYFUNCTION("""COMPUTED_VALUE"""),"") | AK47: =IFERROR(__xludf.DUMMYFUNCTION("""COMPUTED_VALUE"""),"")
A48: =IMAGE("https://www.serebii.net/pokemonsleep/meals/"&C48&".png",4,80,80) | B48: 忍者咖哩 | C48: ninjacurry | D48: =SUM(K48,M48,O48,Q48) -> 50 | E48: 咖哩、濃湯 | F48: =IFERROR(ROUND((H48-G48)/G48,2),0) -> 0.48 | G48: =SUMPRODUCT(R48:AK48,$R$1:$AK$1) -> 6382 | H48: 9445 | I48: =TEXTJOIN(",",TRUE,J48:Q48) -> 萌綠大豆,24,粗枝大蔥,12,豆製肉,9,品鮮蘑菇,5 | J48: 萌綠大豆 | K48: 24 | L48: 粗枝大蔥 | M48: 12 | N48: 豆製肉 | O48: 9 | P48: 品鮮蘑菇 | Q48: 5 | R48: =IFERROR(__xludf.DUMMYFUNCTION("BYCOL($R$2:$AK$2, LAMBDA(header, IFERROR(SUM(FILTER(K48:Q48, J48:P48=header)), """"))) "),"") | S48: =IFERROR(__xludf.DUMMYFUNCTION("""COMPUTED_VALUE"""),"") | T48: =IFERROR(__xludf.DUMMYFUNCTION("""COMPUTED_VALUE"""),24.0) -> 24 | U48: =IFERROR(__xludf.DUMMYFUNCTION("""COMPUTED_VALUE"""),"") | V48: =IFERROR(__xludf.DUMMYFUNCTION("""COMPUTED_VALUE"""),9.0) -> 9 | W48: =IFERROR(__xludf.DUMMYFUNCTION("""COMPUTED_VALUE"""),"") | X48: =IFERROR(__xludf.DUMMYFUNCTION("""COMPUTED_VALUE"""),"") | Y48: =IFERROR(__xludf.DUMMYFUNCTION("""COMPUTED_VALUE"""),"") | Z48: =IFERROR(__xludf.DUMMYFUNCTION("""COMPUTED_VALUE"""),"") | AA48: =IFERROR(__xludf.DUMMYFUNCTION("""COMPUTED_VALUE"""),"") | AB48: =IFERROR(__xludf.DUMMYFUNCTION("""COMPUTED_VALUE"""),"") | AC48: =IFERROR(__xludf.DUMMYFUNCTION("""COMPUTED_VALUE"""),"") | AD48: =IFERROR(__xludf.DUMMYFUNCTION("""COMPUTED_VALUE"""),"") | ... AF48: =IFERROR(__xludf.DUMMYFUNCTION("""COMPUTED_VALUE"""),"") | AG48: =IFERROR(__xludf.DUMMYFUNCTION("""COMPUTED_VALUE"""),5.0) -> 5 | AH48: =IFERROR(__xludf.DUMMYFUNCTION("""COMPUTED_VALUE"""),12.0) -> 12 | AI48: =IFERROR(__xludf.DUMMYFUNCTION("""COMPUTED_VALUE"""),"") | AJ48: =IFERROR(__xludf.DUMMYFUNCTION("""COMPUTED_VALUE"""),"") | AK48: =IFERROR(__xludf.DUMMYFUNCTION("""COMPUTED_VALUE"""),"")
A49: =IMAGE("https://www.serebii.net/pokemonsleep/meals/"&C49&".png",4,80,80) | B49: 煉獄玉米乾咖哩 | C49: infernocornkeemacurry | D49: =SUM(K49,M49,O49,Q49) -> 77 | E49: 咖哩、濃湯 | F49: =IFERROR(ROUND((H49-G49)/G49,2),0) -> 0.48 | G49: =SUMPRODUCT(R49:AK49,$R$1:$AK$1) -> 9250 | H49: 13690 | I49: =TEXTJOIN(",",TRUE,J49:Q49) -> 火辣香草,27,豆製肉,24,萌綠玉米,14,暖暖薑,12 | J49: 火辣香草 | K49: 27 | L49: 豆製肉 | M49: 24 | N49: 萌綠玉米 | O49: 14 | P49: 暖暖薑 | Q49: 12 | R49: =IFERROR(__xludf.DUMMYFUNCTION("BYCOL($R$2:$AK$2, LAMBDA(header, IFERROR(SUM(FILTER(K49:Q49, J49:P49=header)), """"))) "),"") | S49: =IFERROR(__xludf.DUMMYFUNCTION("""COMPUTED_VALUE"""),"") | T49: =IFERROR(__xludf.DUMMYFUNCTION("""COMPUTED_VALUE"""),"") | U49: =IFERROR(__xludf.DUMMYFUNCTION("""COMPUTED_VALUE"""),"") | V49: =IFERROR(__xludf.DUMMYFUNCTION("""COMPUTED_VALUE"""),24.0) -> 24 | W49: =IFERROR(__xludf.DUMMYFUNCTION("""COMPUTED_VALUE"""),12.0) -> 12 | X49: =IFERROR(__xludf.DUMMYFUNCTION("""COMPUTED_VALUE"""),"") | Y49: =IFERROR(__xludf.DUMMYFUNCTION("""COMPUTED_VALUE"""),"") | Z49: =IFERROR(__xludf.DUMMYFUNCTION("""COMPUTED_VALUE"""),"") | AA49: =IFERROR(__xludf.DUMMYFUNCTION("""COMPUTED_VALUE"""),"") | AB49: =IFERROR(__xludf.DUMMYFUNCTION("""COMPUTED_VALUE"""),27.0) -> 27 | AC49: =IFERROR(__xludf.DUMMYFUNCTION("""COMPUTED_VALUE"""),14.0) -> 14 | AD49: =IFERROR(__xludf.DUMMYFUNCTION("""COMPUTED_VALUE"""),"") | AE49: =IFERROR(__xludf.DUMMYFUNCTION("""COMPUTED_VALUE"""),"") | AF49: =IFERROR(__xludf.DUMMYFUNCTION("""COMPUTED_VALUE"""),"") | AG49: =IFERROR(__xludf.DUMMYFUNCTION("""COMPUTED_VALUE"""),"") | AH49: =IFERROR(__xludf.DUMMYFUNCTION("""COMPUTED_VALUE"""),"") | AI49: =IFERROR(__xludf.DUMMYFUNCTION("""COMPUTED_VALUE"""),"") | AJ49: =IFERROR(__xludf.DUMMYFUNCTION("""COMPUTED_VALUE"""),"") | AK49: =IFERROR(__xludf.DUMMYFUNCTION("""COMPUTED_VALUE"""),"")
A50: =IMAGE("https://www.serebii.net/pokemonsleep/meals/"&C50&".png",4,80,80) | B50: 扮演南瓜精濃湯 | C50: roleplaypumpkaboostew | D50: =SUM(K50,M50,O50,Q50) -> 69 | E50: 咖哩、濃湯 | F50: =IFERROR(ROUND((H50-G50)/G50,2),0) -> 0.48 | G50: =SUMPRODUCT(R50:AK50,$R$1:$AK$1) -> 10555 | H50: 15621 | I50: =TEXTJOIN(",",TRUE,J50:Q50) -> 沉甸甸南瓜,10,豆製肉,16,窩心洋芋,18,品鮮蘑菇,25 | J50: 沉甸甸南瓜 | K50: 10 | L50: 豆製肉 | M50: 16 | N50: 窩心洋芋 | O50: 18 | P50: 品鮮蘑菇 | Q50: 25 | V50: 16 | AA50: 18 | AG50: 25 | AI50: 10
A51: =IMAGE("https://www.serebii.net/pokemonsleep/meals/"&C51&".png",4,80,80) | B51: 覺醒力量濃湯 | C51: hiddenpowerperk-upstew | D51: =SUM(K51,M51,O51,Q51) -> 92 | E51: 咖哩、濃湯 | F51: =IFERROR(ROUND((H51-G51)/G51,2),0) -> 0.61 | G51: =SUMPRODUCT(R51:AK51,$R$1:$AK$1) -> 11839 | H51: 19061 | I51: =TEXTJOIN(",",TRUE,J51:Q51) -> 萌綠大豆,28,好眠番茄,25,品鮮蘑菇,23,醒腦咖啡豆,16 | J51: 萌綠大豆 | K51: 28 | L51: 好眠番茄 | M51: 25 | N51: 品鮮蘑菇 | O51: 23 | P51: 醒腦咖啡豆 | Q51: 16 | R51: =IFERROR(__xludf.DUMMYFUNCTION("BYCOL($R$2:$AK$2, LAMBDA(header, IFERROR(SUM(FILTER(K51:Q51, J51:P51=header)), """"))) "),"") | S51: =IFERROR(__xludf.DUMMYFUNCTION("""COMPUTED_VALUE"""),"") | T51: =IFERROR(__xludf.DUMMYFUNCTION("""COMPUTED_VALUE"""),28.0) -> 28 | U51: =IFERROR(__xludf.DUMMYFUNCTION("""COMPUTED_VALUE"""),"") | V51: =IFERROR(__xludf.DUMMYFUNCTION("""COMPUTED_VALUE"""),"") | W51: =IFERROR(__xludf.DUMMYFUNCTION("""COMPUTED_VALUE"""),"") | X51: =IFERROR(__xludf.DUMMYFUNCTION("""COMPUTED_VALUE"""),25.0) -> 25 | Y51: =IFERROR(__xludf.DUMMYFUNCTION("""COMPUTED_VALUE"""),"") | Z51: =IFERROR(__xludf.DUMMYFUNCTION("""COMPUTED_VALUE"""),"") | AA51: =IFERROR(__xludf.DUMMYFUNCTION("""COMPUTED_VALUE"""),"") | AB51: =IFERROR(__xludf.DUMMYFUNCTION("""COMPUTED_VALUE"""),"") | AC51: =IFERROR(__xludf.DUMMYFUNCTION("""COMPUTED_VALUE"""),"") | AD51: =IFERROR(__xludf.DUMMYFUNCTION("""COMPUTED_VALUE"""),"") | AE51: =IFERROR(__xludf.DUMMYFUNCTION("""COMPUTED_VALUE"""),16.0) -> 16 | AF51: =IFERROR(__xludf.DUMMYFUNCTION("""COMPUTED_VALUE"""),"") | AG51: =IFERROR(__xludf.DUMMYFUNCTION("""COMPUTED_VALUE"""),23.0) -> 23 | AH51: =IFERROR(__xludf.DUMMYFUNCTION("""COMPUTED_VALUE"""),"") | AI51: =IFERROR(__xludf.DUMMYFUNCTION("""COMPUTED_VALUE"""),"") | AJ51: =IFERROR(__xludf.DUMMYFUNCTION("""COMPUTED_VALUE"""),"") | AK51: =IFERROR(__xludf.DUMMYFUNCTION("""COMPUTED_VALUE"""),"")
A52: =IMAGE("https://www.serebii.net/pokemonsleep/meals/"&C52&".png",4,80,80) | B52: 居合斬壽喜燒咖哩 | C52: cutsukiyakicurry | D52: =SUM(K52,M52,O52,Q52) -> 101 | E52: 咖哩、濃湯 | F52: =IFERROR(ROUND((H52-G52)/G52,2),0) -> 0.61 | G52: =SUMPRODUCT(R52:AK52,$R$1:$AK$1) -> 12829 | H52: 20655 | I52: =TEXTJOIN(",",TRUE,J52:Q52) -> 粗枝大蔥,27,豆製肉,26,甜甜蜜,26,特選蛋,22 | J52: 粗枝大蔥 | K52: 27 | L52: 豆製肉 | M52: 26 | N52: 甜甜蜜 | O52: 26 | P52: 特選蛋 | Q52: 22 | R52: =IFERROR(__xludf.DUMMYFUNCTION("BYCOL($R$2:$AK$2, LAMBDA(header, IFERROR(SUM(FILTER(K52:Q52, J52:P52=header)), """"))) "),"") | S52: =IFERROR(__xludf.DUMMYFUNCTION("""COMPUTED_VALUE"""),"") | T52: =IFERROR(__xludf.DUMMYFUNCTION("""COMPUTED_VALUE"""),"") | U52: =IFERROR(__xludf.DUMMYFUNCTION("""COMPUTED_VALUE"""),26.0) -> 26 | V52: =IFERROR(__xludf.DUMMYFUNCTION("""COMPUTED_VALUE"""),26.0) -> 26 | W52: =IFERROR(__xludf.DUMMYFUNCTION("""COMPUTED_VALUE"""),"") | X52: =IFERROR(__xludf.DUMMYFUNCTION("""COMPUTED_VALUE"""),"") | Y52: =IFERROR(__xludf.DUMMYFUNCTION("""COMPUTED_VALUE"""),22.0) -> 22 | Z52: =IFERROR(__xludf.DUMMYFUNCTION("""COMPUTED_VALUE"""),"") | AA52: =IFERROR(__xludf.DUMMYFUNCTION("""COMPUTED_VALUE"""),"") | AB52: =IFERROR(__xludf.DUMMYFUNCTION("""COMPUTED_VALUE"""),"") | AC52: =IFERROR(__xludf.DUMMYFUNCTION("""COMPUTED_VALUE"""),"") | AD52: =IFERROR(__xludf.DUMMYFUNCTION("""COMPUTED_VALUE"""),"") | AE52: =IFERROR(__xludf.DUMMYFUNCTION("""COMPUTED_VALUE"""),"") | AF52: =IFERROR(__xludf.DUMMYFUNCTION("""COMPUTED_VALUE"""),"") | AG52: =IFERROR(__xludf.DUMMYFUNCTION("""COMPUTED_VALUE"""),"") | AH52: =IFERROR(__xludf.DUMMYFUNCTION("""COMPUTED_VALUE"""),27.0) -> 27 | AI52: =IFERROR(__xludf.DUMMYFUNCTION("""COMPUTED_VALUE"""),"") | AJ52: =IFERROR(__xludf.DUMMYFUNCTION("""COMPUTED_VALUE"""),"") | AK52: =IFERROR(__xludf.DUMMYFUNCTION("""COMPUTED_VALUE"""),"")
A53: =IMAGE("https://www.serebii.net/pokemonsleep/meals/"&C53&".png",4,80,80) | B53: 茂盛焗烤酪梨 | C53: overgrowavocadogratin | D53: =SUM(K53,M53,O53,Q53) -> 115 | E53: 咖哩、濃湯 | F53: =IFERROR(ROUND((H53-G53)/G53,2),0) -> 0.78 | G53: =SUMPRODUCT(R53:AK53,$R$1:$AK$1) -> 13934 | H53: 24802 | I53: =TEXTJOIN(",",TRUE,J53:Q53) -> 嫩亮酪梨,22,窩心洋芋,20,哞哞鮮奶,41,純粹油,32 | J53: 嫩亮酪梨 | K53: 22 | L53: 窩心洋芋 | M53: 20 | N53: 哞哞鮮奶 | O53: 41 | P53: 純粹油 | Q53: 32 | S53: 41 | Z53: 32 | AA53: 20 | AF53: 22
A54: =IMAGE("https://www.serebii.net/pokemonsleep/meals/"&C54&".png",4,80,80) | B54: 拌拌果汁 | C54: mixedjuice | D54: =SUM(K54,M54,O54,Q54) -> 0 | E54: 點心、飲料 | F54: =IFERROR(ROUND((H54-G54)/G54,2),0) -> 0 | G54: =SUMPRODUCT(R54:AK54,$R$1:$AK$1) -> 0 | H54: 0 | I54: =TEXTJOIN(",",TRUE,J54:Q54) | R54: =IFERROR(__xludf.DUMMYFUNCTION("BYCOL($R$2:$AK$2, LAMBDA(header, IFERROR(SUM(FILTER(K54:Q54, J54:P54=header)), """"))) "),"") | S54: =IFERROR(__xludf.DUMMYFUNCTION("""COMPUTED_VALUE"""),"") | T54: =IFERROR(__xludf.DUMMYFUNCTION("""COMPUTED_VALUE"""),"") | U54: =IFERROR(__xludf.DUMMYFUNCTION("""COMPUTED_VALUE"""),"") | V54: =IFERROR(__xludf.DUMMYFUNCTION("""COMPUTED_VALUE"""),"") | W54: =IFERROR(__xludf.DUMMYFUNCTION("""COMPUTED_VALUE"""),"") | X54: =IFERROR(__xludf.DUMMYFUNCTION("""COMPUTED_VALUE"""),"") | Y54: =IFERROR(__xludf.DUMMYFUNCTION("""COMPUTED_VALUE"""),"") | Z54: =IFERROR(__xludf.DUMMYFUNCTION("""COMPUTED_VALUE"""),"") | ... AJ54: =IFERROR(__xludf.DUMMYFUNCTION("""COMPUTED_VALUE"""),"") | AK54: =IFERROR(__xludf.DUMMYFUNCTION("""COMPUTED_VALUE"""),0.0) -> 0
A55: =IMAGE("https://www.serebii.net/pokemonsleep/meals/"&C55&".png",4,80,80) | B55: 哞哞熱鮮奶 | C55: warmmoomoomilk | D55: =SUM(K55,M55,O55,Q55) -> 7 | E55: 點心、飲料 | F55: =IFERROR(ROUND((H55-G55)/G55,2),0) -> 0.19 | G55: =SUMPRODUCT(R55:AK55,$R$1:$AK$1) -> 686 | H55: 814 | I55: =TEXTJOIN(",",TRUE,J55:Q55) -> 哞哞鮮奶,7 | J55: 哞哞鮮奶 | K55: 7 | R55: =IFERROR(__xludf.DUMMYFUNCTION("BYCOL($R$2:$AK$2, LAMBDA(header, IFERROR(SUM(FILTER(K55:Q55, J55:P55=header)), """"))) "),"") | S55: =IFERROR(__xludf.DUMMYFUNCTION("""COMPUTED_VALUE"""),7.0) -> 7 | T55: =IFERROR(__xludf.DUMMYFUNCTION("""COMPUTED_VALUE"""),"") | U55: =IFERROR(__xludf.DUMMYFUNCTION("""COMPUTED_VALUE"""),"") | V55: =IFERROR(__xludf.DUMMYFUNCTION("""COMPUTED_VALUE"""),"") | W55: =IFERROR(__xludf.DUMMYFUNCTION("""COMPUTED_VALUE"""),"") | X55: =IFERROR(__xludf.DUMMYFUNCTION("""COMPUTED_VALUE"""),"") | Y55: =IFERROR(__xludf.DUMMYFUNCTION("""COMPUTED_VALUE"""),"") | Z55: =IFERROR(__xludf.DUMMYFUNCTION("""COMPUTED_VALUE"""),"") | AA55: =IFERROR(__xludf.DUMMYFUNCTION("""COMPUTED_VALUE"""),"") | ... AJ55: =IFERROR(__xludf.DUMMYFUNCTION("""COMPUTED_VALUE"""),"") | AK55: =IFERROR(__xludf.DUMMYFUNCTION("""COMPUTED_VALUE"""),0.0) -> 0
A56: =IMAGE("https://www.serebii.net/pokemonsleep/meals/"&C56&".png",4,80,80) | B56: 特選蘋果汁 | C56: fancyapplejuice | D56: =SUM(K56,M56,O56,Q56) -> 8 | E56: 點心、飲料 | F56: =IFERROR(ROUND((H56-G56)/G56,2),0) -> 0.19 | G56: =SUMPRODUCT(R56:AK56,$R$1:$AK$1) -> 720 | H56: 855 | I56: =TEXTJOIN(",",TRUE,J56:Q56) -> 特選蘋果,8 | J56: 特選蘋果 | K56: 8 | R56: =IFERROR(__xludf.DUMMYFUNCTION("BYCOL($R$2:$AK$2, LAMBDA(header, IFERROR(SUM(FILTER(K56:Q56, J56:P56=header)), """"))) "),8.0) -> 8 | S56: =IFERROR(__xludf.DUMMYFUNCTION("""COMPUTED_VALUE"""),"") | T56: =IFERROR(__xludf.DUMMYFUNCTION("""COMPUTED_VALUE"""),"") | U56: =IFERROR(__xludf.DUMMYFUNCTION("""COMPUTED_VALUE"""),"") | V56: =IFERROR(__xludf.DUMMYFUNCTION("""COMPUTED_VALUE"""),"") | W56: =IFERROR(__xludf.DUMMYFUNCTION("""COMPUTED_VALUE"""),"") | X56: =IFERROR(__xludf.DUMMYFUNCTION("""COMPUTED_VALUE"""),"") | Y56: =IFERROR(__xludf.DUMMYFUNCTION("""COMPUTED_VALUE"""),"") | Z56: =IFERROR(__xludf.DUMMYFUNCTION("""COMPUTED_VALUE"""),"") | ... AJ56: =IFERROR(__xludf.DUMMYFUNCTION("""COMPUTED_VALUE"""),"") | AK56: =IFERROR(__xludf.DUMMYFUNCTION("""COMPUTED_VALUE"""),0.0) -> 0
A57: =IMAGE("https://www.serebii.net/pokemonsleep/meals/"&C57&".png",4,80,80) | B57: 手製勁爽汽水 | C57: craftsodapop | D57: =SUM(K57,M57,O57,Q57) -> 9 | E57: 點心、飲料 | F57: =IFERROR(ROUND((H57-G57)/G57,2),0) -> 0.19 | G57: =SUMPRODUCT(R57:AK57,$R$1:$AK$1) -> 909 | H57: 1079 | I57: =TEXTJOIN(",",TRUE,J57:Q57) -> 甜甜蜜,9 | J57: 甜甜蜜 | K57: 9 | R57: =IFERROR(__xludf.DUMMYFUNCTION("BYCOL($R$2:$AK$2, LAMBDA(header, IFERROR(SUM(FILTER(K57:Q57, J57:P57=header)), """"))) "),"") | S57: =IFERROR(__xludf.DUMMYFUNCTION("""COMPUTED_VALUE"""),"") | T57: =IFERROR(__xludf.DUMMYFUNCTION("""COMPUTED_VALUE"""),"") | U57: =IFERROR(__xludf.DUMMYFUNCTION("""COMPUTED_VALUE"""),9.0) -> 9 | V57: =IFERROR(__xludf.DUMMYFUNCTION("""COMPUTED_VALUE"""),"") | W57: =IFERROR(__xludf.DUMMYFUNCTION("""COMPUTED_VALUE"""),"") | X57: =IFERROR(__xludf.DUMMYFUNCTION("""COMPUTED_VALUE"""),"") | Y57: =IFERROR(__xludf.DUMMYFUNCTION("""COMPUTED_VALUE"""),"") | Z57: =IFERROR(__xludf.DUMMYFUNCTION("""COMPUTED_VALUE"""),"") | AA57: =IFERROR(__xludf.DUMMYFUNCTION("""COMPUTED_VALUE"""),"") | AB57: =IFERROR(__xludf.DUMMYFUNCTION("""COMPUTED_VALUE"""),"") | AC57: =IFERROR(__xludf.DUMMYFUNCTION("""COMPUTED_VALUE"""),"") | ... AJ57: =IFERROR(__xludf.DUMMYFUNCTION("""COMPUTED_VALUE"""),"") | AK57: =IFERROR(__xludf.DUMMYFUNCTION("""COMPUTED_VALUE"""),0.0) -> 0
A58: =IMAGE("https://www.serebii.net/pokemonsleep/meals/"&C58&".png",4,80,80) | B58: 祈願蘋果派 | C58: luckychantapplepie | D58: =SUM(K58,M58,O58,Q58) -> 16 | E58: 點心、飲料 | F58: =IFERROR(ROUND((H58-G58)/G58,2),0) -> 0.19 | G58: =SUMPRODUCT(R58:AK58,$R$1:$AK$1) -> 1472 | H58: 1748 | I58: =TEXTJOIN(",",TRUE,J58:Q58) -> 特選蘋果,12,哞哞鮮奶,4 | J58: 特選蘋果 | K58: 12 | L58: 哞哞鮮奶 | M58: 4 | R58: =IFERROR(__xludf.DUMMYFUNCTION("BYCOL($R$2:$AK$2, LAMBDA(header, IFERROR(SUM(FILTER(K58:Q58, J58:P58=header)), """"))) "),12.0) -> 12 | S58: =IFERROR(__xludf.DUMMYFUNCTION("""COMPUTED_VALUE"""),4.0) -> 4 | T58: =IFERROR(__xludf.DUMMYFUNCTION("""COMPUTED_VALUE"""),"") | U58: =IFERROR(__xludf.DUMMYFUNCTION("""COMPUTED_VALUE"""),"") | V58: =IFERROR(__xludf.DUMMYFUNCTION("""COMPUTED_VALUE"""),"") | W58: =IFERROR(__xludf.DUMMYFUNCTION("""COMPUTED_VALUE"""),"") | X58: =IFERROR(__xludf.DUMMYFUNCTION("""COMPUTED_VALUE"""),"") | Y58: =IFERROR(__xludf.DUMMYFUNCTION("""COMPUTED_VALUE"""),"") | Z58: =IFERROR(__xludf.DUMMYFUNCTION("""COMPUTED_VALUE"""),"") | AA58: =IFERROR(__xludf.DUMMYFUNCTION("""COMPUTED_VALUE"""),"") | ... AJ58: =IFERROR(__xludf.DUMMYFUNCTION("""COMPUTED_VALUE"""),"") | AK58: =IFERROR(__xludf.DUMMYFUNCTION("""COMPUTED_VALUE"""),0.0) -> 0
A59: =IMAGE("https://www.serebii.net/pokemonsleep/meals/"&C59&".png",4,80,80) | B59: 熟成甜薯燒 | C59: fluffysweetpotatoes | D59: =SUM(K59,M59,O59,Q59) -> 14 | E59: 點心、飲料 | F59: =IFERROR(ROUND((H59-G59)/G59,2),0) -> 0.19 | G59: =SUMPRODUCT(R59:AK59,$R$1:$AK$1) -> 1606 | H59: 1907 | I59: =TEXTJOIN(",",TRUE,J59:Q59) -> 窩心洋芋,9,哞哞鮮奶,5 | J59: 窩心洋芋 | K59: 9 | L59: 哞哞鮮奶 | M59: 5 | R59: =IFERROR(__xludf.DUMMYFUNCTION("BYCOL($R$2:$AK$2, LAMBDA(header, IFERROR(SUM(FILTER(K59:Q59, J59:P59=header)), """"))) "),"") | S59: =IFERROR(__xludf.DUMMYFUNCTION("""COMPUTED_VALUE"""),5.0) -> 5 | T59: =IFERROR(__xludf.DUMMYFUNCTION("""COMPUTED_VALUE"""),"") | U59: =IFERROR(__xludf.DUMMYFUNCTION("""COMPUTED_VALUE"""),"") | V59: =IFERROR(__xludf.DUMMYFUNCTION("""COMPUTED_VALUE"""),"") | W59: =IFERROR(__xludf.DUMMYFUNCTION("""COMPUTED_VALUE"""),"") | X59: =IFERROR(__xludf.DUMMYFUNCTION("""COMPUTED_VALUE"""),"") | Y59: =IFERROR(__xludf.DUMMYFUNCTION("""COMPUTED_VALUE"""),"") | Z59: =IFERROR(__xludf.DUMMYFUNCTION("""COMPUTED_VALUE"""),"") | AA59: =IFERROR(__xludf.DUMMYFUNCTION("""COMPUTED_VALUE"""),9.0) -> 9 | AB59: =IFERROR(__xludf.DUMMYFUNCTION("""COMPUTED_VALUE"""),"") | AC59: =IFERROR(__xludf.DUMMYFUNCTION("""COMPUTED_VALUE"""),"") | AD59: =IFERROR(__xludf.DUMMYFUNCTION("""COMPUTED_VALUE"""),"") | AE59: =IFERROR(__xludf.DUMMYFUNCTION("""COMPUTED_VALUE"""),"") | AF59: =IFERROR(__xludf.DUMMYFUNCTION("""COMPUTED_VALUE"""),"") | AG59: =IFERROR(__xludf.DUMMYFUNCTION("""COMPUTED_VALUE"""),"") | AH59: =IFERROR(__xludf.DUMMYFUNCTION("""COMPUTED_VALUE"""),"") | AI59: =IFERROR(__xludf.DUMMYFUNCTION("""COMPUTED_VALUE"""),"") | AJ59: =IFERROR(__xludf.DUMMYFUNCTION("""COMPUTED_VALUE"""),"") | AK59: =IFERROR(__xludf.DUMMYFUNCTION("""COMPUTED_VALUE"""),0.0) -> 0
A60: =IMAGE("https://www.serebii.net/pokemonsleep/meals/"&C60&".png",4,80,80) | B60: 火花薑茶 | C60: embergingertea | D60: =SUM(K60,M60,O60,Q60) -> 16 | E60: 點心、飲料 | F60: =IFERROR(ROUND((H60-G60)/G60,2),0) -> 0.19 | G60: =SUMPRODUCT(R60:AK60,$R$1:$AK$1) -> 1611 | H60: 1913 | I60: =TEXTJOIN(",",TRUE,J60:Q60) -> 暖暖薑,9,特選蘋果,7 | J60: 暖暖薑 | K60: 9 | L60: 特選蘋果 | M60: 7 | R60: =IFERROR(__xludf.DUMMYFUNCTION("BYCOL($R$2:$AK$2, LAMBDA(header, IFERROR(SUM(FILTER(K60:Q60, J60:P60=header)), """"))) "),7.0) -> 7 | S60: =IFERROR(__xludf.DUMMYFUNCTION("""COMPUTED_VALUE"""),"") | T60: =IFERROR(__xludf.DUMMYFUNCTION("""COMPUTED_VALUE"""),"") | U60: =IFERROR(__xludf.DUMMYFUNCTION("""COMPUTED_VALUE"""),"") | V60: =IFERROR(__xludf.DUMMYFUNCTION("""COMPUTED_VALUE"""),"") | W60: =IFERROR(__xludf.DUMMYFUNCTION("""COMPUTED_VALUE"""),9.0) -> 9 | X60: =IFERROR(__xludf.DUMMYFUNCTION("""COMPUTED_VALUE"""),"") | Y60: =IFERROR(__xludf.DUMMYFUNCTION("""COMPUTED_VALUE"""),"") | Z60: =IFERROR(__xludf.DUMMYFUNCTION("""COMPUTED_VALUE"""),"") | AA60: =IFERROR(__xludf.DUMMYFUNCTION("""COMPUTED_VALUE"""),"") | AB60: =IFERROR(__xludf.DUMMYFUNCTION("""COMPUTED_VALUE"""),"") | AC60: =IFERROR(__xludf.DUMMYFUNCTION("""COMPUTED_VALUE"""),"") | AD60: =IFERROR(__xludf.DUMMYFUNCTION("""COMPUTED_VALUE"""),"") | AE60: =IFERROR(__xludf.DUMMYFUNCTION("""COMPUTED_VALUE"""),"") | ... AJ60: =IFERROR(__xludf.DUMMYFUNCTION("""COMPUTED_VALUE"""),"") | AK60: =IFERROR(__xludf.DUMMYFUNCTION("""COMPUTED_VALUE"""),0.0) -> 0
A61: =IMAGE("https://www.serebii.net/pokemonsleep/meals/"&C61&".png",4,80,80) | B61: 輕裝豆香蛋糕 | C61: cloudninesoycake | D61: =SUM(K61,M61,O61,Q61) -> 15 | E61: 點心、飲料 | F61: =IFERROR(ROUND((H61-G61)/G61,2),0) -> 0.19 | G61: =SUMPRODUCT(R61:AK61,$R$1:$AK$1) -> 1620 | H61: 1924 | I61: =TEXTJOIN(",",TRUE,J61:Q61) -> 特選蛋,8,萌綠大豆,7 | J61: 特選蛋 | K61: 8 | L61: 萌綠大豆 | M61: 7 | R61: =IFERROR(__xludf.DUMMYFUNCTION("BYCOL($R$2:$AK$2, LAMBDA(header, IFERROR(SUM(FILTER(K61:Q61, J61:P61=header)), """"))) "),"") | S61: =IFERROR(__xludf.DUMMYFUNCTION("""COMPUTED_VALUE"""),"") | T61: =IFERROR(__xludf.DUMMYFUNCTION("""COMPUTED_VALUE"""),7.0) -> 7 | U61: =IFERROR(__xludf.DUMMYFUNCTION("""COMPUTED_VALUE"""),"") | V61: =IFERROR(__xludf.DUMMYFUNCTION("""COMPUTED_VALUE"""),"") | W61: =IFERROR(__xludf.DUMMYFUNCTION("""COMPUTED_VALUE"""),"") | X61: =IFERROR(__xludf.DUMMYFUNCTION("""COMPUTED_VALUE"""),"") | Y61: =IFERROR(__xludf.DUMMYFUNCTION("""COMPUTED_VALUE"""),8.0) -> 8 | Z61: =IFERROR(__xludf.DUMMYFUNCTION("""COMPUTED_VALUE"""),"") | AA61: =IFERROR(__xludf.DUMMYFUNCTION("""COMPUTED_VALUE"""),"") | AB61: =IFERROR(__xludf.DUMMYFUNCTION("""COMPUTED_VALUE"""),"") | AC61: =IFERROR(__xludf.DUMMYFUNCTION("""COMPUTED_VALUE"""),"") | AD61: =IFERROR(__xludf.DUMMYFUNCTION("""COMPUTED_VALUE"""),"") | AE61: =IFERROR(__xludf.DUMMYFUNCTION("""COMPUTED_VALUE"""),"") | AF61: =IFERROR(__xludf.DUMMYFUNCTION("""COMPUTED_VALUE"""),"") | AG61: =IFERROR(__xludf.DUMMYFUNCTION("""COMPUTED_VALUE"""),"") | ... AJ61: =IFERROR(__xludf.DUMMYFUNCTION("""COMPUTED_VALUE"""),"") | AK61: =IFERROR(__xludf.DUMMYFUNCTION("""COMPUTED_VALUE"""),0.0) -> 0
A62: =IMAGE("https://www.serebii.net/pokemonsleep/meals/"&C62&".png",4,80,80) | B62: 我行我素蔬菜汁 | C62: stalwartvegetablejuice | D62: =SUM(K62,M62,O62,Q62) -> 16 | E62: 點心、飲料 | F62: =IFERROR(ROUND((H62-G62)/G62,2),0) -> 0.19 | G62: =SUMPRODUCT(R62:AK62,$R$1:$AK$1) -> 1620 | H62: 1924 | I62: =TEXTJOIN(",",TRUE,J62:Q62) -> 好眠番茄,9,特選蘋果,7 | J62: 好眠番茄 | K62: 9 | L62: 特選蘋果 | M62: 7 | R62: =IFERROR(__xludf.DUMMYFUNCTION("BYCOL($R$2:$AK$2, LAMBDA(header, IFERROR(SUM(FILTER(K62:Q62, J62:P62=header)), """"))) "),7.0) -> 7 | S62: =IFERROR(__xludf.DUMMYFUNCTION("""COMPUTED_VALUE"""),"") | T62: =IFERROR(__xludf.DUMMYFUNCTION("""COMPUTED_VALUE"""),"") | U62: =IFERROR(__xludf.DUMMYFUNCTION("""COMPUTED_VALUE"""),"") | V62: =IFERROR(__xludf.DUMMYFUNCTION("""COMPUTED_VALUE"""),"") | W62: =IFERROR(__xludf.DUMMYFUNCTION("""COMPUTED_VALUE"""),"") | X62: =IFERROR(__xludf.DUMMYFUNCTION("""COMPUTED_VALUE"""),9.0) -> 9 | Y62: =IFERROR(__xludf.DUMMYFUNCTION("""COMPUTED_VALUE"""),"") | Z62: =IFERROR(__xludf.DUMMYFUNCTION("""COMPUTED_VALUE"""),"") | AA62: =IFERROR(__xludf.DUMMYFUNCTION("""COMPUTED_VALUE"""),"") | AB62: =IFERROR(__xludf.DUMMYFUNCTION("""COMPUTED_VALUE"""),"") | AC62: =IFERROR(__xludf.DUMMYFUNCTION("""COMPUTED_VALUE"""),"") | AD62: =IFERROR(__xludf.DUMMYFUNCTION("""COMPUTED_VALUE"""),"") | AE62: =IFERROR(__xludf.DUMMYFUNCTION("""COMPUTED_VALUE"""),"") | AF62: =IFERROR(__xludf.DUMMYFUNCTION("""COMPUTED_VALUE"""),"") | ... AJ62: =IFERROR(__xludf.DUMMYFUNCTION("""COMPUTED_VALUE"""),"") | AK62: =IFERROR(__xludf.DUMMYFUNCTION("""COMPUTED_VALUE"""),0.0) -> 0
A63: =IMAGE("https://www.serebii.net/pokemonsleep/meals/"&C63&".png",4,80,80) | B63: 大馬拉薩達 | C63: bigmalasada | D63: =SUM(K63,M63,O63,Q63) -> 23 | E63: 點心、飲料 | F63: =IFERROR(ROUND((H63-G63)/G63,2),0) -> 0.21 | G63: =SUMPRODUCT(R63:AK63,$R$1:$AK$1) -> 2502 | H63: 3015 | I63: =TEXTJOIN(",",TRUE,J63:Q63) -> 純粹油,10,哞哞鮮奶,7,甜甜蜜,6 | J63: 純粹油 | K63: 10 | L63: 哞哞鮮奶 | M63: 7 | N63: 甜甜蜜 | O63: 6 | R63: =IFERROR(__xludf.DUMMYFUNCTION("BYCOL($R$2:$AK$2, LAMBDA(header, IFERROR(SUM(FILTER(K63:Q63, J63:P63=header)), """"))) "),"") | S63: =IFERROR(__xludf.DUMMYFUNCTION("""COMPUTED_VALUE"""),7.0) -> 7 | T63: =IFERROR(__xludf.DUMMYFUNCTION("""COMPUTED_VALUE"""),"") | U63: =IFERROR(__xludf.DUMMYFUNCTION("""COMPUTED_VALUE"""),6.0) -> 6 | V63: =IFERROR(__xludf.DUMMYFUNCTION("""COMPUTED_VALUE"""),"") | W63: =IFERROR(__xludf.DUMMYFUNCTION("""COMPUTED_VALUE"""),"") | X63: =IFERROR(__xludf.DUMMYFUNCTION("""COMPUTED_VALUE"""),"") | Y63: =IFERROR(__xludf.DUMMYFUNCTION("""COMPUTED_VALUE"""),"") | Z63: =IFERROR(__xludf.DUMMYFUNCTION("""COMPUTED_VALUE"""),10.0) -> 10 | AA63: =IFERROR(__xludf.DUMMYFUNCTION("""COMPUTED_VALUE"""),"") | AB63: =IFERROR(__xludf.DUMMYFUNCTION("""COMPUTED_VALUE"""),"") | AC63: =IFERROR(__xludf.DUMMYFUNCTION("""COMPUTED_VALUE"""),"") | AD63: =IFERROR(__xludf.DUMMYFUNCTION("""COMPUTED_VALUE"""),"") | AE63: =IFERROR(__xludf.DUMMYFUNCTION("""COMPUTED_VALUE"""),"") | AF63: =IFERROR(__xludf.DUMMYFUNCTION("""COMPUTED_VALUE"""),"") | AG63: =IFERROR(__xludf.DUMMYFUNCTION("""COMPUTED_VALUE"""),"") | AH63: =IFERROR(__xludf.DUMMYFUNCTION("""COMPUTED_VALUE"""),"") | ... AJ63: =IFERROR(__xludf.DUMMYFUNCTION("""COMPUTED_VALUE"""),"") | AK63: =IFERROR(__xludf.DUMMYFUNCTION("""COMPUTED_VALUE"""),0.0) -> 0
A64: =IMAGE("https://www.serebii.net/pokemonsleep/meals/"&C64&".png",4,80,80) | B64: 活力蛋白飲 | C64: hustleproteinsmoothie | D64: =SUM(K64,M64,O64,Q64) -> 23 | E64: 點心、飲料 | F64: =IFERROR(ROUND((H64-G64)/G64,2),0) -> 0.2 | G64: =SUMPRODUCT(R64:AK64,$R$1:$AK$1) -> 2708 | H64: 3263 | I64: =TEXTJOIN(",",TRUE,J64:Q64) -> 萌綠大豆,15,放鬆可可,8 | J64: 萌綠大豆 | K64: 15 | L64: 放鬆可可 | M64: 8 | R64: =IFERROR(__xludf.DUMMYFUNCTION("BYCOL($R$2:$AK$2, LAMBDA(header, IFERROR(SUM(FILTER(K64:Q64, J64:P64=header)), """"))) "),"") | S64: =IFERROR(__xludf.DUMMYFUNCTION("""COMPUTED_VALUE"""),"") | T64: =IFERROR(__xludf.DUMMYFUNCTION("""COMPUTED_VALUE"""),15.0) -> 15 | U64: =IFERROR(__xludf.DUMMYFUNCTION("""COMPUTED_VALUE"""),"") | V64: =IFERROR(__xludf.DUMMYFUNCTION("""COMPUTED_VALUE"""),"") | W64: =IFERROR(__xludf.DUMMYFUNCTION("""COMPUTED_VALUE"""),"") | X64: =IFERROR(__xludf.DUMMYFUNCTION("""COMPUTED_VALUE"""),"") | Y64: =IFERROR(__xludf.DUMMYFUNCTION("""COMPUTED_VALUE"""),"") | Z64: =IFERROR(__xludf.DUMMYFUNCTION("""COMPUTED_VALUE"""),"") | AA64: =IFERROR(__xludf.DUMMYFUNCTION("""COMPUTED_VALUE"""),"") | AB64: =IFERROR(__xludf.DUMMYFUNCTION("""COMPUTED_VALUE"""),"") | AC64: =IFERROR(__xludf.DUMMYFUNCTION("""COMPUTED_VALUE"""),"") | AD64: =IFERROR(__xludf.DUMMYFUNCTION("""COMPUTED_VALUE"""),8.0) -> 8 | AE64: =IFERROR(__xludf.DUMMYFUNCTION("""COMPUTED_VALUE"""),"") | AF64: =IFERROR(__xludf.DUMMYFUNCTION("""COMPUTED_VALUE"""),"") | AG64: =IFERROR(__xludf.DUMMYFUNCTION("""COMPUTED_VALUE"""),"") | AH64: =IFERROR(__xludf.DUMMYFUNCTION("""COMPUTED_VALUE"""),"") | AI64: =IFERROR(__xludf.DUMMYFUNCTION("""COMPUTED_VALUE"""),"") | AJ64: =IFERROR(__xludf.DUMMYFUNCTION("""COMPUTED_VALUE"""),"") | AK64: =IFERROR(__xludf.DUMMYFUNCTION("""COMPUTED_VALUE"""),0.0) -> 0
A65: =IMAGE("https://www.serebii.net/pokemonsleep/meals/"&C65&".png",4,80,80) | B65: 花瓣舞巧克力塔 | C65: petaldancechocolatetart | D65: =SUM(K65,M65,O65,Q65) -> 22 | E65: 點心、飲料 | F65: =IFERROR(ROUND((H65-G65)/G65,2),0) -> 0.25 | G65: =SUMPRODUCT(R65:AK65,$R$1:$AK$1) -> 2651 | H65: 3314 | I65: =TEXTJOIN(",",TRUE,J65:Q65) -> 特選蘋果,11,放鬆可可,11 | J65: 特選蘋果 | K65: 11 | L65: 放鬆可可 | M65: 11 | R65: =IFERROR(__xludf.DUMMYFUNCTION("BYCOL($R$2:$AK$2, LAMBDA(header, IFERROR(SUM(FILTER(K65:Q65, J65:P65=header)), """"))) "),11.0) -> 11 | S65: =IFERROR(__xludf.DUMMYFUNCTION("""COMPUTED_VALUE"""),"") | T65: =IFERROR(__xludf.DUMMYFUNCTION("""COMPUTED_VALUE"""),"") | U65: =IFERROR(__xludf.DUMMYFUNCTION("""COMPUTED_VALUE"""),"") | V65: =IFERROR(__xludf.DUMMYFUNCTION("""COMPUTED_VALUE"""),"") | W65: =IFERROR(__xludf.DUMMYFUNCTION("""COMPUTED_VALUE"""),"") | X65: =IFERROR(__xludf.DUMMYFUNCTION("""COMPUTED_VALUE"""),"") | Y65: =IFERROR(__xludf.DUMMYFUNCTION("""COMPUTED_VALUE"""),"") | Z65: =IFERROR(__xludf.DUMMYFUNCTION("""COMPUTED_VALUE"""),"") | ... AC65: =IFERROR(__xludf.DUMMYFUNCTION("""COMPUTED_VALUE"""),"") | AD65: =IFERROR(__xludf.DUMMYFUNCTION("""COMPUTED_VALUE"""),11.0) -> 11 | AE65: =IFERROR(__xludf.DUMMYFUNCTION("""COMPUTED_VALUE"""),"") | AF65: =IFERROR(__xludf.DUMMYFUNCTION("""COMPUTED_VALUE"""),"") | AG65: =IFERROR(__xludf.DUMMYFUNCTION("""COMPUTED_VALUE"""),"") | AH65: =IFERROR(__xludf.DUMMYFUNCTION("""COMPUTED_VALUE"""),"") | AI65: =IFERROR(__xludf.DUMMYFUNCTION("""COMPUTED_VALUE"""),"") | AJ65: =IFERROR(__xludf.DUMMYFUNCTION("""COMPUTED_VALUE"""),"") | AK65: =IFERROR(__xludf.DUMMYFUNCTION("""COMPUTED_VALUE"""),0.0) -> 0
A66: =IMAGE("https://www.serebii.net/pokemonsleep/meals/"&C66&".png",4,80,80) | B66: 甜甜香氣巧克力蛋糕 | C66: sweetscentchocolatecake | D66: =SUM(K66,M66,O66,Q66) -> 24 | E66: 點心、飲料 | F66: =IFERROR(ROUND((H66-G66)/G66,2),0) -> 0.21 | G66: =SUMPRODUCT(R66:AK66,$R$1:$AK$1) -> 2803 | H66: 3378 | I66: =TEXTJOIN(",",TRUE,J66:Q66) -> 甜甜蜜,9,放鬆可可,8,哞哞鮮奶,7 | J66: 甜甜蜜 | K66: 9 | L66: 放鬆可可 | M66: 8 | N66: 哞哞鮮奶 | O66: 7 | R66: =IFERROR(__xludf.DUMMYFUNCTION("BYCOL($R$2:$AK$2, LAMBDA(header, IFERROR(SUM(FILTER(K66:Q66, J66:P66=header)), """"))) "),"") | S66: =IFERROR(__xludf.DUMMYFUNCTION("""COMPUTED_VALUE"""),7.0) -> 7 | T66: =IFERROR(__xludf.DUMMYFUNCTION("""COMPUTED_VALUE"""),"") | U66: =IFERROR(__xludf.DUMMYFUNCTION("""COMPUTED_VALUE"""),9.0) -> 9 | V66: =IFERROR(__xludf.DUMMYFUNCTION("""COMPUTED_VALUE"""),"") | W66: =IFERROR(__xludf.DUMMYFUNCTION("""COMPUTED_VALUE"""),"") | X66: =IFERROR(__xludf.DUMMYFUNCTION("""COMPUTED_VALUE"""),"") | Y66: =IFERROR(__xludf.DUMMYFUNCTION("""COMPUTED_VALUE"""),"") | Z66: =IFERROR(__xludf.DUMMYFUNCTION("""COMPUTED_VALUE"""),"") | AA66: =IFERROR(__xludf.DUMMYFUNCTION("""COMPUTED_VALUE"""),"") | AB66: =IFERROR(__xludf.DUMMYFUNCTION("""COMPUTED_VALUE"""),"") | AC66: =IFERROR(__xludf.DUMMYFUNCTION("""COMPUTED_VALUE"""),"") | AD66: =IFERROR(__xludf.DUMMYFUNCTION("""COMPUTED_VALUE"""),8.0) -> 8 | AE66: =IFERROR(__xludf.DUMMYFUNCTION("""COMPUTED_VALUE"""),"") | AF66: =IFERROR(__xludf.DUMMYFUNCTION("""COMPUTED_VALUE"""),"") | AG66: =IFERROR(__xludf.DUMMYFUNCTION("""COMPUTED_VALUE"""),"") | AH66: =IFERROR(__xludf.DUMMYFUNCTION("""COMPUTED_VALUE"""),"") | AI66: =IFERROR(__xludf.DUMMYFUNCTION("""COMPUTED_VALUE"""),"") | AJ66: =IFERROR(__xludf.DUMMYFUNCTION("""COMPUTED_VALUE"""),"") | AK66: =IFERROR(__xludf.DUMMYFUNCTION("""COMPUTED_VALUE"""),0.0) -> 0
A67: =IMAGE("https://www.serebii.net/pokemonsleep/meals/"&C67&".png",4,80,80) | B67: 惡魔之吻水果牛奶 | C67: lovelykisssmoothie | D67: =SUM(K67,M67,O67,Q67) -> 35 | E67: 點心、飲料 | F67: =IFERROR(ROUND((H67-G67)/G67,2),0) -> 0.25 | G67: =SUMPRODUCT(R67:AK67,$R$1:$AK$1) -> 3787 | H67: 4734 | I67: =TEXTJOIN(",",TRUE,J67:Q67) -> 特選蘋果,11,哞哞鮮奶,9,放鬆可可,8,甜甜蜜,7 | J67: 特選蘋果 | K67: 11 | L67: 哞哞鮮奶 | M67: 9 | N67: 放鬆可可 | O67: 8 | P67: 甜甜蜜 | Q67: 7 | R67: =IFERROR(__xludf.DUMMYFUNCTION("BYCOL($R$2:$AK$2, LAMBDA(header, IFERROR(SUM(FILTER(K67:Q67, J67:P67=header)), """"))) "),11.0) -> 11 | S67: =IFERROR(__xludf.DUMMYFUNCTION("""COMPUTED_VALUE"""),9.0) -> 9 | T67: =IFERROR(__xludf.DUMMYFUNCTION("""COMPUTED_VALUE"""),"") | U67: =IFERROR(__xludf.DUMMYFUNCTION("""COMPUTED_VALUE"""),7.0) -> 7 | V67: =IFERROR(__xludf.DUMMYFUNCTION("""COMPUTED_VALUE"""),"") | W67: =IFERROR(__xludf.DUMMYFUNCTION("""COMPUTED_VALUE"""),"") | X67: =IFERROR(__xludf.DUMMYFUNCTION("""COMPUTED_VALUE"""),"") | Y67: =IFERROR(__xludf.DUMMYFUNCTION("""COMPUTED_VALUE"""),"") | Z67: =IFERROR(__xludf.DUMMYFUNCTION("""COMPUTED_VALUE"""),"") | AA67: =IFERROR(__xludf.DUMMYFUNCTION("""COMPUTED_VALUE"""),"") | AB67: =IFERROR(__xludf.DUMMYFUNCTION("""COMPUTED_VALUE"""),"") | AC67: =IFERROR(__xludf.DUMMYFUNCTION("""COMPUTED_VALUE"""),"") | AD67: =IFERROR(__xludf.DUMMYFUNCTION("""COMPUTED_VALUE"""),8.0) -> 8 | AE67: =IFERROR(__xludf.DUMMYFUNCTION("""COMPUTED_VALUE"""),"") | AF67: =IFERROR(__xludf.DUMMYFUNCTION("""COMPUTED_VALUE"""),"") | AG67: =IFERROR(__xludf.DUMMYFUNCTION("""COMPUTED_VALUE"""),"") | AH67: =IFERROR(__xludf.DUMMYFUNCTION("""COMPUTED_VALUE"""),"") | AI67: =IFERROR(__xludf.DUMMYFUNCTION("""COMPUTED_VALUE"""),"") | AJ67: =IFERROR(__xludf.DUMMYFUNCTION("""COMPUTED_VALUE"""),"") | AK67: =IFERROR(__xludf.DUMMYFUNCTION("""COMPUTED_VALUE"""),"")
A68: =IMAGE("https://www.serebii.net/pokemonsleep/meals/"&C68&".png",4,80,80) | B68: 不屈薑餅 | C68: steadfastgingercookies | D68: =SUM(K68,M68,O68,Q68) -> 35 | E68: 點心、飲料 | F68: =IFERROR(ROUND((H68-G68)/G68,2),0) -> 0.25 | G68: =SUMPRODUCT(R68:AK68,$R$1:$AK$1) -> 3937 | H68: 4921 | I68: =TEXTJOIN(",",TRUE,J68:Q68) -> 甜甜蜜,14,暖暖薑,12,放鬆可可,5,特選蛋,4 | J68: 甜甜蜜 | K68: 14 | L68: 暖暖薑 | M68: 12 | N68: 放鬆可可 | O68: 5 | P68: 特選蛋 | Q68: 4 | R68: =IFERROR(__xludf.DUMMYFUNCTION("BYCOL($R$2:$AK$2, LAMBDA(header, IFERROR(SUM(FILTER(K68:Q68, J68:P68=header)), """"))) "),"") | S68: =IFERROR(__xludf.DUMMYFUNCTION("""COMPUTED_VALUE"""),"") | T68: =IFERROR(__xludf.DUMMYFUNCTION("""COMPUTED_VALUE"""),"") | U68: =IFERROR(__xludf.DUMMYFUNCTION("""COMPUTED_VALUE"""),14.0) -> 14 | V68: =IFERROR(__xludf.DUMMYFUNCTION("""COMPUTED_VALUE"""),"") | W68: =IFERROR(__xludf.DUMMYFUNCTION("""COMPUTED_VALUE"""),12.0) -> 12 | X68: =IFERROR(__xludf.DUMMYFUNCTION("""COMPUTED_VALUE"""),"") | Y68: =IFERROR(__xludf.DUMMYFUNCTION("""COMPUTED_VALUE"""),4.0) -> 4 | Z68: =IFERROR(__xludf.DUMMYFUNCTION("""COMPUTED_VALUE"""),"") | AA68: =IFERROR(__xludf.DUMMYFUNCTION("""COMPUTED_VALUE"""),"") | AB68: =IFERROR(__xludf.DUMMYFUNCTION("""COMPUTED_VALUE"""),"") | AC68: =IFERROR(__xludf.DUMMYFUNCTION("""COMPUTED_VALUE"""),"") | AD68: =IFERROR(__xludf.DUMMYFUNCTION("""COMPUTED_VALUE"""),5.0) -> 5 | AE68: =IFERROR(__xludf.DUMMYFUNCTION("""COMPUTED_VALUE"""),"") | AF68: =IFERROR(__xludf.DUMMYFUNCTION("""COMPUTED_VALUE"""),"") | AG68: =IFERROR(__xludf.DUMMYFUNCTION("""COMPUTED_VALUE"""),"") | AH68: =IFERROR(__xludf.DUMMYFUNCTION("""COMPUTED_VALUE"""),"") | AI68: =IFERROR(__xludf.DUMMYFUNCTION("""COMPUTED_VALUE"""),"") | AJ68: =IFERROR(__xludf.DUMMYFUNCTION("""COMPUTED_VALUE"""),"") | AK68: =IFERROR(__xludf.DUMMYFUNCTION("""COMPUTED_VALUE"""),"")
A69: =IMAGE("https://www.serebii.net/pokemonsleep/meals/"&C69&".png",4,80,80) | B69: 橙夢的排毒茶 | C69: neroli'srestorativetea | D69: =SUM(K69,M69,O69,Q69) -> 35 | E69: 點心、飲料 | F69: =IFERROR(ROUND((H69-G69)/G69,2),0) -> 0.25 | G69: =SUMPRODUCT(R69:AK69,$R$1:$AK$1) -> 4052 | H69: 5065 | I69: =TEXTJOIN(",",TRUE,J69:Q69) -> 特選蘋果,15,暖暖薑,11,品鮮蘑菇,9 | J69: 特選蘋果 | K69: 15 | L69: 暖暖薑 | M69: 11 | N69: 品鮮蘑菇 | O69: 9 | R69: =IFERROR(__xludf.DUMMYFUNCTION("BYCOL($R$2:$AK$2, LAMBDA(header, IFERROR(SUM(FILTER(K69:Q69, J69:P69=header)), """"))) "),15.0) -> 15 | S69: =IFERROR(__xludf.DUMMYFUNCTION("""COMPUTED_VALUE"""),"") | T69: =IFERROR(__xludf.DUMMYFUNCTION("""COMPUTED_VALUE"""),"") | U69: =IFERROR(__xludf.DUMMYFUNCTION("""COMPUTED_VALUE"""),"") | V69: =IFERROR(__xludf.DUMMYFUNCTION("""COMPUTED_VALUE"""),"") | W69: =IFERROR(__xludf.DUMMYFUNCTION("""COMPUTED_VALUE"""),11.0) -> 11 | X69: =IFERROR(__xludf.DUMMYFUNCTION("""COMPUTED_VALUE"""),"") | Y69: =IFERROR(__xludf.DUMMYFUNCTION("""COMPUTED_VALUE"""),"") | Z69: =IFERROR(__xludf.DUMMYFUNCTION("""COMPUTED_VALUE"""),"") | AA69: =IFERROR(__xludf.DUMMYFUNCTION("""COMPUTED_VALUE"""),"") | AB69: =IFERROR(__xludf.DUMMYFUNCTION("""COMPUTED_VALUE"""),"") | AC69: =IFERROR(__xludf.DUMMYFUNCTION("""COMPUTED_VALUE"""),"") | AD69: =IFERROR(__xludf.DUMMYFUNCTION("""COMPUTED_VALUE"""),"") | AE69: =IFERROR(__xludf.DUMMYFUNCTION("""COMPUTED_VALUE"""),"") | AF69: =IFERROR(__xludf.DUMMYFUNCTION("""COMPUTED_VALUE"""),"") | AG69: =IFERROR(__xludf.DUMMYFUNCTION("""COMPUTED_VALUE"""),9.0) -> 9 | AH69: =IFERROR(__xludf.DUMMYFUNCTION("""COMPUTED_VALUE"""),"") | AI69: =IFERROR(__xludf.DUMMYFUNCTION("""COMPUTED_VALUE"""),"") | AJ69: =IFERROR(__xludf.DUMMYFUNCTION("""COMPUTED_VALUE"""),"") | AK69: =IFERROR(__xludf.DUMMYFUNCTION("""COMPUTED_VALUE"""),0.0) -> 0
A70: =IMAGE("https://www.serebii.net/pokemonsleep/meals/"&C70&".png",4,80,80) | B70: 大力士豆香甜甜圈 | C70: hugepowersoydonuts | D70: =SUM(K70,M70,O70,Q70) -> 35 | E70: 點心、飲料 | F70: =IFERROR(ROUND((H70-G70)/G70,2),0) -> 0.35 | G70: =SUMPRODUCT(R70:AK70,$R$1:$AK$1) -> 4109 | H70: 5547 | I70: =TEXTJOIN(",",TRUE,J70:Q70) -> 萌綠大豆,16,純粹油,12,放鬆可可,7 | J70: 萌綠大豆 | K70: 16 | L70: 純粹油 | M70: 12 | N70: 放鬆可可 | O70: 7 | R70: =IFERROR(__xludf.DUMMYFUNCTION("BYCOL($R$2:$AK$2, LAMBDA(header, IFERROR(SUM(FILTER(K70:Q70, J70:P70=header)), """"))) "),"") | S70: =IFERROR(__xludf.DUMMYFUNCTION("""COMPUTED_VALUE"""),"") | T70: =IFERROR(__xludf.DUMMYFUNCTION("""COMPUTED_VALUE"""),16.0) -> 16 | U70: =IFERROR(__xludf.DUMMYFUNCTION("""COMPUTED_VALUE"""),"") | V70: =IFERROR(__xludf.DUMMYFUNCTION("""COMPUTED_VALUE"""),"") | W70: =IFERROR(__xludf.DUMMYFUNCTION("""COMPUTED_VALUE"""),"") | X70: =IFERROR(__xludf.DUMMYFUNCTION("""COMPUTED_VALUE"""),"") | Y70: =IFERROR(__xludf.DUMMYFUNCTION("""COMPUTED_VALUE"""),"") | Z70: =IFERROR(__xludf.DUMMYFUNCTION("""COMPUTED_VALUE"""),12.0) -> 12 | AA70: =IFERROR(__xludf.DUMMYFUNCTION("""COMPUTED_VALUE"""),"") | AB70: =IFERROR(__xludf.DUMMYFUNCTION("""COMPUTED_VALUE"""),"") | AC70: =IFERROR(__xludf.DUMMYFUNCTION("""COMPUTED_VALUE"""),"") | AD70: =IFERROR(__xludf.DUMMYFUNCTION("""COMPUTED_VALUE"""),7.0) -> 7 | AE70: =IFERROR(__xludf.DUMMYFUNCTION("""COMPUTED_VALUE"""),"") | AF70: =IFERROR(__xludf.DUMMYFUNCTION("""COMPUTED_VALUE"""),"") | AG70: =IFERROR(__xludf.DUMMYFUNCTION("""COMPUTED_VALUE"""),"") | AH70: =IFERROR(__xludf.DUMMYFUNCTION("""COMPUTED_VALUE"""),"") | AI70: =IFERROR(__xludf.DUMMYFUNCTION("""COMPUTED_VALUE"""),"") | AJ70: =IFERROR(__xludf.DUMMYFUNCTION("""COMPUTED_VALUE"""),"") | AK70: =IFERROR(__xludf.DUMMYFUNCTION("""COMPUTED_VALUE"""),0.0) -> 0
A71: =IMAGE("https://www.serebii.net/pokemonsleep/meals/"&C71&".png",4,80,80) | B71: 大爆炸爆米花 | C71: explosionpopcorn | D71: =SUM(K71,M71,O71,Q71) -> 36 | E71: 點心、飲料 | F71: =IFERROR(ROUND((H71-G71)/G71,2),0) -> 0.35 | G71: =SUMPRODUCT(R71:AK71,$R$1:$AK$1) -> 4480 | H71: 6048 | I71: =TEXTJOIN(",",TRUE,J71:Q71) -> 萌綠玉米,15,純粹油,14,哞哞鮮奶,7 | J71: 萌綠玉米 | K71: 15 | L71: 純粹油 | M71: 14 | N71: 哞哞鮮奶 | O71: 7 | R71: =IFERROR(__xludf.DUMMYFUNCTION("BYCOL($R$2:$AK$2, LAMBDA(header, IFERROR(SUM(FILTER(K71:Q71, J71:P71=header)), """"))) "),"") | S71: =IFERROR(__xludf.DUMMYFUNCTION("""COMPUTED_VALUE"""),7.0) -> 7 | T71: =IFERROR(__xludf.DUMMYFUNCTION("""COMPUTED_VALUE"""),"") | U71: =IFERROR(__xludf.DUMMYFUNCTION("""COMPUTED_VALUE"""),"") | V71: =IFERROR(__xludf.DUMMYFUNCTION("""COMPUTED_VALUE"""),"") | W71: =IFERROR(__xludf.DUMMYFUNCTION("""COMPUTED_VALUE"""),"") | X71: =IFERROR(__xludf.DUMMYFUNCTION("""COMPUTED_VALUE"""),"") | Y71: =IFERROR(__xludf.DUMMYFUNCTION("""COMPUTED_VALUE"""),"") | Z71: =IFERROR(__xludf.DUMMYFUNCTION("""COMPUTED_VALUE"""),14.0) -> 14 | AA71: =IFERROR(__xludf.DUMMYFUNCTION("""COMPUTED_VALUE"""),"") | AB71: =IFERROR(__xludf.DUMMYFUNCTION("""COMPUTED_VALUE"""),"") | AC71: =IFERROR(__xludf.DUMMYFUNCTION("""COMPUTED_VALUE"""),15.0) -> 15 | AD71: =IFERROR(__xludf.DUMMYFUNCTION("""COMPUTED_VALUE"""),"") | AE71: =IFERROR(__xludf.DUMMYFUNCTION("""COMPUTED_VALUE"""),"") | AF71: =IFERROR(__xludf.DUMMYFUNCTION("""COMPUTED_VALUE"""),"") | AG71: =IFERROR(__xludf.DUMMYFUNCTION("""COMPUTED_VALUE"""),"") | AH71: =IFERROR(__xludf.DUMMYFUNCTION("""COMPUTED_VALUE"""),"") | AI71: =IFERROR(__xludf.DUMMYFUNCTION("""COMPUTED_VALUE"""),"") | AJ71: =IFERROR(__xludf.DUMMYFUNCTION("""COMPUTED_VALUE"""),"") | AK71: =IFERROR(__xludf.DUMMYFUNCTION("""COMPUTED_VALUE"""),0.0) -> 0
A72: =IMAGE("https://www.serebii.net/pokemonsleep/meals/"&C72&".png",4,80,80) | B72: 早起咖啡凍 | C72: earlybirdcoffeejelly | D72: =SUM(K72,M72,O72,Q72) -> 42 | E72: 點心、飲料 | F72: =IFERROR(ROUND((H72-G72)/G72,2),0) -> 0.35 | G72: =SUMPRODUCT(R72:AK72,$R$1:$AK$1) -> 5032 | H72: 6793 | I72: =TEXTJOIN(",",TRUE,J72:Q72) -> 醒腦咖啡豆,16,哞哞鮮奶,14,甜甜蜜,12 | J72: 醒腦咖啡豆 | K72: 16 | L72: 哞哞鮮奶 | M72: 14 | N72: 甜甜蜜 | O72: 12 | R72: =IFERROR(__xludf.DUMMYFUNCTION("BYCOL($R$2:$AK$2, LAMBDA(header, IFERROR(SUM(FILTER(K72:Q72, J72:P72=header)), """"))) "),"") | S72: =IFERROR(__xludf.DUMMYFUNCTION("""COMPUTED_VALUE"""),14.0) -> 14 | T72: =IFERROR(__xludf.DUMMYFUNCTION("""COMPUTED_VALUE"""),"") | U72: =IFERROR(__xludf.DUMMYFUNCTION("""COMPUTED_VALUE"""),12.0) -> 12 | V72: =IFERROR(__xludf.DUMMYFUNCTION("""COMPUTED_VALUE"""),"") | W72: =IFERROR(__xludf.DUMMYFUNCTION("""COMPUTED_VALUE"""),"") | X72: =IFERROR(__xludf.DUMMYFUNCTION("""COMPUTED_VALUE"""),"") | Y72: =IFERROR(__xludf.DUMMYFUNCTION("""COMPUTED_VALUE"""),"") | Z72: =IFERROR(__xludf.DUMMYFUNCTION("""COMPUTED_VALUE"""),"") | AA72: =IFERROR(__xludf.DUMMYFUNCTION("""COMPUTED_VALUE"""),"") | AB72: =IFERROR(__xludf.DUMMYFUNCTION("""COMPUTED_VALUE"""),"") | AC72: =IFERROR(__xludf.DUMMYFUNCTION("""COMPUTED_VALUE"""),"") | AD72: =IFERROR(__xludf.DUMMYFUNCTION("""COMPUTED_VALUE"""),"") | AE72: =IFERROR(__xludf.DUMMYFUNCTION("""COMPUTED_VALUE"""),16.0) -> 16 | AF72: =IFERROR(__xludf.DUMMYFUNCTION("""COMPUTED_VALUE"""),"") | AG72: =IFERROR(__xludf.DUMMYFUNCTION("""COMPUTED_VALUE"""),"") | AH72: =IFERROR(__xludf.DUMMYFUNCTION("""COMPUTED_VALUE"""),"") | AI72: =IFERROR(__xludf.DUMMYFUNCTION("""COMPUTED_VALUE"""),"") | AJ72: =IFERROR(__xludf.DUMMYFUNCTION("""COMPUTED_VALUE"""),"") | AK72: =IFERROR(__xludf.DUMMYFUNCTION("""COMPUTED_VALUE"""),0.0) -> 0
A73: =IMAGE("https://www.serebii.net/pokemonsleep/meals/"&C73&".png",4,80,80) | B73: 破格玉米香提拉米蘇 | C73: moldbreakercorntiramisu | D73: =SUM(K73,M73,O73,Q73) -> 40 | E73: 點心、飲料 | F73: =IFERROR(ROUND((H73-G73)/G73,2),0) -> 0.35 | G73: =SUMPRODUCT(R73:AK73,$R$1:$AK$1) -> 5278 | H73: 7125 | I73: =TEXTJOIN(",",TRUE,J73:Q73) -> 萌綠玉米,14,醒腦咖啡豆,14,哞哞鮮奶,12 | J73: 萌綠玉米 | K73: 14 | L73: 醒腦咖啡豆 | M73: 14 | N73: 哞哞鮮奶 | O73: 12 | R73: =IFERROR(__xludf.DUMMYFUNCTION("BYCOL($R$2:$AK$2, LAMBDA(header, IFERROR(SUM(FILTER(K73:Q73, J73:P73=header)), """"))) "),"") | S73: =IFERROR(__xludf.DUMMYFUNCTION("""COMPUTED_VALUE"""),12.0) -> 12 | T73: =IFERROR(__xludf.DUMMYFUNCTION("""COMPUTED_VALUE"""),"") | U73: =IFERROR(__xludf.DUMMYFUNCTION("""COMPUTED_VALUE"""),"") | V73: =IFERROR(__xludf.DUMMYFUNCTION("""COMPUTED_VALUE"""),"") | W73: =IFERROR(__xludf.DUMMYFUNCTION("""COMPUTED_VALUE"""),"") | X73: =IFERROR(__xludf.DUMMYFUNCTION("""COMPUTED_VALUE"""),"") | Y73: =IFERROR(__xludf.DUMMYFUNCTION("""COMPUTED_VALUE"""),"") | Z73: =IFERROR(__xludf.DUMMYFUNCTION("""COMPUTED_VALUE"""),"") | AA73: =IFERROR(__xludf.DUMMYFUNCTION("""COMPUTED_VALUE"""),"") | AB73: =IFERROR(__xludf.DUMMYFUNCTION("""COMPUTED_VALUE"""),"") | AC73: =IFERROR(__xludf.DUMMYFUNCTION("""COMPUTED_VALUE"""),14.0) -> 14 | AD73: =IFERROR(__xludf.DUMMYFUNCTION("""COMPUTED_VALUE"""),"") | AE73: =IFERROR(__xludf.DUMMYFUNCTION("""COMPUTED_VALUE"""),14.0) -> 14 | AF73: =IFERROR(__xludf.DUMMYFUNCTION("""COMPUTED_VALUE"""),"") | AG73: =IFERROR(__xludf.DUMMYFUNCTION("""COMPUTED_VALUE"""),"") | AH73: =IFERROR(__xludf.DUMMYFUNCTION("""COMPUTED_VALUE"""),"") | AI73: =IFERROR(__xludf.DUMMYFUNCTION("""COMPUTED_VALUE"""),"") | AJ73: =IFERROR(__xludf.DUMMYFUNCTION("""COMPUTED_VALUE"""),"") | AK73: =IFERROR(__xludf.DUMMYFUNCTION("""COMPUTED_VALUE"""),0.0) -> 0
A74: =IMAGE("https://www.serebii.net/pokemonsleep/meals/"&C74&".png",4,80,80) | B74: 胖丁百匯布丁 | C74: jigglypuff'sfruityflan | D74: =SUM(K74,M74,O74,Q74) -> 55 | E74: 點心、飲料 | F74: =IFERROR(ROUND((H74-G74)/G74,2),0) -> 0.35 | G74: =SUMPRODUCT(R74:AK74,$R$1:$AK$1) -> 5625 | H74: 7594 | I74: =TEXTJOIN(",",TRUE,J74:Q74) -> 甜甜蜜,20,特選蛋,15,特選蘋果,10,哞哞鮮奶,10 | J74: 甜甜蜜 | K74: 20 | L74: 特選蛋 | M74: 15 | N74: 特選蘋果 | O74: 10 | P74: 哞哞鮮奶 | Q74: 10 | R74: =IFERROR(__xludf.DUMMYFUNCTION("BYCOL($R$2:$AK$2, LAMBDA(header, IFERROR(SUM(FILTER(K74:Q74, J74:P74=header)), """"))) "),10.0) -> 10 | S74: =IFERROR(__xludf.DUMMYFUNCTION("""COMPUTED_VALUE"""),10.0) -> 10 | T74: =IFERROR(__xludf.DUMMYFUNCTION("""COMPUTED_VALUE"""),"") | U74: =IFERROR(__xludf.DUMMYFUNCTION("""COMPUTED_VALUE"""),20.0) -> 20 | V74: =IFERROR(__xludf.DUMMYFUNCTION("""COMPUTED_VALUE"""),"") | W74: =IFERROR(__xludf.DUMMYFUNCTION("""COMPUTED_VALUE"""),"") | X74: =IFERROR(__xludf.DUMMYFUNCTION("""COMPUTED_VALUE"""),"") | Y74: =IFERROR(__xludf.DUMMYFUNCTION("""COMPUTED_VALUE"""),15.0) -> 15 | Z74: =IFERROR(__xludf.DUMMYFUNCTION("""COMPUTED_VALUE"""),"") | AA74: =IFERROR(__xludf.DUMMYFUNCTION("""COMPUTED_VALUE"""),"") | AB74: =IFERROR(__xludf.DUMMYFUNCTION("""COMPUTED_VALUE"""),"") | AC74: =IFERROR(__xludf.DUMMYFUNCTION("""COMPUTED_VALUE"""),"") | AD74: =IFERROR(__xludf.DUMMYFUNCTION("""COMPUTED_VALUE"""),"") | AE74: =IFERROR(__xludf.DUMMYFUNCTION("""COMPUTED_VALUE"""),"") | AF74: =IFERROR(__xludf.DUMMYFUNCTION("""COMPUTED_VALUE"""),"") | AG74: =IFERROR(__xludf.DUMMYFUNCTION("""COMPUTED_VALUE"""),"") | ... AK74: =IFERROR(__xludf.DUMMYFUNCTION("""COMPUTED_VALUE"""),"")
A75: =IMAGE("https://www.serebii.net/pokemonsleep/meals/"&C75&".png",4,80,80) | B75: 青草攪拌器冰沙 | C75: leaftornadosmoothie | D75: =SUM(K75,M75,O75,Q75) -> 48 | E75: 點心、飲料 | F75: =IFERROR(ROUND((H75-G75)/G75,2),0) -> 0.35 | G75: =SUMPRODUCT(R75:AK75,$R$1:$AK$1) -> 6048 | H75: 8165 | I75: =TEXTJOIN(",",TRUE,J75:Q75) -> 嫩亮酪梨,18,好眠番茄,16,哞哞鮮奶,14 | J75: 嫩亮酪梨 | K75: 18 | L75: 好眠番茄 | M75: 16 | N75: 哞哞鮮奶 | O75: 14 | S75: 14 | X75: 16 | AF75: 18
A76: =IMAGE("https://www.serebii.net/pokemonsleep/meals/"&C76&".png",4,80,80) | B76: 茶會玉米司康 | C76: teatimecornscones | D76: =SUM(K76,M76,O76,Q76) -> 67 | E76: 點心、飲料 | F76: =IFERROR(ROUND((H76-G76)/G76,2),0) -> 0.48 | G76: =SUMPRODUCT(R76:AK76,$R$1:$AK$1) -> 7382 | H76: 10925 | I76: =TEXTJOIN(",",TRUE,J76:Q76) -> 特選蘋果,20,暖暖薑,20,萌綠玉米,18,哞哞鮮奶,9 | J76: 特選蘋果 | K76: 20 | L76: 暖暖薑 | M76: 20 | N76: 萌綠玉米 | O76: 18 | P76: 哞哞鮮奶 | Q76: 9 | R76: =IFERROR(__xludf.DUMMYFUNCTION("BYCOL($R$2:$AK$2, LAMBDA(header, IFERROR(SUM(FILTER(K76:Q76, J76:P76=header)), """"))) "),20.0) -> 20 | S76: =IFERROR(__xludf.DUMMYFUNCTION("""COMPUTED_VALUE"""),9.0) -> 9 | T76: =IFERROR(__xludf.DUMMYFUNCTION("""COMPUTED_VALUE"""),"") | U76: =IFERROR(__xludf.DUMMYFUNCTION("""COMPUTED_VALUE"""),"") | V76: =IFERROR(__xludf.DUMMYFUNCTION("""COMPUTED_VALUE"""),"") | W76: =IFERROR(__xludf.DUMMYFUNCTION("""COMPUTED_VALUE"""),20.0) -> 20 | X76: =IFERROR(__xludf.DUMMYFUNCTION("""COMPUTED_VALUE"""),"") | Y76: =IFERROR(__xludf.DUMMYFUNCTION("""COMPUTED_VALUE"""),"") | Z76: =IFERROR(__xludf.DUMMYFUNCTION("""COMPUTED_VALUE"""),"") | AA76: =IFERROR(__xludf.DUMMYFUNCTION("""COMPUTED_VALUE"""),"") | AB76: =IFERROR(__xludf.DUMMYFUNCTION("""COMPUTED_VALUE"""),"") | AC76: =IFERROR(__xludf.DUMMYFUNCTION("""COMPUTED_VALUE"""),18.0) -> 18 | AD76: =IFERROR(__xludf.DUMMYFUNCTION("""COMPUTED_VALUE"""),"") | AE76: =IFERROR(__xludf.DUMMYFUNCTION("""COMPUTED_VALUE"""),"") | AF76: =IFERROR(__xludf.DUMMYFUNCTION("""COMPUTED_VALUE"""),"") | AG76: =IFERROR(__xludf.DUMMYFUNCTION("""COMPUTED_VALUE"""),"") | AH76: =IFERROR(__xludf.DUMMYFUNCTION("""COMPUTED_VALUE"""),"") | AI76: =IFERROR(__xludf.DUMMYFUNCTION("""COMPUTED_VALUE"""),"") | AJ76: =IFERROR(__xludf.DUMMYFUNCTION("""COMPUTED_VALUE"""),"") | AK76: =IFERROR(__xludf.DUMMYFUNCTION("""COMPUTED_VALUE"""),"")
A77: =IMAGE("https://www.serebii.net/pokemonsleep/meals/"&C77&".png",4,80,80) | B77: 花之禮馬卡龍 | C77: flowergiftmacarons | D77: =SUM(K77,M77,O77,Q77) -> 77 | E77: 點心、飲料 | F77: =IFERROR(ROUND((H77-G77)/G77,2),0) -> 0.48 | G77: =SUMPRODUCT(R77:AK77,$R$1:$AK$1) -> 9347 | H77: 13834 | I77: =TEXTJOIN(",",TRUE,J77:Q77) -> 放鬆可可,25,特選蛋,25,甜甜蜜,17,哞哞鮮奶,10 | J77: 放鬆可可 | K77: 25 | L77: 特選蛋 | M77: 25 | N77: 甜甜蜜 | O77: 17 | P77: 哞哞鮮奶 | Q77: 10 | R77: =IFERROR(__xludf.DUMMYFUNCTION("BYCOL($R$2:$AK$2, LAMBDA(header, IFERROR(SUM(FILTER(K77:Q77, J77:P77=header)), """"))) "),"") | S77: =IFERROR(__xludf.DUMMYFUNCTION("""COMPUTED_VALUE"""),10.0) -> 10 | T77: =IFERROR(__xludf.DUMMYFUNCTION("""COMPUTED_VALUE"""),"") | U77: =IFERROR(__xludf.DUMMYFUNCTION("""COMPUTED_VALUE"""),17.0) -> 17 | V77: =IFERROR(__xludf.DUMMYFUNCTION("""COMPUTED_VALUE"""),"") | W77: =IFERROR(__xludf.DUMMYFUNCTION("""COMPUTED_VALUE"""),"") | X77: =IFERROR(__xludf.DUMMYFUNCTION("""COMPUTED_VALUE"""),"") | Y77: =IFERROR(__xludf.DUMMYFUNCTION("""COMPUTED_VALUE"""),25.0) -> 25 | Z77: =IFERROR(__xludf.DUMMYFUNCTION("""COMPUTED_VALUE"""),"") | AA77: =IFERROR(__xludf.DUMMYFUNCTION("""COMPUTED_VALUE"""),"") | AB77: =IFERROR(__xludf.DUMMYFUNCTION("""COMPUTED_VALUE"""),"") | AC77: =IFERROR(__xludf.DUMMYFUNCTION("""COMPUTED_VALUE"""),"") | AD77: =IFERROR(__xludf.DUMMYFUNCTION("""COMPUTED_VALUE"""),25.0) -> 25 | AE77: =IFERROR(__xludf.DUMMYFUNCTION("""COMPUTED_VALUE"""),"") | AF77: =IFERROR(__xludf.DUMMYFUNCTION("""COMPUTED_VALUE"""),"") | AG77: =IFERROR(__xludf.DUMMYFUNCTION("""COMPUTED_VALUE"""),"") | AH77: =IFERROR(__xludf.DUMMYFUNCTION("""COMPUTED_VALUE"""),"") | AI77: =IFERROR(__xludf.DUMMYFUNCTION("""COMPUTED_VALUE"""),"") | AJ77: =IFERROR(__xludf.DUMMYFUNCTION("""COMPUTED_VALUE"""),"") | AK77: =IFERROR(__xludf.DUMMYFUNCTION("""COMPUTED_VALUE"""),"")
A78: =IMAGE("https://www.serebii.net/pokemonsleep/meals/"&C78&".png",4,80,80) | B78: 電光香料可樂 | C78: zingzapspicedcola | D78: =SUM(K78,M78,O78,Q78) -> 87 | E78: 點心、飲料 | F78: =IFERROR(ROUND((H78-G78)/G78,2),0) -> 0.61 | G78: =SUMPRODUCT(R78:AK78,$R$1:$AK$1) -> 10866 | H78: 17494 | I78: =TEXTJOIN(",",TRUE,J78:Q78) -> 特選蘋果,35,暖暖薑,20,粗枝大蔥,20,醒腦咖啡豆,12 | J78: 特選蘋果 | K78: 35 | L78: 暖暖薑 | M78: 20 | N78: 粗枝大蔥 | O78: 20 | P78: 醒腦咖啡豆 | Q78: 12 | R78: =IFERROR(__xludf.DUMMYFUNCTION("BYCOL($R$2:$AK$2, LAMBDA(header, IFERROR(SUM(FILTER(K78:Q78, J78:P78=header)), """"))) "),35.0) -> 35 | S78: =IFERROR(__xludf.DUMMYFUNCTION("""COMPUTED_VALUE"""),"") | T78: =IFERROR(__xludf.DUMMYFUNCTION("""COMPUTED_VALUE"""),"") | U78: =IFERROR(__xludf.DUMMYFUNCTION("""COMPUTED_VALUE"""),"") | V78: =IFERROR(__xludf.DUMMYFUNCTION("""COMPUTED_VALUE"""),"") | W78: =IFERROR(__xludf.DUMMYFUNCTION("""COMPUTED_VALUE"""),20.0) -> 20 | X78: =IFERROR(__xludf.DUMMYFUNCTION("""COMPUTED_VALUE"""),"") | Y78: =IFERROR(__xludf.DUMMYFUNCTION("""COMPUTED_VALUE"""),"") | Z78: =IFERROR(__xludf.DUMMYFUNCTION("""COMPUTED_VALUE"""),"") | AA78: =IFERROR(__xludf.DUMMYFUNCTION("""COMPUTED_VALUE"""),"") | AB78: =IFERROR(__xludf.DUMMYFUNCTION("""COMPUTED_VALUE"""),"") | AC78: =IFERROR(__xludf.DUMMYFUNCTION("""COMPUTED_VALUE"""),"") | AD78: =IFERROR(__xludf.DUMMYFUNCTION("""COMPUTED_VALUE"""),"") | AE78: =IFERROR(__xludf.DUMMYFUNCTION("""COMPUTED_VALUE"""),12.0) -> 12 | AF78: =IFERROR(__xludf.DUMMYFUNCTION("""COMPUTED_VALUE"""),"") | AG78: =IFERROR(__xludf.DUMMYFUNCTION("""COMPUTED_VALUE"""),"") | AH78: =IFERROR(__xludf.DUMMYFUNCTION("""COMPUTED_VALUE"""),20.0) -> 20 | AI78: =IFERROR(__xludf.DUMMYFUNCTION("""COMPUTED_VALUE"""),"") | AJ78: =IFERROR(__xludf.DUMMYFUNCTION("""COMPUTED_VALUE"""),"") | AK78: =IFERROR(__xludf.DUMMYFUNCTION("""COMPUTED_VALUE"""),"")
A79: =IMAGE("https://www.serebii.net/pokemonsleep/meals/"&C79&".png",4,80,80) | B79: 土王閃電泡芙 | C79: clodsireeclair | D79: =SUM(K79,M79,O79,Q79) -> 102 | E79: 點心、飲料 | F79: =IFERROR(ROUND((H79-G79)/G79,2),0) -> 0.61 | G79: =SUMPRODUCT(R79:AK79,$R$1:$AK$1) -> 12972 | H79: 20885 | I79: =TEXTJOIN(",",TRUE,J79:Q79) -> 放鬆可可,30,哞哞鮮奶,26,醒腦咖啡豆,24,甜甜蜜,22 | J79: 放鬆可可 | K79: 30 | L79: 哞哞鮮奶 | M79: 26 | N79: 醒腦咖啡豆 | O79: 24 | P79: 甜甜蜜 | Q79: 22 | R79: =IFERROR(__xludf.DUMMYFUNCTION("BYCOL($R$2:$AK$2, LAMBDA(header, IFERROR(SUM(FILTER(K79:Q79, J79:P79=header)), """"))) "),"") | S79: =IFERROR(__xludf.DUMMYFUNCTION("""COMPUTED_VALUE"""),26.0) -> 26 | T79: =IFERROR(__xludf.DUMMYFUNCTION("""COMPUTED_VALUE"""),"") | U79: =IFERROR(__xludf.DUMMYFUNCTION("""COMPUTED_VALUE"""),22.0) -> 22 | V79: =IFERROR(__xludf.DUMMYFUNCTION("""COMPUTED_VALUE"""),"") | W79: =IFERROR(__xludf.DUMMYFUNCTION("""COMPUTED_VALUE"""),"") | X79: =IFERROR(__xludf.DUMMYFUNCTION("""COMPUTED_VALUE"""),"") | Y79: =IFERROR(__xludf.DUMMYFUNCTION("""COMPUTED_VALUE"""),"") | Z79: =IFERROR(__xludf.DUMMYFUNCTION("""COMPUTED_VALUE"""),"") | AA79: =IFERROR(__xludf.DUMMYFUNCTION("""COMPUTED_VALUE"""),"") | AB79: =IFERROR(__xludf.DUMMYFUNCTION("""COMPUTED_VALUE"""),"") | AC79: =IFERROR(__xludf.DUMMYFUNCTION("""COMPUTED_VALUE"""),"") | AD79: =IFERROR(__xludf.DUMMYFUNCTION("""COMPUTED_VALUE"""),30.0) -> 30 | AE79: =IFERROR(__xludf.DUMMYFUNCTION("""COMPUTED_VALUE"""),24.0) -> 24 | AF79: =IFERROR(__xludf.DUMMYFUNCTION("""COMPUTED_VALUE"""),"") | AG79: =IFERROR(__xludf.DUMMYFUNCTION("""COMPUTED_VALUE"""),"") | AH79: =IFERROR(__xludf.DUMMYFUNCTION("""COMPUTED_VALUE"""),"") | AI79: =IFERROR(__xludf.DUMMYFUNCTION("""COMPUTED_VALUE"""),"") | AJ79: =IFERROR(__xludf.DUMMYFUNCTION("""COMPUTED_VALUE"""),"") | AK79: =IFERROR(__xludf.DUMMYFUNCTION("""COMPUTED_VALUE"""),"")
A80: =IMAGE("https://www.serebii.net/pokemonsleep/meals/"&C80&".png",4,80,80) | B80: 心跳加速鬼面鬆餅 | C80: scaryfacepancakes | D80: =SUM(K80,M80,O80,Q80) -> 103 | E80: 點心、飲料 | F80: =IFERROR(ROUND((H80-G80)/G80,2),0) -> 0.78 | G80: =SUMPRODUCT(R80:AK80,$R$1:$AK$1) -> 13682 | H80: 24354 | I80: =TEXTJOIN(",",TRUE,J80:Q80) -> 沉甸甸南瓜,18,特選蛋,24,甜甜蜜,32,好眠番茄,29 | J80: 沉甸甸南瓜 | K80: 18 | L80: 特選蛋 | M80: 24 | N80: 甜甜蜜 | O80: 32 | P80: 好眠番茄 | Q80: 29 | U80: 32 | X80: 29 | Y80: 24 | AI80: 18
A81: =IMAGE("https://www.serebii.net/pokemonsleep/meals/"&C81&".png",4,80,80) | B81: 採蜜巧克力格子鬆餅 | C81: honeygatherchocolatewaffles | D81: =SUM(K81,M81,O81,Q81) -> 115 | E81: 點心、飲料 | F81: =IFERROR(ROUND((H81-G81)/G81,2),0) -> 0.78 | G81: =SUMPRODUCT(R81:AK81,$R$1:$AK$1) -> 14317 | H81: 25484 | I81: =TEXTJOIN(",",TRUE,J81:Q81) -> 甜甜蜜,38,萌綠玉米,28,純粹油,28,放鬆可可,21 | J81: 甜甜蜜 | K81: 38 | L81: 萌綠玉米 | M81: 28 | N81: 純粹油 | O81: 28 | P81: 放鬆可可 | Q81: 21 | U81: 38 | Z81: 28 | AC81: 28 | AD81: 21

Sheet 食材
A1: ID | B1: 食材名 | C1: 英文名 | D1: 食材圖 | E1: 初始拿到等級 | F1: 食材基礎分 | G1: 開放日期
A2: 1 | B2: 粗枝大蔥 | C2: Large Leek | E2: 30 | F2: 185 | G2: 45124
A3: 2 | B3: 品鮮蘑菇 | C3: Tasty Mushroom | E3: 30 | F3: 167 | G3: 45124
A4: 3 | B4: 特選蛋 | C4: Fancy Egg | E4: 1 | F4: 115 | G4: 45124
A5: 4 | B5: 窩心洋芋 | C5: Soft Potato | E5: 30 | F5: 124 | G5: 45124
A6: 5 | B6: 特選蘋果 | C6: Fancy Apple | E6: 1 | F6: 90 | G6: 45124
A7: 6 | B7: 火辣香草 | C7: Fiery Herb | E7: 1 | F7: 130 | G7: 45124
A8: 7 | B8: 豆製肉 | C8: Bean Sausage | E8: 1 | F8: 103 | G8: 45124
A9: 8 | B9: 哞哞鮮奶 | C9: Moomoo Milk | E9: 1 | F9: 98 | G9: 45124
A10: 9 | B10: 甜甜蜜 | C10: Honey | E10: 1 | F10: 101 | G10: 45124
A11: 10 | B11: 純粹油 | C11: Pure Oil | E11: 1 | F11: 121 | G11: 45124
A12: 11 | B12: 暖暖薑 | C12: Warming Ginger | E12: 1 | F12: 109 | G12: 45124
A13: 12 | B13: 好眠番茄 | C13: Snoozy Tomato | E13: 1 | F13: 110 | G13: 45124
... A16: 15 | B16: 萌綠大豆 | C16: Greengrass Soybeans | E16: 1 | F16: 100 | G16: 45124
A17: 16 | B17: 萌綠玉米 | C17: Greengrass Corn | D17: =IMAGE("https://www.serebii.net/pokemonsleep/ingredients/"&SUBSTITUTE(LOWER(C17)," ","",)&".png") | E17: 1 | F17: 140 | G17: 45315
A18: 17 | B18: 醒腦咖啡豆 | C18: Rousing Coffee | D18: =IMAGE("https://www.serebii.net/pokemonsleep/ingredients/"&SUBSTITUTE(LOWER(C18)," ","",)&".png") | E18: 1 | F18: 153 | G18: 45566
A19: 18 | B19: 沉甸甸南瓜 | C19: Plump Pumpkin | D19: =IMAGE("https://www.serebii.net/pokemonsleep/ingredients/"&SUBSTITUTE(LOWER(C19)," ","",)&".png") | E19: 1 | F19: 250 | G19: 45952
A20: 19 | B20: 嫩亮酪梨 | C20: Glossy Avocado | D20: =IMAGE("https://www.serebii.net/pokemonsleep/ingredients/"&SUBSTITUTE(LOWER(C20)," ","",)&".png") | F20: 162 | G20: 45967

Sheet 「食譜橫向排版」的副本
A1: {=XLOOKUP("拌拌咖哩",'食譜'!B:B,'食譜'!A:A,"")}
A3: {=XLOOKUP(C3,'食譜'!$B:$B,'食譜'!$F:$F,"")} -> 0.16 | B3: {=XLOOKUP(C3,'食譜'!$B:$B,'食譜'!$A:$A,"")} | C3: =IFERROR(__xludf.DUMMYFUNCTION("TOCOL(SPLIT(TEXTJOIN("""",TRUE,TOCOL(FILTER('食譜'!$B:$B&""--"", '食譜'!$E:$E=""咖哩、濃湯"",'食譜'!$B:$B<>""拌拌咖哩"")),"""","""",""""),""-"",TRUE,FALSE))"),"特選蘋果咖哩") -> 特選蘋果咖哩 | D3: {=XLOOKUP(C3,'食譜'!$B:$B,'食譜'!$H:$H,"")} -> 728 | E3: {=XLOOKUP(XLOOKUP(C3,'食譜'!$B:$B,'食譜'!$J:$J,""),'食材'!$B:$B,'食材'!$D:$D,"")} | F3: {=XLOOKUP(XLOOKUP(C3,'食譜'!$B:$B,'食譜'!$L:$L,""),'食材'!$B:$B,'食材'!$D:$D,"")} | G3: {=XLOOKUP(XLOOKUP(C3,'食譜'!$B:$B,'食譜'!$N:$N,""),'食材'!$B:$B,'食材'!$D:$D,"")} | H3: {=XLOOKUP(XLOOKUP(C3,'食譜'!$B:$B,'食譜'!$P:$P,""),'食材'!$B:$B,'食材'!$D:$D,"")} | I3: {=XLOOKUP(C3,'食譜'!$B:$B,'食譜'!$D:$D,"")} -> 7 | BZ3: {=XLOOKUP(BZ10,'食譜'!$B:$B,'食譜'!$F:$F,"")} | CD3: {=XLOOKUP(CD10,'食譜'!$B:$B,'食譜'!$F:$F,"")} | CH3: {=XLOOKUP(CH10,'食譜'!$B:$B,'食譜'!$F:$F,"")} | CL3: {=XLOOKUP(CL10,'食譜'!$B:$B,'食譜'!$F:$F,"")} | CP3: {=XLOOKUP(CP10,'食譜'!$B:$B,'食譜'!$F:$F,"")} | CT3: {=XLOOKUP(CT10,'食譜'!$B:$B,'食譜'!$F:$F,"")} | CX3: {=XLOOKUP(CX10,'食譜'!$B:$B,'食譜'!$F:$F,"")} | DB3: {=XLOOKUP(DB10,'食譜'!$B:$B,'食譜'!$F:$F,"")} | DF3: {=XLOOKUP(DF10,'食譜'!$B:$B,'食譜'!$F:$F,"")} | DJ3: {=XLOOKUP(DJ10,'食譜'!$B:$B,'食譜'!$F:$F,"")} | DN3: {=XLOOKUP(DN10,'食譜'!$B:$B,'食譜'!$F:$F,"")} | DR3: {=XLOOKUP(DR10,'食譜'!$B:$B,'食譜'!$F:$F,"")} | DV3: {=XLOOKUP(DV10,'食譜'!$B:$B,'食譜'!$F:$F,"")} | DZ3: {=XLOOKUP(DZ10,'食譜'!$B:$B,'食譜'!$F:$F,"")} | EM3: {=XLOOKUP(EQ3,'食材'!$B:$B,'食材'!$D:$D,"")} | EO3: {=XLOOKUP(EQ3,'食材'!$B:$B,'食材'!$F:$F,"")} -> 90 | EQ3: 特選蘋果
E4: {=XLOOKUP(C3,'食譜'!$B:$B,'食譜'!$K:$K,"")} -> 7 | F4: {=XLOOKUP(C3,'食譜'!$B:$B,'食譜'!$M:$M,"")} | G4: {=XLOOKUP(C3,'食譜'!$B:$B,'食譜'!$O:$O,"")} | H4: {=XLOOKUP(C3,'食譜'!$B:$B,'食譜'!$Q:$Q,"")}
A5: {=XLOOKUP(C5,'食譜'!$B:$B,'食譜'!$F:$F,"")} -> 0.19 | B5: {=XLOOKUP(C5,'食譜'!$B:$B,'食譜'!$A:$A,"")} | C5: =IFERROR(__xludf.DUMMYFUNCTION("""COMPUTED_VALUE"""),"單純白醬濃湯") -> 單純白醬濃湯 | D5: {=XLOOKUP(C5,'食譜'!$B:$B,'食譜'!$H:$H,"")} -> 814 | E5: {=XLOOKUP(XLOOKUP(C5,'食譜'!$B:$B,'食譜'!$J:$J,""),'食材'!$B:$B,'食材'!$D:$D,"")} | F5: {=XLOOKUP(XLOOKUP(C5,'食譜'!$B:$B,'食譜'!$L:$L,""),'食材'!$B:$B,'食材'!$D:$D,"")} | G5: {=XLOOKUP(XLOOKUP(C5,'食譜'!$B:$B,'食譜'!$N:$N,""),'食材'!$B:$B,'食材'!$D:$D,"")} | H5: {=XLOOKUP(XLOOKUP(C5,'食譜'!$B:$B,'食譜'!$P:$P,""),'食材'!$B:$B,'食材'!$D:$D,"")} | I5: {=XLOOKUP(C5,'食譜'!$B:$B,'食譜'!$D:$D,"")} -> 7
E6: {=XLOOKUP(C5,'食譜'!$B:$B,'食譜'!$K:$K,"")} -> 7 | F6: {=XLOOKUP(C5,'食譜'!$B:$B,'食譜'!$M:$M,"")} | G6: {=XLOOKUP(C5,'食譜'!$B:$B,'食譜'!$O:$O,"")} | H6: {=XLOOKUP(C5,'食譜'!$B:$B,'食譜'!$Q:$Q,"")} | BZ6: {=XLOOKUP(BZ10,'食譜'!$B:$B,'食譜'!$H:$H,"")} | CD6: {=XLOOKUP(CD10,'食譜'!$B:$B,'食譜'!$H:$H,"")} | CH6: {=XLOOKUP(CH10,'食譜'!$B:$B,'食譜'!$H:$H,"")} | CL6: {=XLOOKUP(CL10,'食譜'!$B:$B,'食譜'!$H:$H,"")} | CP6: {=XLOOKUP(CP10,'食譜'!$B:$B,'食譜'!$H:$H,"")} | CT6: {=XLOOKUP(CT10,'食譜'!$B:$B,'食譜'!$H:$H,"")} | CX6: {=XLOOKUP(CX10,'食譜'!$B:$B,'食譜'!$H:$H,"")} | DB6: {=XLOOKUP(DB10,'食譜'!$B:$B,'食譜'!$H:$H,"")} | DF6: {=XLOOKUP(DF10,'食譜'!$B:$B,'食譜'!$H:$H,"")} | DJ6: {=XLOOKUP(DJ10,'食譜'!$B:$B,'食譜'!$H:$H,"")} | DN6: {=XLOOKUP(DN10,'食譜'!$B:$B,'食譜'!$H:$H,"")} | DR6: {=XLOOKUP(DR10,'食譜'!$B:$B,'食譜'!$H:$H,"")} | DV6: {=XLOOKUP(DV10,'食譜'!$B:$B,'食譜'!$H:$H,"")} | DZ6: {=XLOOKUP(DZ10,'食譜'!$B:$B,'食譜'!$H:$H,"")} | EM6: {=XLOOKUP(EQ6,'食材'!$B:$B,'食材'!$D:$D,"")} | EO6: {=XLOOKUP(EQ6,'食材'!$B:$B,'食材'!$F:$F,"")} -> 98 | EQ6: 哞哞鮮奶
A7: {=XLOOKUP(C7,'食譜'!$B:$B,'食譜'!$F:$F,"")} -> 0.19 | B7: {=XLOOKUP(C7,'食譜'!$B:$B,'食譜'!$A:$A,"")} | C7: =IFERROR(__xludf.DUMMYFUNCTION("""COMPUTED_VALUE"""),"寶寶甜蜜咖哩") -> 寶寶甜蜜咖哩 | D7: {=XLOOKUP(C7,'食譜'!$B:$B,'食譜'!$H:$H,"")} -> 839 | E7: {=XLOOKUP(XLOOKUP(C7,'食譜'!$B:$B,'食譜'!$J:$J,""),'食材'!$B:$B,'食材'!$D:$D,"")} | F7: {=XLOOKUP(XLOOKUP(C7,'食譜'!$B:$B,'食譜'!$L:$L,""),'食材'!$B:$B,'食材'!$D:$D,"")} | G7: {=XLOOKUP(XLOOKUP(C7,'食譜'!$B:$B,'食譜'!$N:$N,""),'食材'!$B:$B,'食材'!$D:$D,"")} | H7: {=XLOOKUP(XLOOKUP(C7,'食譜'!$B:$B,'食譜'!$P:$P,""),'食材'!$B:$B,'食材'!$D:$D,"")} | I7: {=XLOOKUP(C7,'食譜'!$B:$B,'食譜'!$D:$D,"")} -> 7 | BZ7: {=XLOOKUP(BZ10,'食譜'!$B:$B,'食譜'!$A:$A,"")} | CD7: {=XLOOKUP(CD10,'食譜'!$B:$B,'食譜'!$A:$A,"")} | CH7: {=XLOOKUP(CH10,'食譜'!$B:$B,'食譜'!$A:$A,"")} | CL7: {=XLOOKUP(CL10,'食譜'!$B:$B,'食譜'!$A:$A,"")} | CP7: {=XLOOKUP(CP10,'食譜'!$B:$B,'食譜'!$A:$A,"")} | CT7: {=XLOOKUP(CT10,'食譜'!$B:$B,'食譜'!$A:$A,"")} | CX7: {=XLOOKUP(CX10,'食譜'!$B:$B,'食譜'!$A:$A,"")} | DB7: {=XLOOKUP(DB10,'食譜'!$B:$B,'食譜'!$A:$A,"")} | DF7: {=XLOOKUP(DF10,'食譜'!$B:$B,'食譜'!$A:$A,"")} | DJ7: {=XLOOKUP(DJ10,'食譜'!$B:$B,'食譜'!$A:$A,"")} | DN7: {=XLOOKUP(DN10,'食譜'!$B:$B,'食譜'!$A:$A,"")} | DR7: {=XLOOKUP(DR10,'食譜'!$B:$B,'食譜'!$A:$A,"")} | DV7: {=XLOOKUP(DV10,'食譜'!$B:$B,'食譜'!$A:$A,"")} | DZ7: {=XLOOKUP(DZ10,'食譜'!$B:$B,'食譜'!$A:$A,"")}
E8: {=XLOOKUP(C7,'食譜'!$B:$B,'食譜'!$K:$K,"")} -> 7 | F8: {=XLOOKUP(C7,'食譜'!$B:$B,'食譜'!$M:$M,"")} | G8: {=XLOOKUP(C7,'食譜'!$B:$B,'食譜'!$O:$O,"")} | H8: {=XLOOKUP(C7,'食譜'!$B:$B,'食譜'!$Q:$Q,"")} | EM8: {=XLOOKUP(EQ8,'食材'!$B:$B,'食材'!$D:$D,"")} | EO8: {=XLOOKUP(EQ8,'食材'!$B:$B,'食材'!$F:$F,"")} -> 100 | EQ8: 萌綠大豆
A9: {=XLOOKUP(C9,'食譜'!$B:$B,'食譜'!$F:$F,"")} -> 0.19 | B9: {=XLOOKUP(C9,'食譜'!$B:$B,'食譜'!$A:$A,"")} | C9: =IFERROR(__xludf.DUMMYFUNCTION("""COMPUTED_VALUE"""),"豆製肉排咖哩") -> 豆製肉排咖哩 | D9: {=XLOOKUP(C9,'食譜'!$B:$B,'食譜'!$H:$H,"")} -> 856 | E9: {=XLOOKUP(XLOOKUP(C9,'食譜'!$B:$B,'食譜'!$J:$J,""),'食材'!$B:$B,'食材'!$D:$D,"")} | F9: {=XLOOKUP(XLOOKUP(C9,'食譜'!$B:$B,'食譜'!$L:$L,""),'食材'!$B:$B,'食材'!$D:$D,"")} | G9: {=XLOOKUP(XLOOKUP(C9,'食譜'!$B:$B,'食譜'!$N:$N,""),'食材'!$B:$B,'食材'!$D:$D,"")} | H9: {=XLOOKUP(XLOOKUP(C9,'食譜'!$B:$B,'食譜'!$P:$P,""),'食材'!$B:$B,'食材'!$D:$D,"")} | I9: {=XLOOKUP(C9,'食譜'!$B:$B,'食譜'!$D:$D,"")} -> 7
E10: {=XLOOKUP(C9,'食譜'!$B:$B,'食譜'!$K:$K,"")} -> 7 | F10: {=XLOOKUP(C9,'食譜'!$B:$B,'食譜'!$M:$M,"")} | G10: {=XLOOKUP(C9,'食譜'!$B:$B,'食譜'!$O:$O,"")} | H10: {=XLOOKUP(C9,'食譜'!$B:$B,'食譜'!$Q:$Q,"")} | EM10: {=XLOOKUP(EQ10,'食材'!$B:$B,'食材'!$D:$D,"")} | EO10: {=XLOOKUP(EQ10,'食材'!$B:$B,'食材'!$F:$F,"")} -> 101 | EQ10: 甜甜蜜
A11: {=XLOOKUP(C11,'食譜'!$B:$B,'食譜'!$F:$F,"")} -> 0.19 | B11: {=XLOOKUP(C11,'食譜'!$B:$B,'食譜'!$A:$A,"")} | C11: =IFERROR(__xludf.DUMMYFUNCTION("""COMPUTED_VALUE"""),"吃飽飽起司肉排咖哩") -> 吃飽飽起司肉排咖哩 | D11: {=XLOOKUP(C11,'食譜'!$B:$B,'食譜'!$H:$H,"")} -> 1910 | E11: {=XLOOKUP(XLOOKUP(C11,'食譜'!$B:$B,'食譜'!$J:$J,""),'食材'!$B:$B,'食材'!$D:$D,"")} | F11: {=XLOOKUP(XLOOKUP(C11,'食譜'!$B:$B,'食譜'!$L:$L,""),'食材'!$B:$B,'食材'!$D:$D,"")} | G11: {=XLOOKUP(XLOOKUP(C11,'食譜'!$B:$B,'食譜'!$N:$N,""),'食材'!$B:$B,'食材'!$D:$D,"")} | H11: {=XLOOKUP(XLOOKUP(C11,'食譜'!$B:$B,'食譜'!$P:$P,""),'食材'!$B:$B,'食材'!$D:$D,"")} | I11: {=XLOOKUP(C11,'食譜'!$B:$B,'食譜'!$D:$D,"")} -> 16
E12: {=XLOOKUP(C11,'食譜'!$B:$B,'食譜'!$K:$K,"")} -> 8 | F12: {=XLOOKUP(C11,'食譜'!$B:$B,'食譜'!$M:$M,"")} -> 8 | G12: {=XLOOKUP(C11,'食譜'!$B:$B,'食譜'!$O:$O,"")} | H12: {=XLOOKUP(C11,'食譜'!$B:$B,'食譜'!$Q:$Q,"")} | BX12: {=XLOOKUP(BV10,'食譜'!$B:$B,'食譜'!$K:$K,"")} | BZ12: {=XLOOKUP(XLOOKUP(BZ10,'食譜'!$B:$B,'食譜'!$J:$J,""),'食材'!$B:$B,'食材'!$D:$D,"")} | CB12: {=XLOOKUP(BZ10,'食譜'!$B:$B,'食譜'!$K:$K,"")} | CD12: {=XLOOKUP(XLOOKUP(CD10,'食譜'!$B:$B,'食譜'!$J:$J,""),'食材'!$B:$B,'食材'!$D:$D,"")} | CF12: {=XLOOKUP(CD10,'食譜'!$B:$B,'食譜'!$K:$K,"")} | CH12: {=XLOOKUP(XLOOKUP(CH10,'食譜'!$B:$B,'食譜'!$J:$J,""),'食材'!$B:$B,'食材'!$D:$D,"")} | CJ12: {=XLOOKUP(CH10,'食譜'!$B:$B,'食譜'!$K:$K,"")} | CL12: {=XLOOKUP(XLOOKUP(CL10,'食譜'!$B:$B,'食譜'!$J:$J,""),'食材'!$B:$B,'食材'!$D:$D,"")} | CN12: {=XLOOKUP(CL10,'食譜'!$B:$B,'食譜'!$K:$K,"")} | CP12: {=XLOOKUP(XLOOKUP(CP10,'食譜'!$B:$B,'食譜'!$J:$J,""),'食材'!$B:$B,'食材'!$D:$D,"")} | CR12: {=XLOOKUP(CP10,'食譜'!$B:$B,'食譜'!$K:$K,"")} | CT12: {=XLOOKUP(XLOOKUP(CT10,'食譜'!$B:$B,'食譜'!$J:$J,""),'食材'!$B:$B,'食材'!$D:$D,"")} | CV12: {=XLOOKUP(CT10,'食譜'!$B:$B,'食譜'!$K:$K,"")} | CX12: {=XLOOKUP(XLOOKUP(CX10,'食譜'!$B:$B,'食譜'!$J:$J,""),'食材'!$B:$B,'食材'!$D:$D,"")} | CZ12: {=XLOOKUP(CX10,'食譜'!$B:$B,'食譜'!$K:$K,"")} | DB12: {=XLOOKUP(XLOOKUP(DB10,'食譜'!$B:$B,'食譜'!$J:$J,""),'食材'!$B:$B,'食材'!$D:$D,"")} | DD12: {=XLOOKUP(DB10,'食譜'!$B:$B,'食譜'!$K:$K,"")} | DF12: {=XLOOKUP(XLOOKUP(DF10,'食譜'!$B:$B,'食譜'!$J:$J,""),'食材'!$B:$B,'食材'!$D:$D,"")} | DH12: {=XLOOKUP(DF10,'食譜'!$B:$B,'食譜'!$K:$K,"")} | DJ12: {=XLOOKUP(XLOOKUP(DJ10,'食譜'!$B:$B,'食譜'!$J:$J,""),'食材'!$B:$B,'食材'!$D:$D,"")} | DL12: {=XLOOKUP(DJ10,'食譜'!$B:$B,'食譜'!$K:$K,"")} | DN12: {=XLOOKUP(XLOOKUP(DN10,'食譜'!$B:$B,'食譜'!$J:$J,""),'食材'!$B:$B,'食材'!$D:$D,"")} | DP12: {=XLOOKUP(DN10,'食譜'!$B:$B,'食譜'!$K:$K,"")} | DR12: {=XLOOKUP(XLOOKUP(DR10,'食譜'!$B:$B,'食譜'!$J:$J,""),'食材'!$B:$B,'食材'!$D:$D,"")} | DT12: {=XLOOKUP(DR10,'食譜'!$B:$B,'食譜'!$K:$K,"")} | DV12: {=XLOOKUP(XLOOKUP(DV10,'食譜'!$B:$B,'食譜'!$J:$J,""),'食材'!$B:$B,'食材'!$D:$D,"")} | DX12: {=XLOOKUP(DV10,'食譜'!$B:$B,'食譜'!$K:$K,"")} | DZ12: {=XLOOKUP(XLOOKUP(DZ10,'食譜'!$B:$B,'食譜'!$J:$J,""),'食材'!$B:$B,'食材'!$D:$D,"")} | EB12: {=XLOOKUP(DZ10,'食譜'!$B:$B,'食譜'!$K:$K,"")} | EM12: {=XLOOKUP(EQ12,'食材'!$B:$B,'食材'!$D:$D,"")} | EO12: {=XLOOKUP(EQ12,'食材'!$B:$B,'食材'!$F:$F,"")} -> 103 | EQ12: 豆製肉
