Workbook
Name ing_ico: '我的食材隊檔案'!$E$2:$E$30
Name my_prod: '我的食材隊檔案'!$F$2:$F$30
Name ing_table: '我的食材隊檔案'!$A$2:$F$30
Name ing_name: '我的食材隊檔案'!$D$2:$D$30
Name applied_prod: '應用日產（AP）'!$C$2:$C$30
Name ing_energy: '我的食材隊檔案'!$A$2:$A$30

Sheet 我的食材隊檔案
A1: =IFERROR(__xludf.DUMMYFUNCTION("QUERY(IMPORTRANGE(""https://docs.google.com/spreadsheets/d/1byb9bvFcmGc6Kf1LTvm48va0vCE1WjTAE5QN3bReSFU/edit?gid=1761317581#gid=1761317581"", ""食材!A:ZZZ""),""SELECT Col6, Col3, Col1, Col2"",1)"),"食材基礎分") -> 食材基礎分 | B1: =IFERROR(__xludf.DUMMYFUNCTION("""COMPUTED_VALUE"""),"英文名") -> 英文名 | C1: =IFERROR(__xludf.DUMMYFUNCTION("""COMPUTED_VALUE"""),"ID") -> ID | D1: =IFERROR(__xludf.DUMMYFUNCTION("""COMPUTED_VALUE"""),"食材名") -> 食材名 | E1: 食材圖 | F1: 我的日產（不計幫獎） | G1: 幫獎？ | I1: 暫缺 | J1: 目的
A2: =IFERROR(__xludf.DUMMYFUNCTION("""COMPUTED_VALUE"""),185.0) -> 185 | B2: =IFERROR(__xludf.DUMMYFUNCTION("""COMPUTED_VALUE"""),"Large Leek") -> Large Leek | C2: =IFERROR(__xludf.DUMMYFUNCTION("""COMPUTED_VALUE"""),1.0) -> 1 | D2: =IFERROR(__xludf.DUMMYFUNCTION("""COMPUTED_VALUE"""),"粗枝大蔥") -> 粗枝大蔥 | E2: =IMAGE("https://www.serebii.net/pokemonsleep/ingredients/"&SUBSTITUTE(LOWER(B2)," ","",)&".png") | F2: 54.58 | G2: Y | I2: 爆擊公式 | J2: 求空置隊伍位與料理總能量之換算，以兩技咚為基準，此為上限，公式應有衰減。
A3: =IFERROR(__xludf.DUMMYFUNCTION("""COMPUTED_VALUE"""),167.0) -> 167 | B3: =IFERROR(__xludf.DUMMYFUNCTION("""COMPUTED_VALUE"""),"Tasty Mushroom") -> Tasty Mushroom | C3: =IFERROR(__xludf.DUMMYFUNCTION("""COMPUTED_VALUE"""),2.0) -> 2 | D3: =IFERROR(__xludf.DUMMYFUNCTION("""COMPUTED_VALUE"""),"品鮮蘑菇") -> 品鮮蘑菇 | E3: =IMAGE("https://www.serebii.net/pokemonsleep/ingredients/"&SUBSTITUTE(LOWER(B3)," ","",)&".png") | F3: 46.76 | I3: 基準樹果充能手 | J3: 同上，求空置隊伍與總能量（料理＋其他）的換算，此為下限，更多用於助新手對比低階食譜。
A4: =IFERROR(__xludf.DUMMYFUNCTION("""COMPUTED_VALUE"""),115.0) -> 115 | B4: =IFERROR(__xludf.DUMMYFUNCTION("""COMPUTED_VALUE"""),"Fancy Egg") -> Fancy Egg | C4: =IFERROR(__xludf.DUMMYFUNCTION("""COMPUTED_VALUE"""),3.0) -> 3 | D4: =IFERROR(__xludf.DUMMYFUNCTION("""COMPUTED_VALUE"""),"特選蛋") -> 特選蛋 | E4: =IMAGE("https://www.serebii.net/pokemonsleep/ingredients/"&SUBSTITUTE(LOWER(B4)," ","",)&".png") | F4: 91.73 | I4: 更好的排板 | J4: 能不能外包啊？實在缺乏美術細胞
A5: =IFERROR(__xludf.DUMMYFUNCTION("""COMPUTED_VALUE"""),124.0) -> 124 | B5: =IFERROR(__xludf.DUMMYFUNCTION("""COMPUTED_VALUE"""),"Soft Potato") -> Soft Potato | C5: =IFERROR(__xludf.DUMMYFUNCTION("""COMPUTED_VALUE"""),4.0) -> 4 | D5: =IFERROR(__xludf.DUMMYFUNCTION("""COMPUTED_VALUE"""),"窩心洋芋") -> 窩心洋芋 | E5: =IMAGE("https://www.serebii.net/pokemonsleep/ingredients/"&SUBSTITUTE(LOWER(B5)," ","",)&".png") | F5: 90.57 | G5: Y
A6: =IFERROR(__xludf.DUMMYFUNCTION("""COMPUTED_VALUE"""),90.0) -> 90 | B6: =IFERROR(__xludf.DUMMYFUNCTION("""COMPUTED_VALUE"""),"Fancy Apple") -> Fancy Apple | C6: =IFERROR(__xludf.DUMMYFUNCTION("""COMPUTED_VALUE"""),5.0) -> 5 | D6: =IFERROR(__xludf.DUMMYFUNCTION("""COMPUTED_VALUE"""),"特選蘋果") -> 特選蘋果 | E6: =IMAGE("https://www.serebii.net/pokemonsleep/ingredients/"&SUBSTITUTE(LOWER(B6)," ","",)&".png") | F6: 82.96 | G6: Y | I6: 島加成 | J6: 有必要嗎？能幫到人，但是也怕和網頁一樣，大家貼圖時忘了移除加成耶。
A7: =IFERROR(__xludf.DUMMYFUNCTION("""COMPUTED_VALUE"""),130.0) -> 130 | B7: =IFERROR(__xludf.DUMMYFUNCTION("""COMPUTED_VALUE"""),"Fiery Herb") -> Fiery Herb | C7: =IFERROR(__xludf.DUMMYFUNCTION("""COMPUTED_VALUE"""),6.0) -> 6 | D7: =IFERROR(__xludf.DUMMYFUNCTION("""COMPUTED_VALUE"""),"火辣香草") -> 火辣香草 | E7: =IMAGE("https://www.serebii.net/pokemonsleep/ingredients/"&SUBSTITUTE(LOWER(B7)," ","",)&".png") | F7: 112.91 | I7: 補師是否持幫獎 | J7: 毫無作用。但相信有人和我一樣，看到隊伍已有幫獎為5就覺得身心舒暢。
A8: =IFERROR(__xludf.DUMMYFUNCTION("""COMPUTED_VALUE"""),103.0) -> 103 | B8: =IFERROR(__xludf.DUMMYFUNCTION("""COMPUTED_VALUE"""),"Bean Sausage") -> Bean Sausage | C8: =IFERROR(__xludf.DUMMYFUNCTION("""COMPUTED_VALUE"""),7.0) -> 7 | D8: =IFERROR(__xludf.DUMMYFUNCTION("""COMPUTED_VALUE"""),"豆製肉") -> 豆製肉 | E8: =IMAGE("https://www.serebii.net/pokemonsleep/ingredients/"&SUBSTITUTE(LOWER(B8)," ","",)&".png") | F8: 105.53 | G8: Y
A9: =IFERROR(__xludf.DUMMYFUNCTION("""COMPUTED_VALUE"""),98.0) -> 98 | B9: =IFERROR(__xludf.DUMMYFUNCTION("""COMPUTED_VALUE"""),"Moomoo Milk") -> Moomoo Milk | C9: =IFERROR(__xludf.DUMMYFUNCTION("""COMPUTED_VALUE"""),8.0) -> 8 | D9: =IFERROR(__xludf.DUMMYFUNCTION("""COMPUTED_VALUE"""),"哞哞鮮奶") -> 哞哞鮮奶 | E9: =IMAGE("https://www.serebii.net/pokemonsleep/ingredients/"&SUBSTITUTE(LOWER(B9)," ","",)&".png") | F9: 120.82
A10: =IFERROR(__xludf.DUMMYFUNCTION("""COMPUTED_VALUE"""),101.0) -> 101 | B10: =IFERROR(__xludf.DUMMYFUNCTION("""COMPUTED_VALUE"""),"Honey") -> Honey | C10: =IFERROR(__xludf.DUMMYFUNCTION("""COMPUTED_VALUE"""),9.0) -> 9 | D10: =IFERROR(__xludf.DUMMYFUNCTION("""COMPUTED_VALUE"""),"甜甜蜜") -> 甜甜蜜 | E10: =IMAGE("https://www.serebii.net/pokemonsleep/ingredients/"&SUBSTITUTE(LOWER(B10)," ","",)&".png") | F10: 146.31 | I10: 日後或能期待 | J10: 目的
A11: =IFERROR(__xludf.DUMMYFUNCTION("""COMPUTED_VALUE"""),121.0) -> 121 | B11: =IFERROR(__xludf.DUMMYFUNCTION("""COMPUTED_VALUE"""),"Pure Oil") -> Pure Oil | C11: =IFERROR(__xludf.DUMMYFUNCTION("""COMPUTED_VALUE"""),10.0) -> 10 | D11: =IFERROR(__xludf.DUMMYFUNCTION("""COMPUTED_VALUE"""),"純粹油") -> 純粹油 | E11: =IMAGE("https://www.serebii.net/pokemonsleep/ingredients/"&SUBSTITUTE(LOWER(B11)," ","",)&".png") | F11: 56.61 | I11: 一週計算 | J11: 以加入備料系統（800）、ABB/ABA的多餘食材（週佔位*週副產）、週日三倍料理能量、平滑爆擊曲線等等⋯日計算我實在想不到怎麼硬爆。
A12: =IFERROR(__xludf.DUMMYFUNCTION("""COMPUTED_VALUE"""),109.0) -> 109 | B12: =IFERROR(__xludf.DUMMYFUNCTION("""COMPUTED_VALUE"""),"Warming Ginger") -> Warming Ginger | C12: =IFERROR(__xludf.DUMMYFUNCTION("""COMPUTED_VALUE"""),11.0) -> 11 | D12: =IFERROR(__xludf.DUMMYFUNCTION("""COMPUTED_VALUE"""),"暖暖薑") -> 暖暖薑 | E12: =IMAGE("https://www.serebii.net/pokemonsleep/ingredients/"&SUBSTITUTE(LOWER(B12)," ","",)&".png") | F12: 115.87 | I12: 個人檔案VS | J12: 不確定群友有沒有玩這麼大，所以搞不起，想對比強度還是很簡單的：全料理計算幫獎環境後的總佔位相除即可
A13: =IFERROR(__xludf.DUMMYFUNCTION("""COMPUTED_VALUE"""),110.0) -> 110 | B13: =IFERROR(__xludf.DUMMYFUNCTION("""COMPUTED_VALUE"""),"Snoozy Tomato") -> Snoozy Tomato | C13: =IFERROR(__xludf.DUMMYFUNCTION("""COMPUTED_VALUE"""),12.0) -> 12 | D13: =IFERROR(__xludf.DUMMYFUNCTION("""COMPUTED_VALUE"""),"好眠番茄") -> 好眠番茄 | E13: =IMAGE("https://www.serebii.net/pokemonsleep/ingredients/"&SUBSTITUTE(LOWER(B13)," ","",)&".png") | F13: 98.54 | I13: 食材手主技能 | J13: 古月鳥爆鍋、貓擴鍋、食材精選（週計算）等。其中只有爆鍋和精選這些類型能直接量化為數值。
A14: =IFERROR(__xludf.DUMMYFUNCTION("""COMPUTED_VALUE"""),151.0) -> 151 | B14: =IFERROR(__xludf.DUMMYFUNCTION("""COMPUTED_VALUE"""),"Soothing Cacao") -> Soothing Cacao | C14: =IFERROR(__xludf.DUMMYFUNCTION("""COMPUTED_VALUE"""),13.0) -> 13 | D14: =IFERROR(__xludf.DUMMYFUNCTION("""COMPUTED_VALUE"""),"放鬆可可") -> 放鬆可可 | E14: =IMAGE("https://www.serebii.net/pokemonsleep/ingredients/"&SUBSTITUTE(LOWER(B14)," ","",)&".png") | F14: 76.86
A15: =IFERROR(__xludf.DUMMYFUNCTION("""COMPUTED_VALUE"""),342.0) -> 342 | B15: =IFERROR(__xludf.DUMMYFUNCTION("""COMPUTED_VALUE"""),"Slowpoke Tail") -> Slowpoke Tail | C15: =IFERROR(__xludf.DUMMYFUNCTION("""COMPUTED_VALUE"""),14.0) -> 14 | D15: =IFERROR(__xludf.DUMMYFUNCTION("""COMPUTED_VALUE"""),"美味尾巴") -> 美味尾巴 | E15: =IMAGE("https://www.serebii.net/pokemonsleep/ingredients/"&SUBSTITUTE(LOWER(B15)," ","",)&".png") | F15: 1 | I15: Version
A16: =IFERROR(__xludf.DUMMYFUNCTION("""COMPUTED_VALUE"""),100.0) -> 100 | B16: =IFERROR(__xludf.DUMMYFUNCTION("""COMPUTED_VALUE"""),"Greengrass Soybeans") -> Greengrass Soybeans | C16: =IFERROR(__xludf.DUMMYFUNCTION("""COMPUTED_VALUE"""),15.0) -> 15 | D16: =IFERROR(__xludf.DUMMYFUNCTION("""COMPUTED_VALUE"""),"萌綠大豆") -> 萌綠大豆 | E16: =IMAGE("https://www.serebii.net/pokemonsleep/ingredients/"&SUBSTITUTE(LOWER(B16)," ","",)&".png") | F16: 109.12 | G16: Y | I16: 1.41 | J16: Debug完成。Outsource給社群。我好想有人搞美化啊。
A17: =IFERROR(__xludf.DUMMYFUNCTION("""COMPUTED_VALUE"""),140.0) -> 140 | B17: =IFERROR(__xludf.DUMMYFUNCTION("""COMPUTED_VALUE"""),"Greengrass Corn") -> Greengrass Corn | C17: =IFERROR(__xludf.DUMMYFUNCTION("""COMPUTED_VALUE"""),16.0) -> 16 | D17: =IFERROR(__xludf.DUMMYFUNCTION("""COMPUTED_VALUE"""),"萌綠玉米") -> 萌綠玉米 | E17: =IMAGE("https://www.serebii.net/pokemonsleep/ingredients/"&SUBSTITUTE(LOWER(B17)," ","",)&".png") | F17: 120.13 | G17: Y | I17: 1.4 | J17: 分割食材效率和料理效率頁面。純粹基於美觀考量。食材效率和料理效率的自定義欄寬差太多了啦。
A18: =IFERROR(__xludf.DUMMYFUNCTION("""COMPUTED_VALUE"""),153.0) -> 153 | B18: =IFERROR(__xludf.DUMMYFUNCTION("""COMPUTED_VALUE"""),"Rousing Coffee") -> Rousing Coffee | C18: =IFERROR(__xludf.DUMMYFUNCTION("""COMPUTED_VALUE"""),17.0) -> 17 | D18: =IFERROR(__xludf.DUMMYFUNCTION("""COMPUTED_VALUE"""),"醒腦咖啡豆") -> 醒腦咖啡豆 | E18: =IMAGE("https://www.serebii.net/pokemonsleep/ingredients/"&SUBSTITUTE(LOWER(B18)," ","",)&".png") | F18: 82.13 | I18: 1.3 | J18: 創建以AP（應用日產）評估料理的總效率的頁面。公式簡化為（一日料理總能量*爆擊倍率）/一日需佔隊伍位置數。由此可得量化的排行榜。
A19: =IFERROR(__xludf.DUMMYFUNCTION("""COMPUTED_VALUE"""),250.0) -> 250 | B19: =IFERROR(__xludf.DUMMYFUNCTION("""COMPUTED_VALUE"""),"Plump Pumpkin") -> Plump Pumpkin | C19: =IFERROR(__xludf.DUMMYFUNCTION("""COMPUTED_VALUE"""),18.0) -> 18 | D19: =IFERROR(__xludf.DUMMYFUNCTION("""COMPUTED_VALUE"""),"沉甸甸南瓜") -> 沉甸甸南瓜 | E19: =IMAGE("https://www.serebii.net/pokemonsleep/ingredients/"&SUBSTITUTE(LOWER(B19)," ","",)&".png") | F19: 1 | I19: 1.2 | J19: 創建以個人檔案計算一日料理的總效率的頁面。理論上，用戶輸入自定義，和計算頁面分割，能夠允許頁面美化和導出一個玩家的"個體值"——但我實在不會頁面設計。
A20: =IFERROR(__xludf.DUMMYFUNCTION("""COMPUTED_VALUE"""),162.0) -> 162 | B20: =IFERROR(__xludf.DUMMYFUNCTION("""COMPUTED_VALUE"""),"Glossy Avocado") -> Glossy Avocado | C20: =IFERROR(__xludf.DUMMYFUNCTION("""COMPUTED_VALUE"""),19.0) -> 19 | D20: =IFERROR(__xludf.DUMMYFUNCTION("""COMPUTED_VALUE"""),"嫩亮酪梨") -> 嫩亮酪梨 | E20: =IMAGE("https://www.serebii.net/pokemonsleep/ingredients/"&SUBSTITUTE(LOWER(B20)," ","",)&".png") | F20: 100 | I20: 1.1 | J20: 和食譜Sheet對齊（Importrange），不需要維護者付出額外勞動，即可自動更新觀看全食譜數據。放棄了高端大氣上檔次的VBA，使用大國工匠手填公式（所以只有十個料理，你有本事就自己去填去改，又不難（
I21: 1 | J21: 優化了自己大腦。放棄了非常酷炫的意義不明的複雜公式。優化了用戶體驗，現在第一頁是個人檔案，只有F行的個人日產和預估幫獎數要自己填寫。
I32: 計算日產時，建議以網頁滿活力，去除幫獎技能（5%）計算。是否考慮持有和其他因素可自行判斷。
I33: 應用日產以網頁滿活力、持有無上限、食M且性格加食減經驗計算。在無幫獎環境約可視為接近最優的產值（PR99），所以更適合追求PR95的玩家衡量標準。
D34: 填寫你計算的料理名 | F34: 填寫你預估的幫獎數 | G34: 已有幫獎 | I34: 懶得全填上IFERROR，勞煩計算日產時填個正數，至少填個1，我不想這裡限制玩家，因為填0的確有填0的好處。
D35: 覺醒力量濃湯 | F35: 1 | G35: {=IFERROR( LET( r, MATCH(D35, '食譜'!$B$3:$B$1000, 0) + 2, ingredients, { INDEX('食譜'!$J:$J, r), INDEX('食譜'!$L:$L, r), INDEX('食譜'!$N:$N, r), INDEX('食譜'!$P:$P, r) }, SUMPRODUCT(--(XLOOKUP(ingredients, $D$2:$D$30, $G$2:$G$30, "") = "Y")) ), 0)} -> 1
D36: 居合斬壽喜燒咖哩 | F36: 5.1 | G36: {=IFERROR( LET( r, MATCH(D36, '食譜'!$B$3:$B$1000, 0) + 2, ingredients, { INDEX('食譜'!$J:$J, r), INDEX('食譜'!$L:$L, r), INDEX('食譜'!$N:$N, r), INDEX('食譜'!$P:$P, r) }, SUMPRODUCT(--(XLOOKUP(ingredients, $D$2:$D$30, $G$2:$G$30, "") = "Y")) ), 0)} -> 2
D37: 茂盛焗烤酪梨 | F37: 1 | G37: {=IFERROR( LET( r, MATCH(D37, '食譜'!$B$3:$B$1000, 0) + 2, ingredients, { INDEX('食譜'!$J:$J, r), INDEX('食譜'!$L:$L, r), INDEX('食譜'!$N:$N, r), INDEX('食譜'!$P:$P, r) }, SUMPRODUCT(--(XLOOKUP(ingredients, $D$2:$D$30, $G$2:$G$30, "") = "Y")) ), 0)} -> 1
D38: 重踏酪梨醬脆片 | F38: 0 | G38: {=IFERROR( LET( r, MATCH(D38, '食譜'!$B$3:$B$1000, 0) + 2, ingredients, { INDEX('食譜'!$J:$J, r), INDEX('食譜'!$L:$L, r), INDEX('食譜'!$N:$N, r), INDEX('食譜'!$P:$P, r) }, SUMPRODUCT(--(XLOOKUP(ingredients, $D$2:$D$30, $G$2:$G$30, "") = "Y")) ), 0)} -> 2
D39: 蘋果酸優格沙拉 | F39: 1 | G39: {=IFERROR( LET( r, MATCH(D39, '食譜'!$B$3:$B$1000, 0) + 2, ingredients, { INDEX('食譜'!$J:$J, r), INDEX('食譜'!$L:$L, r), INDEX('食譜'!$N:$N, r), INDEX('食譜'!$P:$P, r) }, SUMPRODUCT(--(XLOOKUP(ingredients, $D$2:$D$30, $G$2:$G$30, "") = "Y")) ), 0)} -> 1
D40: 不服輸咖啡沙拉 | F40: 2 | G40: {=IFERROR( LET( r, MATCH(D40, '食譜'!$B$3:$B$1000, 0) + 2, ingredients, { INDEX('食譜'!$J:$J, r), INDEX('食譜'!$L:$L, r), INDEX('食譜'!$N:$N, r), INDEX('食譜'!$P:$P, r) }, SUMPRODUCT(--(XLOOKUP(ingredients, $D$2:$D$30, $G$2:$G$30, "") = "Y")) ), 0)} -> 2
D41: 採蜜巧克力格子鬆餅 | F41: 1 | G41: {=IFERROR( LET( r, MATCH(D41, '食譜'!$B$3:$B$1000, 0) + 2, ingredients, { INDEX('食譜'!$J:$J, r), INDEX('食譜'!$L:$L, r), INDEX('食譜'!$N:$N, r), INDEX('食譜'!$P:$P, r) }, SUMPRODUCT(--(XLOOKUP(ingredients, $D$2:$D$30, $G$2:$G$30, "") = "Y")) ), 0)} -> 1
D42: 心跳加速鬼面鬆餅 | F42: 2 | G42: {=IFERROR( LET( r, MATCH(D42, '食譜'!$B$3:$B$1000, 0) + 2, ingredients, { INDEX('食譜'!$J:$J, r), INDEX('食譜'!$L:$L, r), INDEX('食譜'!$N:$N, r), INDEX('食譜'!$P:$P, r) }, SUMPRODUCT(--(XLOOKUP(ingredients, $D$2:$D$30, $G$2:$G$30, "") = "Y")) ), 0)} -> 0
D43: 土王閃電泡芙 | F43: 0 | G43: {=IFERROR( LET( r, MATCH(D43, '食譜'!$B$3:$B$1000, 0) + 2, ingredients, { INDEX('食譜'!$J:$J, r), INDEX('食譜'!$L:$L, r), INDEX('食譜'!$N:$N, r), INDEX('食譜'!$P:$P, r) }, SUMPRODUCT(--(XLOOKUP(ingredients, $D$2:$D$30, $G$2:$G$30, "") = "Y")) ), 0)} -> 0
D44: 電光香料可樂 | F44: 0 | G44: {=IFERROR( LET( r, MATCH(D44, '食譜'!$B$3:$B$1000, 0) + 2, ingredients, { INDEX('食譜'!$J:$J, r), INDEX('食譜'!$L:$L, r), INDEX('食譜'!$N:$N, r), INDEX('食譜'!$P:$P, r) }, SUMPRODUCT(--(XLOOKUP(ingredients, $D$2:$D$30, $G$2:$G$30, "") = "Y")) ), 0)} -> 2

Sheet 我的食材效率
A1: 食材基礎分 | B1: 英文名 | C1: ID | D1: 食材名 | E1: 食材圖 | F1: 我的日產（MP） | G1: 應用日產（AP） | H1: MP/AP | I1: 一餐需 | J1: 對應最高級料理為 | K1: 三餐需（BLD） | L1: MP/BLD | M1: AP/BLD
A2: =IFERROR(__xludf.DUMMYFUNCTION("IFERROR(SORT(FILTER(ing_table, INDEX(ing_table, 0, 1) <> """"), 1, TRUE))"),90.0) -> 90 | B2: =IFERROR(__xludf.DUMMYFUNCTION("""COMPUTED_VALUE"""),"Fancy Apple") -> Fancy Apple | C2: =IFERROR(__xludf.DUMMYFUNCTION("""COMPUTED_VALUE"""),5.0) -> 5 | D2: =IFERROR(__xludf.DUMMYFUNCTION("""COMPUTED_VALUE"""),"特選蘋果") -> 特選蘋果 | E2: =IFERROR(__xludf.DUMMYFUNCTION("""COMPUTED_VALUE"""),"") | F2: =IFERROR(__xludf.DUMMYFUNCTION("""COMPUTED_VALUE"""),82.96) -> 82.96 | G2: =IFERROR(VLOOKUP(D2, '應用日產（AP）'!A:C, 3, FALSE), 0) -> 163.61 | H2: =F2/G2 -> 0.50705947 | I2: =IFERROR(__xludf.DUMMYFUNCTION("IFERROR((MAX(FILTER({'食譜'!$K$3:$K$1000; '食譜'!$M$3:$M$1000; '食譜'!$O$3:$O$1000; '食譜'!$Q$3:$Q$1000}, {'食譜'!$J$3:$J$1000; '食譜'!$L$3:$L$1000; '食譜'!$N$3:$N$1000; '食譜'!$P$3:$P$1000} = $D2))), """")"),35.0) -> 35 | J2: =IFERROR(__xludf.DUMMYFUNCTION("IFERROR(INDEX(FILTER({'食譜'!$B$3:$B$1000; '食譜'!$B$3:$B$1000; '食譜'!$B$3:$B$1000; '食譜'!$B$3:$B$1000}, {'食譜'!$J$3:$J$1000; '食譜'!$L$3:$L$1000; '食譜'!$N$3:$N$1000; '食譜'!$P$3:$P$1000}=D2, {'食譜'!$K$3:$K$1000; '食譜'!$M$3:$M$1000; '食譜'!$O$3:$O$1000; '食譜'!$Q$3:$Q$1000"&"}=MAX(FILTER({'食譜'!$K$3:$K$1000; '食譜'!$M$3:$M$1000; '食譜'!$O$3:$O$1000; '食譜'!$Q$3:$Q$1000}, {'食譜'!$J$3:$J$1000; '食譜'!$L$3:$L$1000; '食譜'!$N$3:$N$1000; '食譜'!$P$3:$P$1000}=D2))), 1), """")"),"電光香料可樂") -> 電光香料可樂 | K2: =I2*3 -> 105 | L2: =F2/K2 -> 0.79009524 | M2: =G2/K2 -> 1.5581905
A3: =IFERROR(__xludf.DUMMYFUNCTION("""COMPUTED_VALUE"""),98.0) -> 98 | B3: =IFERROR(__xludf.DUMMYFUNCTION("""COMPUTED_VALUE"""),"Moomoo Milk") -> Moomoo Milk | C3: =IFERROR(__xludf.DUMMYFUNCTION("""COMPUTED_VALUE"""),8.0) -> 8 | D3: =IFERROR(__xludf.DUMMYFUNCTION("""COMPUTED_VALUE"""),"哞哞鮮奶") -> 哞哞鮮奶 | E3: =IFERROR(__xludf.DUMMYFUNCTION("""COMPUTED_VALUE"""),"") | F3: =IFERROR(__xludf.DUMMYFUNCTION("""COMPUTED_VALUE"""),120.82) -> 120.82 | G3: =IFERROR(VLOOKUP(D3, '應用日產（AP）'!A:C, 3, FALSE), 0) -> 161.87 | H3: =F3/G3 -> 0.74640143 | I3: =IFERROR(__xludf.DUMMYFUNCTION("IFERROR((MAX(FILTER({'食譜'!$K$3:$K$1000; '食譜'!$M$3:$M$1000; '食譜'!$O$3:$O$1000; '食譜'!$Q$3:$Q$1000}, {'食譜'!$J$3:$J$1000; '食譜'!$L$3:$L$1000; '食譜'!$N$3:$N$1000; '食譜'!$P$3:$P$1000} = $D3))), """")"),41.0) -> 41 | J3: =IFERROR(__xludf.DUMMYFUNCTION("IFERROR(INDEX(FILTER({'食譜'!$B$3:$B$1000; '食譜'!$B$3:$B$1000; '食譜'!$B$3:$B$1000; '食譜'!$B$3:$B$1000}, {'食譜'!$J$3:$J$1000; '食譜'!$L$3:$L$1000; '食譜'!$N$3:$N$1000; '食譜'!$P$3:$P$1000}=D3, {'食譜'!$K$3:$K$1000; '食譜'!$M$3:$M$1000; '食譜'!$O$3:$O$1000; '食譜'!$Q$3:$Q$1000"&"}=MAX(FILTER({'食譜'!$K$3:$K$1000; '食譜'!$M$3:$M$1000; '食譜'!$O$3:$O$1000; '食譜'!$Q$3:$Q$1000}, {'食譜'!$J$3:$J$1000; '食譜'!$L$3:$L$1000; '食譜'!$N$3:$N$1000; '食譜'!$P$3:$P$1000}=D3))), 1), """")"),"茂盛焗烤酪梨") -> 茂盛焗烤酪梨 | K3: =I3*3 -> 123 | L3: =F3/K3 -> 0.98227642 | M3: =G3/K3 -> 1.3160163
A4: =IFERROR(__xludf.DUMMYFUNCTION("""COMPUTED_VALUE"""),100.0) -> 100 | B4: =IFERROR(__xludf.DUMMYFUNCTION("""COMPUTED_VALUE"""),"Greengrass Soybeans") -> Greengrass Soybeans | C4: =IFERROR(__xludf.DUMMYFUNCTION("""COMPUTED_VALUE"""),15.0) -> 15 | D4: =IFERROR(__xludf.DUMMYFUNCTION("""COMPUTED_VALUE"""),"萌綠大豆") -> 萌綠大豆 | E4: =IFERROR(__xludf.DUMMYFUNCTION("""COMPUTED_VALUE"""),"") | F4: =IFERROR(__xludf.DUMMYFUNCTION("""COMPUTED_VALUE"""),109.12) -> 109.12 | G4: =IFERROR(VLOOKUP(D4, '應用日產（AP）'!A:C, 3, FALSE), 0) -> 148.65 | H4: =F4/G4 -> 0.73407333 | I4: =IFERROR(__xludf.DUMMYFUNCTION("IFERROR((MAX(FILTER({'食譜'!$K$3:$K$1000; '食譜'!$M$3:$M$1000; '食譜'!$O$3:$O$1000; '食譜'!$Q$3:$Q$1000}, {'食譜'!$J$3:$J$1000; '食譜'!$L$3:$L$1000; '食譜'!$N$3:$N$1000; '食譜'!$P$3:$P$1000} = $D4))), """")"),28.0) -> 28 | J4: =IFERROR(__xludf.DUMMYFUNCTION("IFERROR(INDEX(FILTER({'食譜'!$B$3:$B$1000; '食譜'!$B$3:$B$1000; '食譜'!$B$3:$B$1000; '食譜'!$B$3:$B$1000}, {'食譜'!$J$3:$J$1000; '食譜'!$L$3:$L$1000; '食譜'!$N$3:$N$1000; '食譜'!$P$3:$P$1000}=D4, {'食譜'!$K$3:$K$1000; '食譜'!$M$3:$M$1000; '食譜'!$O$3:$O$1000; '食譜'!$Q$3:$Q$1000"&"}=MAX(FILTER({'食譜'!$K$3:$K$1000; '食譜'!$M$3:$M$1000; '食譜'!$O$3:$O$1000; '食譜'!$Q$3:$Q$1000}, {'食譜'!$J$3:$J$1000; '食譜'!$L$3:$L$1000; '食譜'!$N$3:$N$1000; '食譜'!$P$3:$P$1000}=D4))), 1), """")"),"覺醒力量濃湯") -> 覺醒力量濃湯 | K4: =I4*3 -> 84 | L4: =F4/K4 -> 1.2990476 | M4: =G4/K4 -> 1.7696429
A5: =IFERROR(__xludf.DUMMYFUNCTION("""COMPUTED_VALUE"""),101.0) -> 101 | B5: =IFERROR(__xludf.DUMMYFUNCTION("""COMPUTED_VALUE"""),"Honey") -> Honey | C5: =IFERROR(__xludf.DUMMYFUNCTION("""COMPUTED_VALUE"""),9.0) -> 9 | D5: =IFERROR(__xludf.DUMMYFUNCTION("""COMPUTED_VALUE"""),"甜甜蜜") -> 甜甜蜜 | E5: =IFERROR(__xludf.DUMMYFUNCTION("""COMPUTED_VALUE"""),"") | F5: =IFERROR(__xludf.DUMMYFUNCTION("""COMPUTED_VALUE"""),146.31) -> 146.31 | G5: =IFERROR(VLOOKUP(D5, '應用日產（AP）'!A:C, 3, FALSE), 0) -> 156.57 | H5: =F5/G5 -> 0.9344702 | I5: =IFERROR(__xludf.DUMMYFUNCTION("IFERROR((MAX(FILTER({'食譜'!$K$3:$K$1000; '食譜'!$M$3:$M$1000; '食譜'!$O$3:$O$1000; '食譜'!$Q$3:$Q$1000}, {'食譜'!$J$3:$J$1000; '食譜'!$L$3:$L$1000; '食譜'!$N$3:$N$1000; '食譜'!$P$3:$P$1000} = $D5))), """")"),38.0) -> 38 | J5: =IFERROR(__xludf.DUMMYFUNCTION("IFERROR(INDEX(FILTER({'食譜'!$B$3:$B$1000; '食譜'!$B$3:$B$1000; '食譜'!$B$3:$B$1000; '食譜'!$B$3:$B$1000}, {'食譜'!$J$3:$J$1000; '食譜'!$L$3:$L$1000; '食譜'!$N$3:$N$1000; '食譜'!$P$3:$P$1000}=D5, {'食譜'!$K$3:$K$1000; '食譜'!$M$3:$M$1000; '食譜'!$O$3:$O$1000; '食譜'!$Q$3:$Q$1000"&"}=MAX(FILTER({'食譜'!$K$3:$K$1000; '食譜'!$M$3:$M$1000; '食譜'!$O$3:$O$1000; '食譜'!$Q$3:$Q$1000}, {'食譜'!$J$3:$J$1000; '食譜'!$L$3:$L$1000; '食譜'!$N$3:$N$1000; '食譜'!$P$3:$P$1000}=D5))), 1), """")"),"採蜜巧克力格子鬆餅") -> 採蜜巧克力格子鬆餅 | K5: =I5*3 -> 114 | L5: =F5/K5 -> 1.2834211 | M5: =G5/K5 -> 1.3734211
A6: =IFERROR(__xludf.DUMMYFUNCTION("""COMPUTED_VALUE"""),103.0) -> 103 | B6: =IFERROR(__xludf.DUMMYFUNCTION("""COMPUTED_VALUE"""),"Bean Sausage") -> Bean Sausage | C6: =IFERROR(__xludf.DUMMYFUNCTION("""COMPUTED_VALUE"""),7.0) -> 7 | D6: =IFERROR(__xludf.DUMMYFUNCTION("""COMPUTED_VALUE"""),"豆製肉") -> 豆製肉 | E6: =IFERROR(__xludf.DUMMYFUNCTION("""COMPUTED_VALUE"""),"") | F6: =IFERROR(__xludf.DUMMYFUNCTION("""COMPUTED_VALUE"""),105.53) -> 105.53 | G6: =IFERROR(VLOOKUP(D6, '應用日產（AP）'!A:C, 3, FALSE), 0) -> 157.5 | H6: =F6/G6 -> 0.67003175 | I6: =IFERROR(__xludf.DUMMYFUNCTION("IFERROR((MAX(FILTER({'食譜'!$K$3:$K$1000; '食譜'!$M$3:$M$1000; '食譜'!$O$3:$O$1000; '食譜'!$Q$3:$Q$1000}, {'食譜'!$J$3:$J$1000; '食譜'!$L$3:$L$1000; '食譜'!$N$3:$N$1000; '食譜'!$P$3:$P$1000} = $D6))), """")"),28.0) -> 28 | J6: =IFERROR(__xludf.DUMMYFUNCTION("IFERROR(INDEX(FILTER({'食譜'!$B$3:$B$1000; '食譜'!$B$3:$B$1000; '食譜'!$B$3:$B$1000; '食譜'!$B$3:$B$1000}, {'食譜'!$J$3:$J$1000; '食譜'!$L$3:$L$1000; '食譜'!$N$3:$N$1000; '食譜'!$P$3:$P$1000}=D6, {'食譜'!$K$3:$K$1000; '食譜'!$M$3:$M$1000; '食譜'!$O$3:$O$1000; '食譜'!$Q$3:$Q$1000"&"}=MAX(FILTER({'食譜'!$K$3:$K$1000; '食譜'!$M$3:$M$1000; '食譜'!$O$3:$O$1000; '食譜'!$Q$3:$Q$1000}, {'食譜'!$J$3:$J$1000; '食譜'!$L$3:$L$1000; '食譜'!$N$3:$N$1000; '食譜'!$P$3:$P$1000}=D6))), 1), """")"),"不服輸咖啡沙拉") -> 不服輸咖啡沙拉 | K6: =I6*3 -> 84 | L6: =F6/K6 -> 1.2563095 | M6: =G6/K6 -> 1.875
A7: =IFERROR(__xludf.DUMMYFUNCTION("""COMPUTED_VALUE"""),109.0) -> 109 | B7: =IFERROR(__xludf.DUMMYFUNCTION("""COMPUTED_VALUE"""),"Warming Ginger") -> Warming Ginger | C7: =IFERROR(__xludf.DUMMYFUNCTION("""COMPUTED_VALUE"""),11.0) -> 11 | D7: =IFERROR(__xludf.DUMMYFUNCTION("""COMPUTED_VALUE"""),"暖暖薑") -> 暖暖薑 | E7: =IFERROR(__xludf.DUMMYFUNCTION("""COMPUTED_VALUE"""),"") | F7: =IFERROR(__xludf.DUMMYFUNCTION("""COMPUTED_VALUE"""),115.87) -> 115.87 | G7: =IFERROR(VLOOKUP(D7, '應用日產（AP）'!A:C, 3, FALSE), 0) -> 162.39 | H7: =F7/G7 -> 0.71352916 | I7: =IFERROR(__xludf.DUMMYFUNCTION("IFERROR((MAX(FILTER({'食譜'!$K$3:$K$1000; '食譜'!$M$3:$M$1000; '食譜'!$O$3:$O$1000; '食譜'!$Q$3:$Q$1000}, {'食譜'!$J$3:$J$1000; '食譜'!$L$3:$L$1000; '食譜'!$N$3:$N$1000; '食譜'!$P$3:$P$1000} = $D7))), """")"),20.0) -> 20 | J7: =IFERROR(__xludf.DUMMYFUNCTION("IFERROR(INDEX(FILTER({'食譜'!$B$3:$B$1000; '食譜'!$B$3:$B$1000; '食譜'!$B$3:$B$1000; '食譜'!$B$3:$B$1000}, {'食譜'!$J$3:$J$1000; '食譜'!$L$3:$L$1000; '食譜'!$N$3:$N$1000; '食譜'!$P$3:$P$1000}=D7, {'食譜'!$K$3:$K$1000; '食譜'!$M$3:$M$1000; '食譜'!$O$3:$O$1000; '食譜'!$Q$3:$Q$1000"&"}=MAX(FILTER({'食譜'!$K$3:$K$1000; '食譜'!$M$3:$M$1000; '食譜'!$O$3:$O$1000; '食譜'!$Q$3:$Q$1000}, {'食譜'!$J$3:$J$1000; '食譜'!$L$3:$L$1000; '食譜'!$N$3:$N$1000; '食譜'!$P$3:$P$1000}=D7))), 1), """")"),"茶會玉米司康") -> 茶會玉米司康 | K7: =I7*3 -> 60 | L7: =F7/K7 -> 1.9311667 | M7: =G7/K7 -> 2.7065
A8: =IFERROR(__xludf.DUMMYFUNCTION("""COMPUTED_VALUE"""),110.0) -> 110 | B8: =IFERROR(__xludf.DUMMYFUNCTION("""COMPUTED_VALUE"""),"Snoozy Tomato") -> Snoozy Tomato | C8: =IFERROR(__xludf.DUMMYFUNCTION("""COMPUTED_VALUE"""),12.0) -> 12 | D8: =IFERROR(__xludf.DUMMYFUNCTION("""COMPUTED_VALUE"""),"好眠番茄") -> 好眠番茄 | E8: =IFERROR(__xludf.DUMMYFUNCTION("""COMPUTED_VALUE"""),"") | F8: =IFERROR(__xludf.DUMMYFUNCTION("""COMPUTED_VALUE"""),98.54) -> 98.54 | G8: =IFERROR(VLOOKUP(D8, '應用日產（AP）'!A:C, 3, FALSE), 0) -> 137.56 | H8: =F8/G8 -> 0.71634196 | I8: =IFERROR(__xludf.DUMMYFUNCTION("IFERROR((MAX(FILTER({'食譜'!$K$3:$K$1000; '食譜'!$M$3:$M$1000; '食譜'!$O$3:$O$1000; '食譜'!$Q$3:$Q$1000}, {'食譜'!$J$3:$J$1000; '食譜'!$L$3:$L$1000; '食譜'!$N$3:$N$1000; '食譜'!$P$3:$P$1000} = $D8))), """")"),29.0) -> 29 | J8: =IFERROR(__xludf.DUMMYFUNCTION("IFERROR(INDEX(FILTER({'食譜'!$B$3:$B$1000; '食譜'!$B$3:$B$1000; '食譜'!$B$3:$B$1000; '食譜'!$B$3:$B$1000}, {'食譜'!$J$3:$J$1000; '食譜'!$L$3:$L$1000; '食譜'!$N$3:$N$1000; '食譜'!$P$3:$P$1000}=D8, {'食譜'!$K$3:$K$1000; '食譜'!$M$3:$M$1000; '食譜'!$O$3:$O$1000; '食譜'!$Q$3:$Q$1000"&"}=MAX(FILTER({'食譜'!$K$3:$K$1000; '食譜'!$M$3:$M$1000; '食譜'!$O$3:$O$1000; '食譜'!$Q$3:$Q$1000}, {'食譜'!$J$3:$J$1000; '食譜'!$L$3:$L$1000; '食譜'!$N$3:$N$1000; '食譜'!$P$3:$P$1000}=D8))), 1), """")"),"心跳加速鬼面鬆餅") -> 心跳加速鬼面鬆餅 | K8: =I8*3 -> 87 | L8: =F8/K8 -> 1.1326437 | M8: =G8/K8 -> 1.5811494
A9: =IFERROR(__xludf.DUMMYFUNCTION("""COMPUTED_VALUE"""),115.0) -> 115 | B9: =IFERROR(__xludf.DUMMYFUNCTION("""COMPUTED_VALUE"""),"Fancy Egg") -> Fancy Egg | C9: =IFERROR(__xludf.DUMMYFUNCTION("""COMPUTED_VALUE"""),3.0) -> 3 | D9: =IFERROR(__xludf.DUMMYFUNCTION("""COMPUTED_VALUE"""),"特選蛋") -> 特選蛋 | E9: =IFERROR(__xludf.DUMMYFUNCTION("""COMPUTED_VALUE"""),"") | F9: =IFERROR(__xludf.DUMMYFUNCTION("""COMPUTED_VALUE"""),91.73) -> 91.73 | G9: =IFERROR(VLOOKUP(D9, '應用日產（AP）'!A:C, 3, FALSE), 0) -> 127.29 | H9: =F9/G9 -> 0.72063791 | I9: =IFERROR(__xludf.DUMMYFUNCTION("IFERROR((MAX(FILTER({'食譜'!$K$3:$K$1000; '食譜'!$M$3:$M$1000; '食譜'!$O$3:$O$1000; '食譜'!$Q$3:$Q$1000}, {'食譜'!$J$3:$J$1000; '食譜'!$L$3:$L$1000; '食譜'!$N$3:$N$1000; '食譜'!$P$3:$P$1000} = $D9))), """")"),35.0) -> 35 | J9: =IFERROR(__xludf.DUMMYFUNCTION("IFERROR(INDEX(FILTER({'食譜'!$B$3:$B$1000; '食譜'!$B$3:$B$1000; '食譜'!$B$3:$B$1000; '食譜'!$B$3:$B$1000}, {'食譜'!$J$3:$J$1000; '食譜'!$L$3:$L$1000; '食譜'!$N$3:$N$1000; '食譜'!$P$3:$P$1000}=D9, {'食譜'!$K$3:$K$1000; '食譜'!$M$3:$M$1000; '食譜'!$O$3:$O$1000; '食譜'!$Q$3:$Q$1000"&"}=MAX(FILTER({'食譜'!$K$3:$K$1000; '食譜'!$M$3:$M$1000; '食譜'!$O$3:$O$1000; '食譜'!$Q$3:$Q$1000}, {'食譜'!$J$3:$J$1000; '食譜'!$L$3:$L$1000; '食譜'!$N$3:$N$1000; '食譜'!$P$3:$P$1000}=D9))), 1), """")"),"蘋果酸優格沙拉") -> 蘋果酸優格沙拉 | K9: =I9*3 -> 105 | L9: =F9/K9 -> 0.87361905 | M9: =G9/K9 -> 1.2122857
A10: =IFERROR(__xludf.DUMMYFUNCTION("""COMPUTED_VALUE"""),121.0) -> 121 | B10: =IFERROR(__xludf.DUMMYFUNCTION("""COMPUTED_VALUE"""),"Pure Oil") -> Pure Oil | C10: =IFERROR(__xludf.DUMMYFUNCTION("""COMPUTED_VALUE"""),10.0) -> 10 | D10: =IFERROR(__xludf.DUMMYFUNCTION("""COMPUTED_VALUE"""),"純粹油") -> 純粹油 | E10: =IFERROR(__xludf.DUMMYFUNCTION("""COMPUTED_VALUE"""),"") | F10: =IFERROR(__xludf.DUMMYFUNCTION("""COMPUTED_VALUE"""),56.61) -> 56.61 | G10: =IFERROR(VLOOKUP(D10, '應用日產（AP）'!A:C, 3, FALSE), 0) -> 111.06 | H10: =F10/G10 -> 0.50972447 | I10: =IFERROR(__xludf.DUMMYFUNCTION("IFERROR((MAX(FILTER({'食譜'!$K$3:$K$1000; '食譜'!$M$3:$M$1000; '食譜'!$O$3:$O$1000; '食譜'!$Q$3:$Q$1000}, {'食譜'!$J$3:$J$1000; '食譜'!$L$3:$L$1000; '食譜'!$N$3:$N$1000; '食譜'!$P$3:$P$1000} = $D10))), """")"),32.0) -> 32 | J10: =IFERROR(__xludf.DUMMYFUNCTION("IFERROR(INDEX(FILTER({'食譜'!$B$3:$B$1000; '食譜'!$B$3:$B$1000; '食譜'!$B$3:$B$1000; '食譜'!$B$3:$B$1000}, {'食譜'!$J$3:$J$1000; '食譜'!$L$3:$L$1000; '食譜'!$N$3:$N$1000; '食譜'!$P$3:$P$1000}=D10, {'食譜'!$K$3:$K$1000; '食譜'!$M$3:$M$1000; '食譜'!$O$3:$O$1000; '食譜'!$Q$3:$Q$100"&"0}=MAX(FILTER({'食譜'!$K$3:$K$1000; '食譜'!$M$3:$M$1000; '食譜'!$O$3:$O$1000; '食譜'!$Q$3:$Q$1000}, {'食譜'!$J$3:$J$1000; '食譜'!$L$3:$L$1000; '食譜'!$N$3:$N$1000; '食譜'!$P$3:$P$1000}=D10))), 1), """")"),"茂盛焗烤酪梨") -> 茂盛焗烤酪梨 | K10: =I10*3 -> 96 | L10: =F10/K10 -> 0.5896875 | M10: =G10/K10 -> 1.156875
A11: =IFERROR(__xludf.DUMMYFUNCTION("""COMPUTED_VALUE"""),124.0) -> 124 | B11: =IFERROR(__xludf.DUMMYFUNCTION("""COMPUTED_VALUE"""),"Soft Potato") -> Soft Potato | C11: =IFERROR(__xludf.DUMMYFUNCTION("""COMPUTED_VALUE"""),4.0) -> 4 | D11: =IFERROR(__xludf.DUMMYFUNCTION("""COMPUTED_VALUE"""),"窩心洋芋") -> 窩心洋芋 | E11: =IFERROR(__xludf.DUMMYFUNCTION("""COMPUTED_VALUE"""),"") | F11: =IFERROR(__xludf.DUMMYFUNCTION("""COMPUTED_VALUE"""),90.57) -> 90.57 | G11: =IFERROR(VLOOKUP(D11, '應用日產（AP）'!A:C, 3, FALSE), 0) -> 120.45 | H11: =F11/G11 -> 0.75193026 | I11: =IFERROR(__xludf.DUMMYFUNCTION("IFERROR((MAX(FILTER({'食譜'!$K$3:$K$1000; '食譜'!$M$3:$M$1000; '食譜'!$O$3:$O$1000; '食譜'!$Q$3:$Q$1000}, {'食譜'!$J$3:$J$1000; '食譜'!$L$3:$L$1000; '食譜'!$N$3:$N$1000; '食譜'!$P$3:$P$1000} = $D11))), """")"),30.0) -> 30 | J11: =IFERROR(__xludf.DUMMYFUNCTION("IFERROR(INDEX(FILTER({'食譜'!$B$3:$B$1000; '食譜'!$B$3:$B$1000; '食譜'!$B$3:$B$1000; '食譜'!$B$3:$B$1000}, {'食譜'!$J$3:$J$1000; '食譜'!$L$3:$L$1000; '食譜'!$N$3:$N$1000; '食譜'!$P$3:$P$1000}=D11, {'食譜'!$K$3:$K$1000; '食譜'!$M$3:$M$1000; '食譜'!$O$3:$O$1000; '食譜'!$Q$3:$Q$100"&"0}=MAX(FILTER({'食譜'!$K$3:$K$1000; '食譜'!$M$3:$M$1000; '食譜'!$O$3:$O$1000; '食譜'!$Q$3:$Q$1000}, {'食譜'!$J$3:$J$1000; '食譜'!$L$3:$L$1000; '食譜'!$N$3:$N$1000; '食譜'!$P$3:$P$1000}=D11))), 1), """")"),"大塊滿滿熱水沙拉") -> 大塊滿滿熱水沙拉 | K11: =I11*3 -> 90 | L11: =F11/K11 -> 1.0063333 | M11: =G11/K11 -> 1.3383333
A12: =IFERROR(__xludf.DUMMYFUNCTION("""COMPUTED_VALUE"""),130.0) -> 130 | B12: =IFERROR(__xludf.DUMMYFUNCTION("""COMPUTED_VALUE"""),"Fiery Herb") -> Fiery Herb | C12: =IFERROR(__xludf.DUMMYFUNCTION("""COMPUTED_VALUE"""),6.0) -> 6 | D12: =IFERROR(__xludf.DUMMYFUNCTION("""COMPUTED_VALUE"""),"火辣香草") -> 火辣香草 | E12: =IFERROR(__xludf.DUMMYFUNCTION("""COMPUTED_VALUE"""),"") | F12: =IFERROR(__xludf.DUMMYFUNCTION("""COMPUTED_VALUE"""),112.91) -> 112.91 | G12: =IFERROR(VLOOKUP(D12, '應用日產（AP）'!A:C, 3, FALSE), 0) -> 168.36 | H12: =F12/G12 -> 0.67064623 | I12: =IFERROR(__xludf.DUMMYFUNCTION("IFERROR((MAX(FILTER({'食譜'!$K$3:$K$1000; '食譜'!$M$3:$M$1000; '食譜'!$O$3:$O$1000; '食譜'!$Q$3:$Q$1000}, {'食譜'!$J$3:$J$1000; '食譜'!$L$3:$L$1000; '食譜'!$N$3:$N$1000; '食譜'!$P$3:$P$1000} = $D12))), """")"),30.0) -> 30 | J12: =IFERROR(__xludf.DUMMYFUNCTION("IFERROR(INDEX(FILTER({'食譜'!$B$3:$B$1000; '食譜'!$B$3:$B$1000; '食譜'!$B$3:$B$1000; '食譜'!$B$3:$B$1000}, {'食譜'!$J$3:$J$1000; '食譜'!$L$3:$L$1000; '食譜'!$N$3:$N$1000; '食譜'!$P$3:$P$1000}=D12, {'食譜'!$K$3:$K$1000; '食譜'!$M$3:$M$1000; '食譜'!$O$3:$O$1000; '食譜'!$Q$3:$Q$100"&"0}=MAX(FILTER({'食譜'!$K$3:$K$1000; '食譜'!$M$3:$M$1000; '食譜'!$O$3:$O$1000; '食譜'!$Q$3:$Q$1000}, {'食譜'!$J$3:$J$1000; '食譜'!$L$3:$L$1000; '食譜'!$N$3:$N$1000; '食譜'!$P$3:$P$1000}=D12))), 1), """")"),"重踏酪梨醬脆片") -> 重踏酪梨醬脆片 | K12: =I12*3 -> 90 | L12: =F12/K12 -> 1.2545556 | M12: =G12/K12 -> 1.8706667
A13: =IFERROR(__xludf.DUMMYFUNCTION("""COMPUTED_VALUE"""),140.0) -> 140 | B13: =IFERROR(__xludf.DUMMYFUNCTION("""COMPUTED_VALUE"""),"Greengrass Corn") -> Greengrass Corn | C13: =IFERROR(__xludf.DUMMYFUNCTION("""COMPUTED_VALUE"""),16.0) -> 16 | D13: =IFERROR(__xludf.DUMMYFUNCTION("""COMPUTED_VALUE"""),"萌綠玉米") -> 萌綠玉米 | E13: =IFERROR(__xludf.DUMMYFUNCTION("""COMPUTED_VALUE"""),"") | F13: =IFERROR(__xludf.DUMMYFUNCTION("""COMPUTED_VALUE"""),120.13) -> 120.13 | G13: =IFERROR(VLOOKUP(D13, '應用日產（AP）'!A:C, 3, FALSE), 0) -> 134.79 | H13: =F13/G13 -> 0.89123822 | I13: =IFERROR(__xludf.DUMMYFUNCTION("IFERROR((MAX(FILTER({'食譜'!$K$3:$K$1000; '食譜'!$M$3:$M$1000; '食譜'!$O$3:$O$1000; '食譜'!$Q$3:$Q$1000}, {'食譜'!$J$3:$J$1000; '食譜'!$L$3:$L$1000; '食譜'!$N$3:$N$1000; '食譜'!$P$3:$P$1000} = $D13))), """")"),28.0) -> 28 | J13: =IFERROR(__xludf.DUMMYFUNCTION("IFERROR(INDEX(FILTER({'食譜'!$B$3:$B$1000; '食譜'!$B$3:$B$1000; '食譜'!$B$3:$B$1000; '食譜'!$B$3:$B$1000}, {'食譜'!$J$3:$J$1000; '食譜'!$L$3:$L$1000; '食譜'!$N$3:$N$1000; '食譜'!$P$3:$P$1000}=D13, {'食譜'!$K$3:$K$1000; '食譜'!$M$3:$M$1000; '食譜'!$O$3:$O$1000; '食譜'!$Q$3:$Q$100"&"0}=MAX(FILTER({'食譜'!$K$3:$K$1000; '食譜'!$M$3:$M$1000; '食譜'!$O$3:$O$1000; '食譜'!$Q$3:$Q$1000}, {'食譜'!$J$3:$J$1000; '食譜'!$L$3:$L$1000; '食譜'!$N$3:$N$1000; '食譜'!$P$3:$P$1000}=D13))), 1), """")"),"採蜜巧克力格子鬆餅") -> 採蜜巧克力格子鬆餅 | K13: =I13*3 -> 84 | L13: =F13/K13 -> 1.430119 | M13: =G13/K13 -> 1.6046429
A14: =IFERROR(__xludf.DUMMYFUNCTION("""COMPUTED_VALUE"""),151.0) -> 151 | B14: =IFERROR(__xludf.DUMMYFUNCTION("""COMPUTED_VALUE"""),"Soothing Cacao") -> Soothing Cacao | C14: =IFERROR(__xludf.DUMMYFUNCTION("""COMPUTED_VALUE"""),13.0) -> 13 | D14: =IFERROR(__xludf.DUMMYFUNCTION("""COMPUTED_VALUE"""),"放鬆可可") -> 放鬆可可 | E14: =IFERROR(__xludf.DUMMYFUNCTION("""COMPUTED_VALUE"""),"") | F14: =IFERROR(__xludf.DUMMYFUNCTION("""COMPUTED_VALUE"""),76.86) -> 76.86 | G14: =IFERROR(VLOOKUP(D14, '應用日產（AP）'!A:C, 3, FALSE), 0) -> 98.53 | H14: =F14/G14 -> 0.78006698 | I14: =IFERROR(__xludf.DUMMYFUNCTION("IFERROR((MAX(FILTER({'食譜'!$K$3:$K$1000; '食譜'!$M$3:$M$1000; '食譜'!$O$3:$O$1000; '食譜'!$Q$3:$Q$1000}, {'食譜'!$J$3:$J$1000; '食譜'!$L$3:$L$1000; '食譜'!$N$3:$N$1000; '食譜'!$P$3:$P$1000} = $D14))), """")"),30.0) -> 30 | J14: =IFERROR(__xludf.DUMMYFUNCTION("IFERROR(INDEX(FILTER({'食譜'!$B$3:$B$1000; '食譜'!$B$3:$B$1000; '食譜'!$B$3:$B$1000; '食譜'!$B$3:$B$1000}, {'食譜'!$J$3:$J$1000; '食譜'!$L$3:$L$1000; '食譜'!$N$3:$N$1000; '食譜'!$P$3:$P$1000}=D14, {'食譜'!$K$3:$K$1000; '食譜'!$M$3:$M$1000; '食譜'!$O$3:$O$1000; '食譜'!$Q$3:$Q$100"&"0}=MAX(FILTER({'食譜'!$K$3:$K$1000; '食譜'!$M$3:$M$1000; '食譜'!$O$3:$O$1000; '食譜'!$Q$3:$Q$1000}, {'食譜'!$J$3:$J$1000; '食譜'!$L$3:$L$1000; '食譜'!$N$3:$N$1000; '食譜'!$P$3:$P$1000}=D14))), 1), """")"),"土王閃電泡芙") -> 土王閃電泡芙 | K14: =I14*3 -> 90 | L14: =F14/K14 -> 0.854 | M14: =G14/K14 -> 1.0947778
A15: =IFERROR(__xludf.DUMMYFUNCTION("""COMPUTED_VALUE"""),153.0) -> 153 | B15: =IFERROR(__xludf.DUMMYFUNCTION("""COMPUTED_VALUE"""),"Rousing Coffee") -> Rousing Coffee | C15: =IFERROR(__xludf.DUMMYFUNCTION("""COMPUTED_VALUE"""),17.0) -> 17 | D15: =IFERROR(__xludf.DUMMYFUNCTION("""COMPUTED_VALUE"""),"醒腦咖啡豆") -> 醒腦咖啡豆 | E15: =IFERROR(__xludf.DUMMYFUNCTION("""COMPUTED_VALUE"""),"") | F15: =IFERROR(__xludf.DUMMYFUNCTION("""COMPUTED_VALUE"""),82.13) -> 82.13 | G15: =IFERROR(VLOOKUP(D15, '應用日產（AP）'!A:C, 3, FALSE), 0) -> 114.19 | H15: =F15/G15 -> 0.71923986 | I15: =IFERROR(__xludf.DUMMYFUNCTION("IFERROR((MAX(FILTER({'食譜'!$K$3:$K$1000; '食譜'!$M$3:$M$1000; '食譜'!$O$3:$O$1000; '食譜'!$Q$3:$Q$1000}, {'食譜'!$J$3:$J$1000; '食譜'!$L$3:$L$1000; '食譜'!$N$3:$N$1000; '食譜'!$P$3:$P$1000} = $D15))), """")"),28.0) -> 28 | J15: =IFERROR(__xludf.DUMMYFUNCTION("IFERROR(INDEX(FILTER({'食譜'!$B$3:$B$1000; '食譜'!$B$3:$B$1000; '食譜'!$B$3:$B$1000; '食譜'!$B$3:$B$1000}, {'食譜'!$J$3:$J$1000; '食譜'!$L$3:$L$1000; '食譜'!$N$3:$N$1000; '食譜'!$P$3:$P$1000}=D15, {'食譜'!$K$3:$K$1000; '食譜'!$M$3:$M$1000; '食譜'!$O$3:$O$1000; '食譜'!$Q$3:$Q$100"&"0}=MAX(FILTER({'食譜'!$K$3:$K$1000; '食譜'!$M$3:$M$1000; '食譜'!$O$3:$O$1000; '食譜'!$Q$3:$Q$1000}, {'食譜'!$J$3:$J$1000; '食譜'!$L$3:$L$1000; '食譜'!$N$3:$N$1000; '食譜'!$P$3:$P$1000}=D15))), 1), """")"),"不服輸咖啡沙拉") -> 不服輸咖啡沙拉 | K15: =I15*3 -> 84 | L15: =F15/K15 -> 0.9777381 | M15: =G15/K15 -> 1.3594048
A16: =IFERROR(__xludf.DUMMYFUNCTION("""COMPUTED_VALUE"""),162.0) -> 162 | B16: =IFERROR(__xludf.DUMMYFUNCTION("""COMPUTED_VALUE"""),"Glossy Avocado") -> Glossy Avocado | C16: =IFERROR(__xludf.DUMMYFUNCTION("""COMPUTED_VALUE"""),19.0) -> 19 | D16: =IFERROR(__xludf.DUMMYFUNCTION("""COMPUTED_VALUE"""),"嫩亮酪梨") -> 嫩亮酪梨 | E16: =IFERROR(__xludf.DUMMYFUNCTION("""COMPUTED_VALUE"""),"") | F16: =IFERROR(__xludf.DUMMYFUNCTION("""COMPUTED_VALUE"""),100.0) -> 100 | G16: =IFERROR(VLOOKUP(D16, '應用日產（AP）'!A:C, 3, FALSE), 0) -> 105.63 | H16: =F16/G16 -> 0.94670075 | I16: =IFERROR(__xludf.DUMMYFUNCTION("IFERROR((MAX(FILTER({'食譜'!$K$3:$K$1000; '食譜'!$M$3:$M$1000; '食譜'!$O$3:$O$1000; '食譜'!$Q$3:$Q$1000}, {'食譜'!$J$3:$J$1000; '食譜'!$L$3:$L$1000; '食譜'!$N$3:$N$1000; '食譜'!$P$3:$P$1000} = $D16))), """")"),28.0) -> 28 | J16: =IFERROR(__xludf.DUMMYFUNCTION("IFERROR(INDEX(FILTER({'食譜'!$B$3:$B$1000; '食譜'!$B$3:$B$1000; '食譜'!$B$3:$B$1000; '食譜'!$B$3:$B$1000}, {'食譜'!$J$3:$J$1000; '食譜'!$L$3:$L$1000; '食譜'!$N$3:$N$1000; '食譜'!$P$3:$P$1000}=D16, {'食譜'!$K$3:$K$1000; '食譜'!$M$3:$M$1000; '食譜'!$O$3:$O$1000; '食譜'!$Q$3:$Q$100"&"0}=MAX(FILTER({'食譜'!$K$3:$K$1000; '食譜'!$M$3:$M$1000; '食譜'!$O$3:$O$1000; '食譜'!$Q$3:$Q$1000}, {'食譜'!$J$3:$J$1000; '食譜'!$L$3:$L$1000; '食譜'!$N$3:$N$1000; '食譜'!$P$3:$P$1000}=D16))), 1), """")"),"重踏酪梨醬脆片") -> 重踏酪梨醬脆片 | K16: =I16*3 -> 84 | L16: =F16/K16 -> 1.1904762 | M16: =G16/K16 -> 1.2575
A17: =IFERROR(__xludf.DUMMYFUNCTION("""COMPUTED_VALUE"""),167.0) -> 167 | B17: =IFERROR(__xludf.DUMMYFUNCTION("""COMPUTED_VALUE"""),"Tasty Mushroom") -> Tasty Mushroom | C17: =IFERROR(__xludf.DUMMYFUNCTION("""COMPUTED_VALUE"""),2.0) -> 2 | D17: =IFERROR(__xludf.DUMMYFUNCTION("""COMPUTED_VALUE"""),"品鮮蘑菇") -> 品鮮蘑菇 | E17: =IFERROR(__xludf.DUMMYFUNCTION("""COMPUTED_VALUE"""),"") | F17: =IFERROR(__xludf.DUMMYFUNCTION("""COMPUTED_VALUE"""),46.76) -> 46.76 | G17: =IFERROR(VLOOKUP(D17, '應用日產（AP）'!A:C, 3, FALSE), 0) -> 92.67 | H17: =F17/G17 -> 0.50458617 | I17: =IFERROR(__xludf.DUMMYFUNCTION("IFERROR((MAX(FILTER({'食譜'!$K$3:$K$1000; '食譜'!$M$3:$M$1000; '食譜'!$O$3:$O$1000; '食譜'!$Q$3:$Q$1000}, {'食譜'!$J$3:$J$1000; '食譜'!$L$3:$L$1000; '食譜'!$N$3:$N$1000; '食譜'!$P$3:$P$1000} = $D17))), """")"),27.0) -> 27 | J17: =IFERROR(__xludf.DUMMYFUNCTION("IFERROR(INDEX(FILTER({'食譜'!$B$3:$B$1000; '食譜'!$B$3:$B$1000; '食譜'!$B$3:$B$1000; '食譜'!$B$3:$B$1000}, {'食譜'!$J$3:$J$1000; '食譜'!$L$3:$L$1000; '食譜'!$N$3:$N$1000; '食譜'!$P$3:$P$1000}=D17, {'食譜'!$K$3:$K$1000; '食譜'!$M$3:$M$1000; '食譜'!$O$3:$O$1000; '食譜'!$Q$3:$Q$100"&"0}=MAX(FILTER({'食譜'!$K$3:$K$1000; '食譜'!$M$3:$M$1000; '食譜'!$O$3:$O$1000; '食譜'!$Q$3:$Q$1000}, {'食譜'!$J$3:$J$1000; '食譜'!$L$3:$L$1000; '食譜'!$N$3:$N$1000; '食譜'!$P$3:$P$1000}=D17))), 1), """")"),"大塊滿滿熱水沙拉") -> 大塊滿滿熱水沙拉 | K17: =I17*3 -> 81 | L17: =F17/K17 -> 0.57728395 | M17: =G17/K17 -> 1.1440741
A18: =IFERROR(__xludf.DUMMYFUNCTION("""COMPUTED_VALUE"""),185.0) -> 185 | B18: =IFERROR(__xludf.DUMMYFUNCTION("""COMPUTED_VALUE"""),"Large Leek") -> Large Leek | C18: =IFERROR(__xludf.DUMMYFUNCTION("""COMPUTED_VALUE"""),1.0) -> 1 | D18: =IFERROR(__xludf.DUMMYFUNCTION("""COMPUTED_VALUE"""),"粗枝大蔥") -> 粗枝大蔥 | E18: =IFERROR(__xludf.DUMMYFUNCTION("""COMPUTED_VALUE"""),"") | F18: =IFERROR(__xludf.DUMMYFUNCTION("""COMPUTED_VALUE"""),54.58) -> 54.58 | G18: =IFERROR(VLOOKUP(D18, '應用日產（AP）'!A:C, 3, FALSE), 0) -> 87.81 | H18: =F18/G18 -> 0.6215693 | I18: =IFERROR(__xludf.DUMMYFUNCTION("IFERROR((MAX(FILTER({'食譜'!$K$3:$K$1000; '食譜'!$M$3:$M$1000; '食譜'!$O$3:$O$1000; '食譜'!$Q$3:$Q$1000}, {'食譜'!$J$3:$J$1000; '食譜'!$L$3:$L$1000; '食譜'!$N$3:$N$1000; '食譜'!$P$3:$P$1000} = $D18))), """")"),27.0) -> 27 | J18: =IFERROR(__xludf.DUMMYFUNCTION("IFERROR(INDEX(FILTER({'食譜'!$B$3:$B$1000; '食譜'!$B$3:$B$1000; '食譜'!$B$3:$B$1000; '食譜'!$B$3:$B$1000}, {'食譜'!$J$3:$J$1000; '食譜'!$L$3:$L$1000; '食譜'!$N$3:$N$1000; '食譜'!$P$3:$P$1000}=D18, {'食譜'!$K$3:$K$1000; '食譜'!$M$3:$M$1000; '食譜'!$O$3:$O$1000; '食譜'!$Q$3:$Q$100"&"0}=MAX(FILTER({'食譜'!$K$3:$K$1000; '食譜'!$M$3:$M$1000; '食譜'!$O$3:$O$1000; '食譜'!$Q$3:$Q$1000}, {'食譜'!$J$3:$J$1000; '食譜'!$L$3:$L$1000; '食譜'!$N$3:$N$1000; '食譜'!$P$3:$P$1000}=D18))), 1), """")"),"居合斬壽喜燒咖哩") -> 居合斬壽喜燒咖哩 | K18: =I18*3 -> 81 | L18: =F18/K18 -> 0.67382716 | M18: =G18/K18 -> 1.0840741
A19: =IFERROR(__xludf.DUMMYFUNCTION("""COMPUTED_VALUE"""),250.0) -> 250 | B19: =IFERROR(__xludf.DUMMYFUNCTION("""COMPUTED_VALUE"""),"Plump Pumpkin") -> Plump Pumpkin | C19: =IFERROR(__xludf.DUMMYFUNCTION("""COMPUTED_VALUE"""),18.0) -> 18 | D19: =IFERROR(__xludf.DUMMYFUNCTION("""COMPUTED_VALUE"""),"沉甸甸南瓜") -> 沉甸甸南瓜 | E19: =IFERROR(__xludf.DUMMYFUNCTION("""COMPUTED_VALUE"""),"") | F19: =IFERROR(__xludf.DUMMYFUNCTION("""COMPUTED_VALUE"""),1.0) -> 1 | G19: =IFERROR(VLOOKUP(D19, '應用日產（AP）'!A:C, 3, FALSE), 0) -> 63.05 | H19: =F19/G19 -> 0.015860428 | I19: =IFERROR(__xludf.DUMMYFUNCTION("IFERROR((MAX(FILTER({'食譜'!$K$3:$K$1000; '食譜'!$M$3:$M$1000; '食譜'!$O$3:$O$1000; '食譜'!$Q$3:$Q$1000}, {'食譜'!$J$3:$J$1000; '食譜'!$L$3:$L$1000; '食譜'!$N$3:$N$1000; '食譜'!$P$3:$P$1000} = $D19))), """")"),20.0) -> 20 | J19: =IFERROR(__xludf.DUMMYFUNCTION("IFERROR(INDEX(FILTER({'食譜'!$B$3:$B$1000; '食譜'!$B$3:$B$1000; '食譜'!$B$3:$B$1000; '食譜'!$B$3:$B$1000}, {'食譜'!$J$3:$J$1000; '食譜'!$L$3:$L$1000; '食譜'!$N$3:$N$1000; '食譜'!$P$3:$P$1000}=D19, {'食譜'!$K$3:$K$1000; '食譜'!$M$3:$M$1000; '食譜'!$O$3:$O$1000; '食譜'!$Q$3:$Q$100"&"0}=MAX(FILTER({'食譜'!$K$3:$K$1000; '食譜'!$M$3:$M$1000; '食譜'!$O$3:$O$1000; '食譜'!$Q$3:$Q$1000}, {'食譜'!$J$3:$J$1000; '食譜'!$L$3:$L$1000; '食譜'!$N$3:$N$1000; '食譜'!$P$3:$P$1000}=D19))), 1), """")"),"大塊滿滿熱水沙拉") -> 大塊滿滿熱水沙拉 | K19: =I19*3 -> 60 | L19: =F19/K19 -> 0.016666667 | M19: =G19/K19 -> 1.0508333
A20: =IFERROR(__xludf.DUMMYFUNCTION("""COMPUTED_VALUE"""),342.0) -> 342 | B20: =IFERROR(__xludf.DUMMYFUNCTION("""COMPUTED_VALUE"""),"Slowpoke Tail") -> Slowpoke Tail | C20: =IFERROR(__xludf.DUMMYFUNCTION("""COMPUTED_VALUE"""),14.0) -> 14 | D20: =IFERROR(__xludf.DUMMYFUNCTION("""COMPUTED_VALUE"""),"美味尾巴") -> 美味尾巴 | E20: =IFERROR(__xludf.DUMMYFUNCTION("""COMPUTED_VALUE"""),"") | F20: =IFERROR(__xludf.DUMMYFUNCTION("""COMPUTED_VALUE"""),1.0) -> 1 | G20: =IFERROR(VLOOKUP(D20, '應用日產（AP）'!A:C, 3, FALSE), 0) -> 17.35 | H20: =F20/G20 -> 0.057636888 | I20: =IFERROR(__xludf.DUMMYFUNCTION("IFERROR((MAX(FILTER({'食譜'!$K$3:$K$1000; '食譜'!$M$3:$M$1000; '食譜'!$O$3:$O$1000; '食譜'!$Q$3:$Q$1000}, {'食譜'!$J$3:$J$1000; '食譜'!$L$3:$L$1000; '食譜'!$N$3:$N$1000; '食譜'!$P$3:$P$1000} = $D20))), """")"),10.0) -> 10 | J20: =IFERROR(__xludf.DUMMYFUNCTION("IFERROR(INDEX(FILTER({'食譜'!$B$3:$B$1000; '食譜'!$B$3:$B$1000; '食譜'!$B$3:$B$1000; '食譜'!$B$3:$B$1000}, {'食譜'!$J$3:$J$1000; '食譜'!$L$3:$L$1000; '食譜'!$N$3:$N$1000; '食譜'!$P$3:$P$1000}=D20, {'食譜'!$K$3:$K$1000; '食譜'!$M$3:$M$1000; '食譜'!$O$3:$O$1000; '食譜'!$Q$3:$Q$100"&"0}=MAX(FILTER({'食譜'!$K$3:$K$1000; '食譜'!$M$3:$M$1000; '食譜'!$O$3:$O$1000; '食譜'!$Q$3:$Q$1000}, {'食譜'!$J$3:$J$1000; '食譜'!$L$3:$L$1000; '食譜'!$N$3:$N$1000; '食譜'!$P$3:$P$1000}=D20))), 1), """")"),"呆呆獸尾巴的胡椒沙拉") -> 呆呆獸尾巴的胡椒沙拉 | K20: =I20*3 -> 30 | L20: =F20/K20 -> 0.033333333 | M20: =G20/K20 -> 0.57833333

Sheet 我的料理效率
K2: 食材 | L2: 日產 | M2: 超產能力 | N2: 日佔位 | O2: 隊伍 | P2: 實際運作 | Q2: 爆擊修正 | T2: 已選擇料理 | U2: 已定義幫獎環境 | V2: MP隊伍總佔位 | W2: 料理效率
A3: AP/BLD | B3: BLD/AP | C3: Time | D3: AP | E3: BLD | I3: {=LET(last_row,IFERROR(LOOKUP(2,1/('我的食材檔案'!J2:J1000<>""),ROW('我的食材檔案'!J2:J1000)),2),ing_r,INDIRECT("'我的食材檔案'!D2:D"&last_row),ico_r,INDIRECT("'我的食材檔案'!A2:A"&last_row),IFERROR(INDEX(ico_r,MATCH(H3,ing_r,0)),""))} | J3: 需 | K3: 佔比 | L3: MP | M3: MP/BLD | N3: BLD/MP | O3: {="幫獎："& IFERROR(XLOOKUP(H8, T:T, U:U, "N/A"), "0")} -> 幫獎：1 | P3: Time | Q3: ="倍率："& $U$14 -> 倍率：0.1 | T3: {='我的食材隊檔案'!D35:D44} -> 覺醒力量濃湯 | U3: {='我的食材隊檔案'!F35:F44} -> 1 | V3: =IFERROR(O8, "") -> 3.4114181 | W3: =IFERROR(R8, "") -> 18438.461
A4: {=IFERROR(XLOOKUP($H8, '計算公式'!$B:$B, '計算公式'!E:E), "")} -> 1.7696429 | B4: {=IFERROR(XLOOKUP($H8, '計算公式'!$B:$B, '計算公式'!F:F), "")} -> 0.56508577 | C4: {=IFERROR(XLOOKUP($H8, '計算公式'!$B:$B, '計算公式'!G:G), "")} -> 13h 33m | D4: {=IFERROR(XLOOKUP($H$8, '計算公式'!$B:$B, '計算公式'!C:C), "")} -> 148.65 | E4: {=IFERROR(XLOOKUP($H8, '計算公式'!$B:$B, '計算公式'!D:D), "")} -> 84 | F4: {=IFERROR(XLOOKUP($G4, ing_name, ing_energy), "")} -> 100 | G4: {=IFERROR(XLOOKUP($H8, '食譜'!$B:$B, '食譜'!$J:$J), "")} -> 萌綠大豆 | H4: {=IFERROR(XLOOKUP(H8, '食譜'!B:B, '食譜'!A:A), "")} | I4: {=IFERROR(XLOOKUP($G4, ing_name, ing_ico), "")} | J4: {=IFERROR(XLOOKUP($H8, '食譜'!$B:$B, '食譜'!$K:$K), "")} -> 28 | K4: =J4*F4/$G$8 -> 0.23650646 | L4: {=IFERROR(XLOOKUP($G4, ing_name, my_prod), "")} -> 109.12 | M4: =L4/E4 -> 1.2990476 | N4: =E4/L4 -> 0.76979472 | O4: {=N4/(1/(1-(0.05)*IFERROR(XLOOKUP($H8, $T:$T, $U:$U, "N/A"), "")))} -> 0.73130499 | P4: =IFERROR(INT(O4*24)&"h "&INT(MOD(O4*24,1)*60)&"m", "") -> 17h 33m | T4: 居合斬壽喜燒咖哩 | U4: 5.1 | V4: =IFERROR(O18, "") -> 2.3762779 | W4: =IFERROR(R18, "") -> 28684.146
A5: {=IFERROR(XLOOKUP($H$8, '計算公式'!$B:$B, '計算公式'!J:J), "")} -> 1.8341333 | B5: {=IFERROR(XLOOKUP($H$8, '計算公式'!$B:$B, '計算公式'!K:K), "")} -> 0.54521663 | C5: {=IFERROR(XLOOKUP($H$8, '計算公式'!$B:$B, '計算公式'!L:L), "")} -> 13h 5m | D5: {=IFERROR(XLOOKUP($H$8, '計算公式'!$B:$B, '計算公式'!H:H), "")} -> 137.56 | E5: {=IFERROR(XLOOKUP($H$8, '計算公式'!$B:$B, '計算公式'!I:I), "")} -> 75 | F5: {=IFERROR(XLOOKUP($G5, ing_name, ing_energy), "")} -> 110 | G5: {=IFERROR(XLOOKUP($H8, '食譜'!$B:$B, '食譜'!$L:$L), "")} -> 好眠番茄 | I5: {=IFERROR(XLOOKUP($G5, ing_name, ing_ico), "")} | J5: {=IFERROR(XLOOKUP($H8, '食譜'!$B:$B, '食譜'!$M:$M), "")} -> 25 | K5: =J5*F5/$G$8 -> 0.23228313 | L5: {=IFERROR(XLOOKUP($G5, ing_name, my_prod), "")} -> 98.54 | M5: =L5/E5 -> 1.3138667 | N5: =E5/L5 -> 0.76111224 | O5: {=N5/(1/(1-(0.05)*IFERROR(XLOOKUP($H8, $T:$T, $U:$U, "N/A"), "")))} -> 0.72305663 | P5: =IFERROR(INT(O5*24)&"h "&INT(MOD(O5*24,1)*60)&"m", "") -> 17h 21m | T5: 茂盛焗烤酪梨 | U5: 1 | V5: =IFERROR(O28, "") -> 2.7617384 | W5: =IFERROR(R28, "") -> 29635.899
A6: {=IFERROR(XLOOKUP($H$8, '計算公式'!$B:$B, '計算公式'!O:O), "")} -> 1.3430435 | B6: {=IFERROR(XLOOKUP($H$8, '計算公式'!$B:$B, '計算公式'!P:P), "")} -> 0.74457753 | C6: {=IFERROR(XLOOKUP($H$8, '計算公式'!$B:$B, '計算公式'!Q:Q), "")} -> 17h 52m | D6: {=IFERROR(XLOOKUP($H$8, '計算公式'!$B:$B, '計算公式'!M:M), "")} -> 92.67 | E6: {=IFERROR(XLOOKUP($H$8, '計算公式'!$B:$B, '計算公式'!N:N), "")} -> 69 | F6: {=IFERROR(XLOOKUP($G6, ing_name, ing_energy), "")} -> 167 | G6: {=IFERROR(XLOOKUP($H8, '食譜'!$B:$B, '食譜'!$N:$N), "")} -> 品鮮蘑菇 | I6: {=IFERROR(XLOOKUP($G6, ing_name, ing_ico), "")} | J6: {=IFERROR(XLOOKUP($H8, '食譜'!$B:$B, '食譜'!$O:$O), "")} -> 23 | K6: =J6*F6/$G$8 -> 0.32443619 | L6: {=IFERROR(XLOOKUP($G6, ing_name, my_prod), "")} -> 46.76 | M6: =L6/E6 -> 0.67768116 | N6: =E6/L6 -> 1.4756202 | O6: {=N6/(1/(1-(0.05)*IFERROR(XLOOKUP($H8, $T:$T, $U:$U, "N/A"), "")))} -> 1.4018392 | P6: =IFERROR(INT(O6*24)&"h "&INT(MOD(O6*24,1)*60)&"m", "") -> 33h 38m | T6: 重踏酪梨醬脆片 | U6: 0 | V6: =IFERROR(O38, "") -> 2.5153125 | W6: =IFERROR(R38, "") -> 33011.643
A7: {=IFERROR(XLOOKUP($H$8, '計算公式'!$B:$B, '計算公式'!T:T), "")} -> 2.3789583 | B7: {=IFERROR(XLOOKUP($H$8, '計算公式'!$B:$B, '計算公式'!U:U), "")} -> 0.42035204 | C7: {=IFERROR(XLOOKUP($H$8, '計算公式'!$B:$B, '計算公式'!V:V), "")} -> 10h 5m | D7: {=IFERROR(XLOOKUP($H$8, '計算公式'!$B:$B, '計算公式'!R:R), "")} -> 114.19 | E7: {=IFERROR(XLOOKUP($H$8, '計算公式'!$B:$B, '計算公式'!S:S), "")} -> 48 | F7: {=IFERROR(XLOOKUP($G7, ing_name, ing_energy), "")} -> 153 | G7: {=IFERROR(XLOOKUP($H8, '食譜'!$B:$B, '食譜'!P:P), "")} -> 醒腦咖啡豆 | I7: {=IFERROR(XLOOKUP($G7, ing_name, ing_ico), "")} | J7: {=IFERROR(XLOOKUP($H8, '食譜'!$B:$B, '食譜'!$Q:$Q), "")} -> 16 | K7: =J7*F7/$G$8 -> 0.20677422 | L7: {=IFERROR(XLOOKUP($G7, ing_name, my_prod), "")} -> 82.13 | M7: =L7/E7 -> 1.7110417 | N7: =E7/L7 -> 0.5844393 | O7: {=N7/(1/(1-(0.05)*IFERROR(XLOOKUP($H8, $T:$T, $U:$U, "N/A"), "")))} -> 0.55521734 | P7: =IFERROR(INT(O7*24)&"h "&INT(MOD(O7*24,1)*60)&"m", "") -> 13h 19m | T7: 蘋果酸優格沙拉 | U7: 1 | V7: =IFERROR(O48, "") -> 2.9889112 | W7: =IFERROR(R48, "") -> 21301.034
G8: {=IFERROR(XLOOKUP($H8, '食譜'!$B:$B, '食譜'!$G:$G), "")} -> 11839 | H8: =T3 -> 覺醒力量濃湯 | J8: =SUM(J4:J7) -> 92 | K8: 1 | L8: {=IFERROR(XLOOKUP($G8, ing_name, my_prod), "")} | N8: =sum(N4:N7) -> 3.5909665 | O8: =N8/(1/(1-(0.05)*U7)) -> 3.4114181 | P8: =IFERROR(INT(O8*24)&"h "&INT(MOD(O8*24,1)*60)&"m", "") -> 81h 52m | Q8: {=IFERROR(XLOOKUP($H8, '食譜'!$B:$B, '食譜'!$H:$H), "")*(3+U14*3)} -> 62901.3 | R8: =Q8/O8 -> 18438.461 | T8: 不服輸咖啡沙拉 | U8: 2 | V8: =IFERROR(O58, "") -> 3.1340789 | W8: =IFERROR(R58, "") -> 21288.36
H9: {="料理能量："&IFERROR(XLOOKUP($H8, '食譜'!$B:$B, '食譜'!$H:$H), "")} -> 料理能量：19061 | N9: 總佔位 | O9: 倍率修正 | P9: 總需時 | Q9: 總料理能量 | R9: 料理效率 | T9: 採蜜巧克力格子鬆餅 | U9: 1 | V9: =IFERROR(O68, "") -> 3.0845257 | W9: =IFERROR(R68, "") -> 27264.224
T10: 心跳加速鬼面鬆餅 | U10: 2 | V10: =IFERROR(O78, "") -> 50.198697 | W10: =IFERROR(R78, "") -> 1601.0017
T11: 土王閃電泡芙 | U11: 0 | V11: =IFERROR(O88, "") -> 2.9599204 | W11: =IFERROR(R88, "") -> 23284.579
K12: 食材 | L12: 日產 | M12: 超產能力 | N12: 日佔位 | O12: 隊伍 | P12: 實際運作 | Q12: 爆擊修正 | T12: 電光香料可樂 | U12: 0 | V12: =IFERROR(O98, "") -> 3.761586 | W12: =IFERROR(R98, "") -> 15347.303
A13: AP/BLD | B13: BLD/AP | C13: Time | D13: AP | E13: BLD | I13: {=LET(last_row,IFERROR(LOOKUP(2,1/('我的食材檔案'!J12:J1010<>""),ROW('我的食材檔案'!J12:J1010)),2),ing_r,INDIRECT("'我的食材檔案'!D2:D"&last_row),ico_r,INDIRECT("'我的食材檔案'!A2:A"&last_row),IFERROR(INDEX(ico_r,MATCH(H13,ing_r,0)),""))} | J13: 需 | K13: 佔比 | L13: MP | M13: MP/BLD | N13: BLD/MP | O13: {="幫獎："& IFERROR(XLOOKUP(H18, T:T, U:U, "N/A"), "0")} -> 幫獎：5.1 | P13: Time | Q13: ="倍率："& $U$14 -> 倍率：0.1
A14: {=IFERROR(XLOOKUP($H18, '計算公式'!$B:$B, '計算公式'!E:E), "")} -> 1.0840741 | B14: {=IFERROR(XLOOKUP($H18, '計算公式'!$B:$B, '計算公式'!F:F), "")} -> 0.92244619 | C14: {=IFERROR(XLOOKUP($H18, '計算公式'!$B:$B, '計算公式'!G:G), "")} -> 22h 8m | D14: {=IFERROR(XLOOKUP($H$8, '計算公式'!$B:$B, '計算公式'!C:C), "")} -> 148.65 | E14: {=IFERROR(XLOOKUP($H18, '計算公式'!$B:$B, '計算公式'!D:D), "")} -> 81 | F14: {=IFERROR(XLOOKUP($G14, ing_name, ing_energy), "")} -> 185 | G14: {=IFERROR(XLOOKUP($H18, '食譜'!$B:$B, '食譜'!$J:$J), "")} -> 粗枝大蔥 | H14: {=IFERROR(XLOOKUP(H18, '食譜'!B:B, '食譜'!A:A), "")} | I14: {=IFERROR(XLOOKUP($G14, ing_name, ing_ico), "")} | J14: {=IFERROR(XLOOKUP($H18, '食譜'!$B:$B, '食譜'!$K:$K), "")} -> 27 | K14: =J14*F14/$G$8 -> 0.42191063 | L14: {=IFERROR(XLOOKUP($G14, ing_name, my_prod), "")} -> 54.58 | M14: =L14/E14 -> 0.67382716 | N14: =E14/L14 -> 1.4840601 | O14: {=N14/(1/(1-(0.05)*IFERROR(XLOOKUP($H18, $T:$T, $U:$U, "N/A"), "")))} -> 1.1056248 | P14: =IFERROR(INT(O14*24)&"h "&INT(MOD(O14*24,1)*60)&"m", "") -> 26h 32m | T14: 爆擊倍率 | U14: 0.1 | V14: AP隊伍總佔位 | W14: 料理效率
A15: {=IFERROR(XLOOKUP($H$8, '計算公式'!$B:$B, '計算公式'!J:J), "")} -> 1.8341333 | B15: {=IFERROR(XLOOKUP($H$8, '計算公式'!$B:$B, '計算公式'!K:K), "")} -> 0.54521663 | C15: {=IFERROR(XLOOKUP($H$8, '計算公式'!$B:$B, '計算公式'!L:L), "")} -> 13h 5m | D15: {=IFERROR(XLOOKUP($H$8, '計算公式'!$B:$B, '計算公式'!H:H), "")} -> 137.56 | E15: {=IFERROR(XLOOKUP($H$8, '計算公式'!$B:$B, '計算公式'!I:I), "")} -> 75 | F15: {=IFERROR(XLOOKUP($G15, ing_name, ing_energy), "")} -> 103 | G15: {=IFERROR(XLOOKUP($H18, '食譜'!$B:$B, '食譜'!$L:$L), "")} -> 豆製肉 | I15: {=IFERROR(XLOOKUP($G15, ing_name, ing_ico), "")} | J15: {=IFERROR(XLOOKUP($H18, '食譜'!$B:$B, '食譜'!$M:$M), "")} -> 26 | K15: =J15*F15/$G$8 -> 0.22620154 | L15: {=IFERROR(XLOOKUP($G15, ing_name, my_prod), "")} -> 105.53 | M15: =L15/E15 -> 1.4070667 | N15: =E15/L15 -> 0.71069838 | O15: {=N15/(1/(1-(0.05)*IFERROR(XLOOKUP($H18, $T:$T, $U:$U, "N/A"), "")))} -> 0.52947029 | P15: =IFERROR(INT(O15*24)&"h "&INT(MOD(O15*24,1)*60)&"m", "") -> 12h 42m | V15: {=IFERROR(XLOOKUP($T3, '計算公式'!$B:$B, '計算公式'!X:X), "")} -> 2.275232 | W15: =IFERROR(Q8, "")/V15 -> 27646.104
A16: {=IFERROR(XLOOKUP($H$8, '計算公式'!$B:$B, '計算公式'!O:O), "")} -> 1.3430435 | B16: {=IFERROR(XLOOKUP($H$8, '計算公式'!$B:$B, '計算公式'!P:P), "")} -> 0.74457753 | C16: {=IFERROR(XLOOKUP($H$8, '計算公式'!$B:$B, '計算公式'!Q:Q), "")} -> 17h 52m | D16: {=IFERROR(XLOOKUP($H$8, '計算公式'!$B:$B, '計算公式'!M:M), "")} -> 92.67 | E16: {=IFERROR(XLOOKUP($H$8, '計算公式'!$B:$B, '計算公式'!N:N), "")} -> 69 | F16: {=IFERROR(XLOOKUP($G16, ing_name, ing_energy), "")} -> 101 | G16: {=IFERROR(XLOOKUP($H18, '食譜'!$B:$B, '食譜'!$N:$N), "")} -> 甜甜蜜 | I16: {=IFERROR(XLOOKUP($G16, ing_name, ing_ico), "")} | J16: {=IFERROR(XLOOKUP($H18, '食譜'!$B:$B, '食譜'!$O:$O), "")} -> 26 | K16: =J16*F16/$G$8 -> 0.22180927 | L16: {=IFERROR(XLOOKUP($G16, ing_name, my_prod), "")} -> 146.31 | M16: =L16/E16 -> 2.1204348 | N16: =E16/L16 -> 0.47160139 | O16: {=N16/(1/(1-(0.05)*IFERROR(XLOOKUP($H18, $T:$T, $U:$U, "N/A"), "")))} -> 0.35134304 | P16: =IFERROR(INT(O16*24)&"h "&INT(MOD(O16*24,1)*60)&"m", "") -> 8h 25m | V16: {=IFERROR(XLOOKUP($T4, '計算公式'!$B:$B, '計算公式'!X:X), "")} -> 2.4343651 | W16: =IFERROR(Q18, "")/V15 -> 29958.044
A17: {=IFERROR(XLOOKUP($H$8, '計算公式'!$B:$B, '計算公式'!T:T), "")} -> 2.3789583 | B17: {=IFERROR(XLOOKUP($H$8, '計算公式'!$B:$B, '計算公式'!U:U), "")} -> 0.42035204 | C17: {=IFERROR(XLOOKUP($H$8, '計算公式'!$B:$B, '計算公式'!V:V), "")} -> 10h 5m | D17: {=IFERROR(XLOOKUP($H$8, '計算公式'!$B:$B, '計算公式'!R:R), "")} -> 114.19 | E17: {=IFERROR(XLOOKUP($H$8, '計算公式'!$B:$B, '計算公式'!S:S), "")} -> 48 | F17: {=IFERROR(XLOOKUP($G17, ing_name, ing_energy), "")} -> 115 | G17: {=IFERROR(XLOOKUP($H18, '食譜'!$B:$B, '食譜'!P:P), "")} -> 特選蛋 | I17: {=IFERROR(XLOOKUP($G17, ing_name, ing_ico), "")} | J17: {=IFERROR(XLOOKUP($H18, '食譜'!$B:$B, '食譜'!$Q:$Q), "")} -> 22 | K17: =J17*F17/$G$8 -> 0.21370048 | L17: {=IFERROR(XLOOKUP($G17, ing_name, my_prod), "")} -> 91.73 | M17: =L17/E17 -> 1.9110417 | N17: =E17/L17 -> 0.52327483 | O17: {=N17/(1/(1-(0.05)*IFERROR(XLOOKUP($H18, $T:$T, $U:$U, "N/A"), "")))} -> 0.38983975 | P17: =IFERROR(INT(O17*24)&"h "&INT(MOD(O17*24,1)*60)&"m", "") -> 9h 21m | V17: {=IFERROR(XLOOKUP($T5, '計算公式'!$B:$B, '計算公式'!X:X), "")} -> 2.7472212 | W17: =IFERROR(Q28, "")/V15 -> 35972.859
G18: {=IFERROR(XLOOKUP($H18, '食譜'!$B:$B, '食譜'!$G:$G), "")} -> 12829 | H18: =T4 -> 居合斬壽喜燒咖哩 | J18: =SUM(J14:J17) -> 101 | K18: 1 | L18: {=IFERROR(XLOOKUP($G18, ing_name, my_prod), "")} | N18: =sum(N14:N17) -> 3.1896347 | O18: =N18/(1/(1-(0.05)*U4)) -> 2.3762779 | P18: =IFERROR(INT(O18*24)&"h "&INT(MOD(O18*24,1)*60)&"m", "") -> 57h 1m | Q18: {=IFERROR(XLOOKUP($H18, '食譜'!$B:$B, '食譜'!$H:$H), "")*(3+U14*3)} -> 68161.5 | R18: =Q18/O18 -> 28684.146 | V18: {=IFERROR(XLOOKUP($T6, '計算公式'!$B:$B, '計算公式'!X:X), "")} -> 2.3302145 | W18: =IFERROR(Q38, "")/V15 -> 36495.004
H19: {="料理能量："&IFERROR(XLOOKUP($H18, '食譜'!$B:$B, '食譜'!$H:$H), "")} -> 料理能量：20655 | N19: 總佔位 | O19: 倍率修正 | P19: 總需時 | Q19: 總料理能量 | R19: 料理效率 | V19: {=IFERROR(XLOOKUP($T7, '計算公式'!$B:$B, '計算公式'!X:X), "")} -> 2.1735044 | W19: =IFERROR(Q48, "")/V15 -> 27982.597
V20: {=IFERROR(XLOOKUP($T8, '計算公式'!$B:$B, '計算公式'!X:X), "")} -> 2.411168 | W20: =IFERROR(Q58, "")/V15 -> 29324.219
V21: {=IFERROR(XLOOKUP($T9, '計算公式'!$B:$B, '計算公式'!X:X), "")} -> 2.7470476 | W21: =IFERROR(Q68, "")/V15 -> 36962.033
K22: 食材 | L22: 日產 | M22: 超產能力 | N22: 日佔位 | O22: 隊伍 | P22: 實際運作 | Q22: 爆擊修正 | V22: {=IFERROR(XLOOKUP($T10, '計算公式'!$B:$B, '計算公式'!X:X), "")} -> 2.6676962 | W22: =IFERROR(Q78, "")/V15 -> 35323.079
A23: AP/BLD | B23: BLD/AP | C23: Time | D23: AP | E23: BLD | I23: {=LET(last_row,IFERROR(LOOKUP(2,1/('我的食材檔案'!J22:J1020<>""),ROW('我的食材檔案'!J22:J1020)),2),ing_r,INDIRECT("'我的食材檔案'!D2:D"&last_row),ico_r,INDIRECT("'我的食材檔案'!A2:A"&last_row),IFERROR(INDEX(ico_r,MATCH(H23,ing_r,0)),""))} | J23: 需 | K23: 佔比 | L23: MP | M23: MP/BLD | N23: BLD/MP | O23: {="幫獎："& IFERROR(XLOOKUP(H28, T:T, U:U, "N/A"), "0")} -> 幫獎：1 | P23: Time | Q23: ="倍率："& $U$14 -> 倍率：0.1 | V23: {=IFERROR(XLOOKUP($T11, '計算公式'!$B:$B, '計算公式'!X:X), "")} -> 2.4473603 | W23: =IFERROR(Q88, "")/V15 -> 30291.636
A24: {=IFERROR(XLOOKUP($H28, '計算公式'!$B:$B, '計算公式'!E:E), "")} -> 1.6004545 | B24: {=IFERROR(XLOOKUP($H28, '計算公式'!$B:$B, '計算公式'!F:F), "")} -> 0.62482249 | C24: {=IFERROR(XLOOKUP($H28, '計算公式'!$B:$B, '計算公式'!G:G), "")} -> 14h 59m | D24: {=IFERROR(XLOOKUP($H$8, '計算公式'!$B:$B, '計算公式'!C:C), "")} -> 148.65 | E24: {=IFERROR(XLOOKUP($H28, '計算公式'!$B:$B, '計算公式'!D:D), "")} -> 66 | F24: {=IFERROR(XLOOKUP($G24, ing_name, ing_energy), "")} -> 162 | G24: {=IFERROR(XLOOKUP($H28, '食譜'!$B:$B, '食譜'!$J:$J), "")} -> 嫩亮酪梨 | H24: {=IFERROR(XLOOKUP(H28, '食譜'!B:B, '食譜'!A:A), "")} | I24: {=IFERROR(XLOOKUP($G24, ing_name, ing_ico), "")} | J24: {=IFERROR(XLOOKUP($H28, '食譜'!$B:$B, '食譜'!$K:$K), "")} -> 22 | K24: =J24*F24/$G$8 -> 0.30103894 | L24: {=IFERROR(XLOOKUP($G24, ing_name, my_prod), "")} -> 100 | M24: =L24/E24 -> 1.5151515 | N24: =E24/L24 -> 0.66 | O24: {=N24/(1/(1-(0.05)*IFERROR(XLOOKUP($H28, $T:$T, $U:$U, "N/A"), "")))} -> 0.627 | P24: =IFERROR(INT(O24*24)&"h "&INT(MOD(O24*24,1)*60)&"m", "") -> 15h 2m | V24: {=IFERROR(XLOOKUP($T12, '計算公式'!$B:$B, '計算公式'!X:X), "")} -> 2.0098084 | W24: =IFERROR(Q98, "")/V15 -> 25373.325
A25: {=IFERROR(XLOOKUP($H$8, '計算公式'!$B:$B, '計算公式'!J:J), "")} -> 1.8341333 | B25: {=IFERROR(XLOOKUP($H$8, '計算公式'!$B:$B, '計算公式'!K:K), "")} -> 0.54521663 | C25: {=IFERROR(XLOOKUP($H$8, '計算公式'!$B:$B, '計算公式'!L:L), "")} -> 13h 5m | D25: {=IFERROR(XLOOKUP($H$8, '計算公式'!$B:$B, '計算公式'!H:H), "")} -> 137.56 | E25: {=IFERROR(XLOOKUP($H$8, '計算公式'!$B:$B, '計算公式'!I:I), "")} -> 75 | F25: {=IFERROR(XLOOKUP($G25, ing_name, ing_energy), "")} -> 124 | G25: {=IFERROR(XLOOKUP($H28, '食譜'!$B:$B, '食譜'!$L:$L), "")} -> 窩心洋芋 | I25: {=IFERROR(XLOOKUP($G25, ing_name, ing_ico), "")} | J25: {=IFERROR(XLOOKUP($H28, '食譜'!$B:$B, '食譜'!$M:$M), "")} -> 20 | K25: =J25*F25/$G$8 -> 0.20947715 | L25: {=IFERROR(XLOOKUP($G25, ing_name, my_prod), "")} -> 90.57 | M25: =L25/E25 -> 1.2076 | N25: =E25/L25 -> 0.82808877 | O25: {=N25/(1/(1-(0.05)*IFERROR(XLOOKUP($H28, $T:$T, $U:$U, "N/A"), "")))} -> 0.78668433 | P25: =IFERROR(INT(O25*24)&"h "&INT(MOD(O25*24,1)*60)&"m", "") -> 18h 52m
A26: {=IFERROR(XLOOKUP($H$8, '計算公式'!$B:$B, '計算公式'!O:O), "")} -> 1.3430435 | B26: {=IFERROR(XLOOKUP($H$8, '計算公式'!$B:$B, '計算公式'!P:P), "")} -> 0.74457753 | C26: {=IFERROR(XLOOKUP($H$8, '計算公式'!$B:$B, '計算公式'!Q:Q), "")} -> 17h 52m | D26: {=IFERROR(XLOOKUP($H$8, '計算公式'!$B:$B, '計算公式'!M:M), "")} -> 92.67 | E26: {=IFERROR(XLOOKUP($H$8, '計算公式'!$B:$B, '計算公式'!N:N), "")} -> 69 | F26: {=IFERROR(XLOOKUP($G26, ing_name, ing_energy), "")} -> 98 | G26: {=IFERROR(XLOOKUP($H28, '食譜'!$B:$B, '食譜'!$N:$N), "")} -> 哞哞鮮奶 | I26: {=IFERROR(XLOOKUP($G26, ing_name, ing_ico), "")} | J26: {=IFERROR(XLOOKUP($H28, '食譜'!$B:$B, '食譜'!$O:$O), "")} -> 41 | K26: =J26*F26/$G$8 -> 0.33938677 | L26: {=IFERROR(XLOOKUP($G26, ing_name, my_prod), "")} -> 120.82 | M26: =L26/E26 -> 1.7510145 | N26: =E26/L26 -> 0.5710975 | O26: {=N26/(1/(1-(0.05)*IFERROR(XLOOKUP($H28, $T:$T, $U:$U, "N/A"), "")))} -> 0.54254263 | P26: =IFERROR(INT(O26*24)&"h "&INT(MOD(O26*24,1)*60)&"m", "") -> 13h 1m
A27: {=IFERROR(XLOOKUP($H$8, '計算公式'!$B:$B, '計算公式'!T:T), "")} -> 2.3789583 | B27: {=IFERROR(XLOOKUP($H$8, '計算公式'!$B:$B, '計算公式'!U:U), "")} -> 0.42035204 | C27: {=IFERROR(XLOOKUP($H$8, '計算公式'!$B:$B, '計算公式'!V:V), "")} -> 10h 5m | D27: {=IFERROR(XLOOKUP($H$8, '計算公式'!$B:$B, '計算公式'!R:R), "")} -> 114.19 | E27: {=IFERROR(XLOOKUP($H$8, '計算公式'!$B:$B, '計算公式'!S:S), "")} -> 48 | F27: {=IFERROR(XLOOKUP($G27, ing_name, ing_energy), "")} -> 121 | G27: {=IFERROR(XLOOKUP($H28, '食譜'!$B:$B, '食譜'!P:P), "")} -> 純粹油 | I27: {=IFERROR(XLOOKUP($G27, ing_name, ing_ico), "")} | J27: {=IFERROR(XLOOKUP($H28, '食譜'!$B:$B, '食譜'!$Q:$Q), "")} -> 32 | K27: =J27*F27/$G$8 -> 0.32705465 | L27: {=IFERROR(XLOOKUP($G27, ing_name, my_prod), "")} -> 56.61 | M27: =L27/E27 -> 1.179375 | N27: =E27/L27 -> 0.84790673 | O27: {=N27/(1/(1-(0.05)*IFERROR(XLOOKUP($H28, $T:$T, $U:$U, "N/A"), "")))} -> 0.80551139 | P27: =IFERROR(INT(O27*24)&"h "&INT(MOD(O27*24,1)*60)&"m", "") -> 19h 19m
G28: {=IFERROR(XLOOKUP($H28, '食譜'!$B:$B, '食譜'!$G:$G), "")} -> 13934 | H28: =T5 -> 茂盛焗烤酪梨 | J28: =SUM(J24:J27) -> 115 | K28: 1 | L28: {=IFERROR(XLOOKUP($G28, ing_name, my_prod), "")} | N28: =sum(N24:N27) -> 2.907093 | O28: =N28/(1/(1-(0.05)*U5)) -> 2.7617384 | P28: =IFERROR(INT(O28*24)&"h "&INT(MOD(O28*24,1)*60)&"m", "") -> 66h 16m | Q28: {=IFERROR(XLOOKUP($H28, '食譜'!$B:$B, '食譜'!$H:$H), "")*(3+U14*3)} -> 81846.6 | R28: =Q28/O28 -> 29635.899
H29: {="料理能量："&IFERROR(XLOOKUP($H28, '食譜'!$B:$B, '食譜'!$H:$H), "")} -> 料理能量：24802 | N29: 總佔位 | O29: 倍率修正 | P29: 總需時 | Q29: 總料理能量 | R29: 料理效率
K32: 食材 | L32: 日產 | M32: 超產能力 | N32: 日佔位 | O32: 隊伍 | P32: 實際運作 | Q32: 爆擊修正
A33: AP/BLD | B33: BLD/AP | C33: Time | D33: AP | E33: BLD | I33: {=LET(last_row,IFERROR(LOOKUP(2,1/('我的食材檔案'!J32:J1030<>""),ROW('我的食材檔案'!J32:J1030)),2),ing_r,INDIRECT("'我的食材檔案'!D2:D"&last_row),ico_r,INDIRECT("'我的食材檔案'!A2:A"&last_row),IFERROR(INDEX(ico_r,MATCH(H33,ing_r,0)),""))} | J33: 需 | K33: 佔比 | L33: MP | M33: MP/BLD | N33: BLD/MP | O33: {="幫獎："& IFERROR(XLOOKUP(H38, T:T, U:U, "N/A"), "0")} -> 幫獎：0 | P33: Time | Q33: ="倍率："& $U$14 -> 倍率：0.1
A34: {=IFERROR(XLOOKUP($H38, '計算公式'!$B:$B, '計算公式'!E:E), "")} -> 1.2575 | B34: {=IFERROR(XLOOKUP($H38, '計算公式'!$B:$B, '計算公式'!F:F), "")} -> 0.79522863 | C34: {=IFERROR(XLOOKUP($H38, '計算公式'!$B:$B, '計算公式'!G:G), "")} -> 19h 5m | D34: {=IFERROR(XLOOKUP($H$8, '計算公式'!$B:$B, '計算公式'!C:C), "")} -> 148.65 | E34: {=IFERROR(XLOOKUP($H38, '計算公式'!$B:$B, '計算公式'!D:D), "")} -> 84 | F34: {=IFERROR(XLOOKUP($G34, ing_name, ing_energy), "")} -> 162 | G34: {=IFERROR(XLOOKUP($H38, '食譜'!$B:$B, '食譜'!$J:$J), "")} -> 嫩亮酪梨 | H34: {=IFERROR(XLOOKUP(H38, '食譜'!B:B, '食譜'!A:A), "")} | I34: {=IFERROR(XLOOKUP($G34, ing_name, ing_ico), "")} | J34: {=IFERROR(XLOOKUP($H38, '食譜'!$B:$B, '食譜'!$K:$K), "")} -> 28 | K34: =J34*F34/$G$8 -> 0.38314047 | L34: {=IFERROR(XLOOKUP($G34, ing_name, my_prod), "")} -> 100 | M34: =L34/E34 -> 1.1904762 | N34: =E34/L34 -> 0.84 | O34: {=N34/(1/(1-(0.05)*IFERROR(XLOOKUP($H38, $T:$T, $U:$U, "N/A"), "")))} -> 0.84 | P34: =IFERROR(INT(O34*24)&"h "&INT(MOD(O34*24,1)*60)&"m", "") -> 20h 9m
A35: {=IFERROR(XLOOKUP($H$8, '計算公式'!$B:$B, '計算公式'!J:J), "")} -> 1.8341333 | B35: {=IFERROR(XLOOKUP($H$8, '計算公式'!$B:$B, '計算公式'!K:K), "")} -> 0.54521663 | C35: {=IFERROR(XLOOKUP($H$8, '計算公式'!$B:$B, '計算公式'!L:L), "")} -> 13h 5m | D35: {=IFERROR(XLOOKUP($H$8, '計算公式'!$B:$B, '計算公式'!H:H), "")} -> 137.56 | E35: {=IFERROR(XLOOKUP($H$8, '計算公式'!$B:$B, '計算公式'!I:I), "")} -> 75 | F35: {=IFERROR(XLOOKUP($G35, ing_name, ing_energy), "")} -> 140 | G35: {=IFERROR(XLOOKUP($H38, '食譜'!$B:$B, '食譜'!$L:$L), "")} -> 萌綠玉米 | I35: {=IFERROR(XLOOKUP($G35, ing_name, ing_ico), "")} | J35: {=IFERROR(XLOOKUP($H38, '食譜'!$B:$B, '食譜'!$M:$M), "")} -> 25 | K35: =J35*F35/$G$8 -> 0.29563308 | L35: {=IFERROR(XLOOKUP($G35, ing_name, my_prod), "")} -> 120.13 | M35: =L35/E35 -> 1.6017333 | N35: =E35/L35 -> 0.62432365 | O35: {=N35/(1/(1-(0.05)*IFERROR(XLOOKUP($H38, $T:$T, $U:$U, "N/A"), "")))} -> 0.62432365 | P35: =IFERROR(INT(O35*24)&"h "&INT(MOD(O35*24,1)*60)&"m", "") -> 14h 59m
A36: {=IFERROR(XLOOKUP($H$8, '計算公式'!$B:$B, '計算公式'!O:O), "")} -> 1.3430435 | B36: {=IFERROR(XLOOKUP($H$8, '計算公式'!$B:$B, '計算公式'!P:P), "")} -> 0.74457753 | C36: {=IFERROR(XLOOKUP($H$8, '計算公式'!$B:$B, '計算公式'!Q:Q), "")} -> 17h 52m | D36: {=IFERROR(XLOOKUP($H$8, '計算公式'!$B:$B, '計算公式'!M:M), "")} -> 92.67 | E36: {=IFERROR(XLOOKUP($H$8, '計算公式'!$B:$B, '計算公式'!N:N), "")} -> 69 | F36: {=IFERROR(XLOOKUP($G36, ing_name, ing_energy), "")} -> 130 | G36: {=IFERROR(XLOOKUP($H38, '食譜'!$B:$B, '食譜'!$N:$N), "")} -> 火辣香草 | I36: {=IFERROR(XLOOKUP($G36, ing_name, ing_ico), "")} | J36: {=IFERROR(XLOOKUP($H38, '食譜'!$B:$B, '食譜'!$O:$O), "")} -> 30 | K36: =J36*F36/$G$8 -> 0.32941971 | L36: {=IFERROR(XLOOKUP($G36, ing_name, my_prod), "")} -> 112.91 | M36: =L36/E36 -> 1.6363768 | N36: =E36/L36 -> 0.61110619 | O36: {=N36/(1/(1-(0.05)*IFERROR(XLOOKUP($H38, $T:$T, $U:$U, "N/A"), "")))} -> 0.61110619 | P36: =IFERROR(INT(O36*24)&"h "&INT(MOD(O36*24,1)*60)&"m", "") -> 14h 39m
A37: {=IFERROR(XLOOKUP($H$8, '計算公式'!$B:$B, '計算公式'!T:T), "")} -> 2.3789583 | B37: {=IFERROR(XLOOKUP($H$8, '計算公式'!$B:$B, '計算公式'!U:U), "")} -> 0.42035204 | C37: {=IFERROR(XLOOKUP($H$8, '計算公式'!$B:$B, '計算公式'!V:V), "")} -> 10h 5m | D37: {=IFERROR(XLOOKUP($H$8, '計算公式'!$B:$B, '計算公式'!R:R), "")} -> 114.19 | E37: {=IFERROR(XLOOKUP($H$8, '計算公式'!$B:$B, '計算公式'!S:S), "")} -> 48 | F37: {=IFERROR(XLOOKUP($G37, ing_name, ing_energy), "")} -> 100 | G37: {=IFERROR(XLOOKUP($H38, '食譜'!$B:$B, '食譜'!P:P), "")} -> 萌綠大豆 | I37: {=IFERROR(XLOOKUP($G37, ing_name, ing_ico), "")} | J37: {=IFERROR(XLOOKUP($H38, '食譜'!$B:$B, '食譜'!$Q:$Q), "")} -> 22 | K37: =J37*F37/$G$8 -> 0.18582651 | L37: {=IFERROR(XLOOKUP($G37, ing_name, my_prod), "")} -> 109.12 | M37: =L37/E37 -> 2.2733333 | N37: =E37/L37 -> 0.4398827 | O37: {=N37/(1/(1-(0.05)*IFERROR(XLOOKUP($H38, $T:$T, $U:$U, "N/A"), "")))} -> 0.4398827 | P37: =IFERROR(INT(O37*24)&"h "&INT(MOD(O37*24,1)*60)&"m", "") -> 10h 33m
G38: {=IFERROR(XLOOKUP($H38, '食譜'!$B:$B, '食譜'!$G:$G), "")} -> 14136 | H38: =T6 -> 重踏酪梨醬脆片 | J38: =SUM(J34:J37) -> 105 | K38: 1 | L38: {=IFERROR(XLOOKUP($G38, ing_name, my_prod), "")} | N38: =sum(N34:N37) -> 2.5153125 | O38: =N38/(1/(1-(0.05)*U6)) -> 2.5153125 | P38: =IFERROR(INT(O38*24)&"h "&INT(MOD(O38*24,1)*60)&"m", "") -> 60h 22m | Q38: {=IFERROR(XLOOKUP($H38, '食譜'!$B:$B, '食譜'!$H:$H), "")*(3+U14*3)} -> 83034.6 | R38: =Q38/O38 -> 33011.643
H39: {="料理能量："&IFERROR(XLOOKUP($H38, '食譜'!$B:$B, '食譜'!$H:$H), "")} -> 料理能量：25162 | N39: 總佔位 | O39: 倍率修正 | P39: 總需時 | Q39: 總料理能量 | R39: 料理效率
K42: 食材 | L42: 日產 | M42: 超產能力 | N42: 日佔位 | O42: 隊伍 | P42: 實際運作 | Q42: 爆擊修正
A43: AP/BLD | B43: BLD/AP | C43: Time | D43: AP | E43: BLD | I43: {=LET(last_row,IFERROR(LOOKUP(2,1/('我的食材檔案'!J42:J1040<>""),ROW('我的食材檔案'!J42:J1040)),2),ing_r,INDIRECT("'我的食材檔案'!D2:D"&last_row),ico_r,INDIRECT("'我的食材檔案'!A2:A"&last_row),IFERROR(INDEX(ico_r,MATCH(H43,ing_r,0)),""))} | J43: 需 | K43: 佔比 | L43: MP | M43: MP/BLD | N43: BLD/MP | O43: {="幫獎："& IFERROR(XLOOKUP(H48, T:T, U:U, "N/A"), "")} -> 幫獎：1 | P43: Time | Q43: ="倍率："&V54 -> 倍率：
A44: {=IFERROR(XLOOKUP($H48, '計算公式'!$B:$B, '計算公式'!E:E), "")} -> 1.2122857 | B44: {=IFERROR(XLOOKUP($H48, '計算公式'!$B:$B, '計算公式'!F:F), "")} -> 0.82488805 | C44: {=IFERROR(XLOOKUP($H48, '計算公式'!$B:$B, '計算公式'!G:G), "")} -> 19h 47m | D44: {=IFERROR(XLOOKUP($H$8, '計算公式'!$B:$B, '計算公式'!C:C), "")} -> 148.65 | E44: {=IFERROR(XLOOKUP($H48, '計算公式'!$B:$B, '計算公式'!D:D), "")} -> 105 | F44: {=IFERROR(XLOOKUP($G44, ing_name, ing_energy), "")} -> 115 | G44: {=IFERROR(XLOOKUP($H48, '食譜'!$B:$B, '食譜'!$J:$J), "")} -> 特選蛋 | H44: {=IFERROR(XLOOKUP(H48, '食譜'!B:B, '食譜'!A:A), "")} | I44: {=IFERROR(XLOOKUP($G44, ing_name, ing_ico), "")} | J44: {=IFERROR(XLOOKUP($H48, '食譜'!$B:$B, '食譜'!$K:$K), "")} -> 35 | K44: =J44*F44/$G$8 -> 0.33997804 | L44: {=IFERROR(XLOOKUP($G44, ing_name, my_prod), "")} -> 91.73 | M44: =L44/E44 -> 0.87361905 | N44: =E44/L44 -> 1.1446637 | O44: {=N44/(1/(1-(0.05)*IFERROR(XLOOKUP($H48, $T:$T, $U:$U, "N/A"), "")))} -> 1.0874305 | P44: =IFERROR(INT(O44*24)&"h "&INT(MOD(O44*24,1)*60)&"m", "") -> 26h 5m
A45: {=IFERROR(XLOOKUP($H$8, '計算公式'!$B:$B, '計算公式'!J:J), "")} -> 1.8341333 | B45: {=IFERROR(XLOOKUP($H$8, '計算公式'!$B:$B, '計算公式'!K:K), "")} -> 0.54521663 | C45: {=IFERROR(XLOOKUP($H$8, '計算公式'!$B:$B, '計算公式'!L:L), "")} -> 13h 5m | D45: {=IFERROR(XLOOKUP($H$8, '計算公式'!$B:$B, '計算公式'!H:H), "")} -> 137.56 | E45: {=IFERROR(XLOOKUP($H$8, '計算公式'!$B:$B, '計算公式'!I:I), "")} -> 75 | F45: {=IFERROR(XLOOKUP($G45, ing_name, ing_energy), "")} -> 90 | G45: {=IFERROR(XLOOKUP($H48, '食譜'!$B:$B, '食譜'!$L:$L), "")} -> 特選蘋果 | I45: {=IFERROR(XLOOKUP($G45, ing_name, ing_ico), "")} | J45: {=IFERROR(XLOOKUP($H48, '食譜'!$B:$B, '食譜'!$M:$M), "")} -> 28 | K45: =J45*F45/$G$8 -> 0.21285582 | L45: {=IFERROR(XLOOKUP($G45, ing_name, my_prod), "")} -> 82.96 | M45: =L45/E45 -> 1.1061333 | N45: =E45/L45 -> 0.90405014 | O45: {=N45/(1/(1-(0.05)*IFERROR(XLOOKUP($H48, $T:$T, $U:$U, "N/A"), "")))} -> 0.85884764 | P45: =IFERROR(INT(O45*24)&"h "&INT(MOD(O45*24,1)*60)&"m", "") -> 20h 36m
A46: {=IFERROR(XLOOKUP($H$8, '計算公式'!$B:$B, '計算公式'!O:O), "")} -> 1.3430435 | B46: {=IFERROR(XLOOKUP($H$8, '計算公式'!$B:$B, '計算公式'!P:P), "")} -> 0.74457753 | C46: {=IFERROR(XLOOKUP($H$8, '計算公式'!$B:$B, '計算公式'!Q:Q), "")} -> 17h 52m | D46: {=IFERROR(XLOOKUP($H$8, '計算公式'!$B:$B, '計算公式'!M:M), "")} -> 92.67 | E46: {=IFERROR(XLOOKUP($H$8, '計算公式'!$B:$B, '計算公式'!N:N), "")} -> 69 | F46: {=IFERROR(XLOOKUP($G46, ing_name, ing_energy), "")} -> 110 | G46: {=IFERROR(XLOOKUP($H48, '食譜'!$B:$B, '食譜'!$N:$N), "")} -> 好眠番茄 | I46: {=IFERROR(XLOOKUP($G46, ing_name, ing_ico), "")} | J46: {=IFERROR(XLOOKUP($H48, '食譜'!$B:$B, '食譜'!$O:$O), "")} -> 23 | K46: =J46*F46/$G$8 -> 0.21370048 | L46: {=IFERROR(XLOOKUP($G46, ing_name, my_prod), "")} -> 98.54 | M46: =L46/E46 -> 1.4281159 | N46: =E46/L46 -> 0.70022326 | O46: {=N46/(1/(1-(0.05)*IFERROR(XLOOKUP($H48, $T:$T, $U:$U, "N/A"), "")))} -> 0.6652121 | P46: =IFERROR(INT(O46*24)&"h "&INT(MOD(O46*24,1)*60)&"m", "") -> 15h 57m
A47: {=IFERROR(XLOOKUP($H$8, '計算公式'!$B:$B, '計算公式'!T:T), "")} -> 2.3789583 | B47: {=IFERROR(XLOOKUP($H$8, '計算公式'!$B:$B, '計算公式'!U:U), "")} -> 0.42035204 | C47: {=IFERROR(XLOOKUP($H$8, '計算公式'!$B:$B, '計算公式'!V:V), "")} -> 10h 5m | D47: {=IFERROR(XLOOKUP($H$8, '計算公式'!$B:$B, '計算公式'!R:R), "")} -> 114.19 | E47: {=IFERROR(XLOOKUP($H$8, '計算公式'!$B:$B, '計算公式'!S:S), "")} -> 48 | F47: {=IFERROR(XLOOKUP($G47, ing_name, ing_energy), "")} -> 98 | G47: {=IFERROR(XLOOKUP($H48, '食譜'!$B:$B, '食譜'!P:P), "")} -> 哞哞鮮奶 | I47: {=IFERROR(XLOOKUP($G47, ing_name, ing_ico), "")} | J47: {=IFERROR(XLOOKUP($H48, '食譜'!$B:$B, '食譜'!$Q:$Q), "")} -> 18 | K47: =J47*F47/$G$8 -> 0.14899907 | L47: {=IFERROR(XLOOKUP($G47, ing_name, my_prod), "")} -> 120.82 | M47: =L47/E47 -> 2.5170833 | N47: =E47/L47 -> 0.39728522 | O47: {=N47/(1/(1-(0.05)*IFERROR(XLOOKUP($H48, $T:$T, $U:$U, "N/A"), "")))} -> 0.37742096 | P47: =IFERROR(INT(O47*24)&"h "&INT(MOD(O47*24,1)*60)&"m", "") -> 9h 3m
G48: {=IFERROR(XLOOKUP($H48, '食譜'!$B:$B, '食譜'!$G:$G), "")} -> 10839 | H48: =T7 -> 蘋果酸優格沙拉 | J48: =SUM(J44:J47) -> 104 | K48: 1 | L48: {=IFERROR(XLOOKUP($G48, ing_name, my_prod), "")} | N48: =sum(N44:N47) -> 3.1462223 | O48: =N48/(1/(1-(0.05)*U7)) -> 2.9889112 | P48: =IFERROR(INT(O48*24)&"h "&INT(MOD(O48*24,1)*60)&"m", "") -> 71h 44m | Q48: {=IFERROR(XLOOKUP($H48, '食譜'!$B:$B, '食譜'!$H:$H), "")*(3+U14*3)} -> 63666.9 | R48: =Q48/O48 -> 21301.034
H49: {="料理能量："&IFERROR(XLOOKUP($H48, '食譜'!$B:$B, '食譜'!$H:$H), "")} -> 料理能量：19293 | N49: 總佔位 | O49: 倍率修正 | P49: 總需時 | Q49: 總料理能量 | R49: 料理效率
K52: 食材 | L52: 日產 | M52: 超產能力 | N52: 日佔位 | O52: 隊伍 | P52: 實際運作 | Q52: 爆擊修正
A53: AP/BLD | B53: BLD/AP | C53: Time | D53: AP | E53: BLD | I53: {=LET(last_row,IFERROR(LOOKUP(2,1/('我的食材檔案'!J52:J1050<>""),ROW('我的食材檔案'!J52:J1050)),2),ing_r,INDIRECT("'我的食材檔案'!D2:D"&last_row),ico_r,INDIRECT("'我的食材檔案'!A2:A"&last_row),IFERROR(INDEX(ico_r,MATCH(H53,ing_r,0)),""))} | J53: 需 | K53: 佔比 | L53: MP | M53: MP/BLD | N53: BLD/MP | O53: {="幫獎："& IFERROR(XLOOKUP(H58, T:T, U:U, "N/A"), "0")} -> 幫獎：2 | P53: Time | Q53: ="倍率："& $U$14 -> 倍率：0.1
A54: {=IFERROR(XLOOKUP($H58, '計算公式'!$B:$B, '計算公式'!E:E), "")} -> 1.3594048 | B54: {=IFERROR(XLOOKUP($H58, '計算公式'!$B:$B, '計算公式'!F:F), "")} -> 0.73561608 | C54: {=IFERROR(XLOOKUP($H58, '計算公式'!$B:$B, '計算公式'!G:G), "")} -> 17h 39m | D54: {=IFERROR(XLOOKUP($H$8, '計算公式'!$B:$B, '計算公式'!C:C), "")} -> 148.65 | E54: {=IFERROR(XLOOKUP($H58, '計算公式'!$B:$B, '計算公式'!D:D), "")} -> 84 | F54: {=IFERROR(XLOOKUP($G54, ing_name, ing_energy), "")} -> 153 | G54: {=IFERROR(XLOOKUP($H58, '食譜'!$B:$B, '食譜'!$J:$J), "")} -> 醒腦咖啡豆 | H54: {=IFERROR(XLOOKUP(H58, '食譜'!B:B, '食譜'!A:A), "")} | I54: {=IFERROR(XLOOKUP($G54, ing_name, ing_ico), "")} | J54: {=IFERROR(XLOOKUP($H58, '食譜'!$B:$B, '食譜'!$K:$K), "")} -> 28 | K54: =J54*F54/$G$8 -> 0.36185489 | L54: {=IFERROR(XLOOKUP($G54, ing_name, my_prod), "")} -> 82.13 | M54: =L54/E54 -> 0.9777381 | N54: =E54/L54 -> 1.0227688 | O54: {=N54/(1/(1-(0.05)*IFERROR(XLOOKUP($H58, $T:$T, $U:$U, "N/A"), "")))} -> 0.9204919 | P54: =IFERROR(INT(O54*24)&"h "&INT(MOD(O54*24,1)*60)&"m", "") -> 22h 5m
A55: {=IFERROR(XLOOKUP($H$8, '計算公式'!$B:$B, '計算公式'!J:J), "")} -> 1.8341333 | B55: {=IFERROR(XLOOKUP($H$8, '計算公式'!$B:$B, '計算公式'!K:K), "")} -> 0.54521663 | C55: {=IFERROR(XLOOKUP($H$8, '計算公式'!$B:$B, '計算公式'!L:L), "")} -> 13h 5m | D55: {=IFERROR(XLOOKUP($H$8, '計算公式'!$B:$B, '計算公式'!H:H), "")} -> 137.56 | E55: {=IFERROR(XLOOKUP($H$8, '計算公式'!$B:$B, '計算公式'!I:I), "")} -> 75 | F55: {=IFERROR(XLOOKUP($G55, ing_name, ing_energy), "")} -> 103 | G55: {=IFERROR(XLOOKUP($H58, '食譜'!$B:$B, '食譜'!$L:$L), "")} -> 豆製肉 | I55: {=IFERROR(XLOOKUP($G55, ing_name, ing_ico), "")} | J55: {=IFERROR(XLOOKUP($H58, '食譜'!$B:$B, '食譜'!$M:$M), "")} -> 28 | K55: =J55*F55/$G$8 -> 0.24360166 | L55: {=IFERROR(XLOOKUP($G55, ing_name, my_prod), "")} -> 105.53 | M55: =L55/E55 -> 1.4070667 | N55: =E55/L55 -> 0.71069838 | O55: {=N55/(1/(1-(0.05)*IFERROR(XLOOKUP($H58, $T:$T, $U:$U, "N/A"), "")))} -> 0.63962854 | P55: =IFERROR(INT(O55*24)&"h "&INT(MOD(O55*24,1)*60)&"m", "") -> 15h 21m
A56: {=IFERROR(XLOOKUP($H$8, '計算公式'!$B:$B, '計算公式'!O:O), "")} -> 1.3430435 | B56: {=IFERROR(XLOOKUP($H$8, '計算公式'!$B:$B, '計算公式'!P:P), "")} -> 0.74457753 | C56: {=IFERROR(XLOOKUP($H$8, '計算公式'!$B:$B, '計算公式'!Q:Q), "")} -> 17h 52m | D56: {=IFERROR(XLOOKUP($H$8, '計算公式'!$B:$B, '計算公式'!M:M), "")} -> 92.67 | E56: {=IFERROR(XLOOKUP($H$8, '計算公式'!$B:$B, '計算公式'!N:N), "")} -> 69 | F56: {=IFERROR(XLOOKUP($G56, ing_name, ing_energy), "")} -> 121 | G56: {=IFERROR(XLOOKUP($H58, '食譜'!$B:$B, '食譜'!$N:$N), "")} -> 純粹油 | I56: {=IFERROR(XLOOKUP($G56, ing_name, ing_ico), "")} | J56: {=IFERROR(XLOOKUP($H58, '食譜'!$B:$B, '食譜'!$O:$O), "")} -> 22 | K56: =J56*F56/$G$8 -> 0.22485007 | L56: {=IFERROR(XLOOKUP($G56, ing_name, my_prod), "")} -> 56.61 | M56: =L56/E56 -> 0.82043478 | N56: =E56/L56 -> 1.2188659 | O56: {=N56/(1/(1-(0.05)*IFERROR(XLOOKUP($H58, $T:$T, $U:$U, "N/A"), "")))} -> 1.0969793 | P56: =IFERROR(INT(O56*24)&"h "&INT(MOD(O56*24,1)*60)&"m", "") -> 26h 19m
A57: {=IFERROR(XLOOKUP($H$8, '計算公式'!$B:$B, '計算公式'!T:T), "")} -> 2.3789583 | B57: {=IFERROR(XLOOKUP($H$8, '計算公式'!$B:$B, '計算公式'!U:U), "")} -> 0.42035204 | C57: {=IFERROR(XLOOKUP($H$8, '計算公式'!$B:$B, '計算公式'!V:V), "")} -> 10h 5m | D57: {=IFERROR(XLOOKUP($H$8, '計算公式'!$B:$B, '計算公式'!R:R), "")} -> 114.19 | E57: {=IFERROR(XLOOKUP($H$8, '計算公式'!$B:$B, '計算公式'!S:S), "")} -> 48 | F57: {=IFERROR(XLOOKUP($G57, ing_name, ing_energy), "")} -> 124 | G57: {=IFERROR(XLOOKUP($H58, '食譜'!$B:$B, '食譜'!P:P), "")} -> 窩心洋芋 | I57: {=IFERROR(XLOOKUP($G57, ing_name, ing_ico), "")} | J57: {=IFERROR(XLOOKUP($H58, '食譜'!$B:$B, '食譜'!$Q:$Q), "")} -> 22 | K57: =J57*F57/$G$8 -> 0.23042487 | L57: {=IFERROR(XLOOKUP($G57, ing_name, my_prod), "")} -> 90.57 | M57: =L57/E57 -> 1.886875 | N57: =E57/L57 -> 0.52997681 | O57: {=N57/(1/(1-(0.05)*IFERROR(XLOOKUP($H58, $T:$T, $U:$U, "N/A"), "")))} -> 0.47697913 | P57: =IFERROR(INT(O57*24)&"h "&INT(MOD(O57*24,1)*60)&"m", "") -> 11h 26m
G58: {=IFERROR(XLOOKUP($H58, '食譜'!$B:$B, '食譜'!$G:$G), "")} -> 12558 | H58: =T8 -> 不服輸咖啡沙拉 | J58: =SUM(J54:J57) -> 100 | K58: 1 | L58: {=IFERROR(XLOOKUP($G58, ing_name, my_prod), "")} | N58: =sum(N54:N57) -> 3.4823099 | O58: =N58/(1/(1-(0.05)*U8)) -> 3.1340789 | P58: =IFERROR(INT(O58*24)&"h "&INT(MOD(O58*24,1)*60)&"m", "") -> 75h 13m | Q58: {=IFERROR(XLOOKUP($H58, '食譜'!$B:$B, '食譜'!$H:$H), "")*(3+U14*3)} -> 66719.4 | R58: =Q58/O58 -> 21288.36
H59: {="料理能量："&IFERROR(XLOOKUP($H58, '食譜'!$B:$B, '食譜'!$H:$H), "")} -> 料理能量：20218 | N59: 總佔位 | O59: 倍率修正 | P59: 總需時 | Q59: 總料理能量 | R59: 料理效率
K62: 食材 | L62: 日產 | M62: 超產能力 | N62: 日佔位 | O62: 隊伍 | P62: 實際運作 | Q62: 爆擊修正
A63: AP/BLD | B63: BLD/AP | C63: Time | D63: AP | E63: BLD | I63: {=LET(last_row,IFERROR(LOOKUP(2,1/('我的食材檔案'!J62:J1060<>""),ROW('我的食材檔案'!J62:J1060)),2),ing_r,INDIRECT("'我的食材檔案'!D2:D"&last_row),ico_r,INDIRECT("'我的食材檔案'!A2:A"&last_row),IFERROR(INDEX(ico_r,MATCH(H63,ing_r,0)),""))} | J63: 需 | K63: 佔比 | L63: MP | M63: MP/BLD | N63: BLD/MP | O63: {="幫獎："& IFERROR(XLOOKUP(H68, T:T, U:U, "N/A"), "0")} -> 幫獎：1 | P63: Time | Q63: ="倍率："& $U$14 -> 倍率：0.1
A64: {=IFERROR(XLOOKUP($H68, '計算公式'!$B:$B, '計算公式'!E:E), "")} -> 1.3734211 | B64: {=IFERROR(XLOOKUP($H68, '計算公式'!$B:$B, '計算公式'!F:F), "")} -> 0.72810883 | C64: {=IFERROR(XLOOKUP($H68, '計算公式'!$B:$B, '計算公式'!G:G), "")} -> 17h 28m | D64: {=IFERROR(XLOOKUP($H$8, '計算公式'!$B:$B, '計算公式'!C:C), "")} -> 148.65 | E64: {=IFERROR(XLOOKUP($H68, '計算公式'!$B:$B, '計算公式'!D:D), "")} -> 114 | F64: {=IFERROR(XLOOKUP($G64, ing_name, ing_energy), "")} -> 101 | G64: {=IFERROR(XLOOKUP($H68, '食譜'!$B:$B, '食譜'!$J:$J), "")} -> 甜甜蜜 | H64: {=IFERROR(XLOOKUP(H68, '食譜'!B:B, '食譜'!A:A), "")} | I64: {=IFERROR(XLOOKUP($G64, ing_name, ing_ico), "")} | J64: {=IFERROR(XLOOKUP($H68, '食譜'!$B:$B, '食譜'!$K:$K), "")} -> 38 | K64: =J64*F64/$G$8 -> 0.32418279 | L64: {=IFERROR(XLOOKUP($G64, ing_name, my_prod), "")} -> 146.31 | M64: =L64/E64 -> 1.2834211 | N64: =E64/L64 -> 0.77916752 | O64: {=N64/(1/(1-(0.05)*IFERROR(XLOOKUP($H68, $T:$T, $U:$U, "N/A"), "")))} -> 0.74020915 | P64: =IFERROR(INT(O64*24)&"h "&INT(MOD(O64*24,1)*60)&"m", "") -> 17h 45m
A65: {=IFERROR(XLOOKUP($H$8, '計算公式'!$B:$B, '計算公式'!J:J), "")} -> 1.8341333 | B65: {=IFERROR(XLOOKUP($H$8, '計算公式'!$B:$B, '計算公式'!K:K), "")} -> 0.54521663 | C65: {=IFERROR(XLOOKUP($H$8, '計算公式'!$B:$B, '計算公式'!L:L), "")} -> 13h 5m | D65: {=IFERROR(XLOOKUP($H$8, '計算公式'!$B:$B, '計算公式'!H:H), "")} -> 137.56 | E65: {=IFERROR(XLOOKUP($H$8, '計算公式'!$B:$B, '計算公式'!I:I), "")} -> 75 | F65: {=IFERROR(XLOOKUP($G65, ing_name, ing_energy), "")} -> 140 | G65: {=IFERROR(XLOOKUP($H68, '食譜'!$B:$B, '食譜'!$L:$L), "")} -> 萌綠玉米 | I65: {=IFERROR(XLOOKUP($G65, ing_name, ing_ico), "")} | J65: {=IFERROR(XLOOKUP($H68, '食譜'!$B:$B, '食譜'!$M:$M), "")} -> 28 | K65: =J65*F65/$G$8 -> 0.33110905 | L65: {=IFERROR(XLOOKUP($G65, ing_name, my_prod), "")} -> 120.13 | M65: =L65/E65 -> 1.6017333 | N65: =E65/L65 -> 0.62432365 | O65: {=N65/(1/(1-(0.05)*IFERROR(XLOOKUP($H68, $T:$T, $U:$U, "N/A"), "")))} -> 0.59310747 | P65: =IFERROR(INT(O65*24)&"h "&INT(MOD(O65*24,1)*60)&"m", "") -> 14h 14m
A66: {=IFERROR(XLOOKUP($H$8, '計算公式'!$B:$B, '計算公式'!O:O), "")} -> 1.3430435 | B66: {=IFERROR(XLOOKUP($H$8, '計算公式'!$B:$B, '計算公式'!P:P), "")} -> 0.74457753 | C66: {=IFERROR(XLOOKUP($H$8, '計算公式'!$B:$B, '計算公式'!Q:Q), "")} -> 17h 52m | D66: {=IFERROR(XLOOKUP($H$8, '計算公式'!$B:$B, '計算公式'!M:M), "")} -> 92.67 | E66: {=IFERROR(XLOOKUP($H$8, '計算公式'!$B:$B, '計算公式'!N:N), "")} -> 69 | F66: {=IFERROR(XLOOKUP($G66, ing_name, ing_energy), "")} -> 121 | G66: {=IFERROR(XLOOKUP($H68, '食譜'!$B:$B, '食譜'!$N:$N), "")} -> 純粹油 | I66: {=IFERROR(XLOOKUP($G66, ing_name, ing_ico), "")} | J66: {=IFERROR(XLOOKUP($H68, '食譜'!$B:$B, '食譜'!$O:$O), "")} -> 28 | K66: =J66*F66/$G$8 -> 0.28617282 | L66: {=IFERROR(XLOOKUP($G66, ing_name, my_prod), "")} -> 56.61 | M66: =L66/E66 -> 0.82043478 | N66: =E66/L66 -> 1.2188659 | O66: {=N66/(1/(1-(0.05)*IFERROR(XLOOKUP($H68, $T:$T, $U:$U, "N/A"), "")))} -> 1.1579226 | P66: =IFERROR(INT(O66*24)&"h "&INT(MOD(O66*24,1)*60)&"m", "") -> 27h 47m
A67: {=IFERROR(XLOOKUP($H$8, '計算公式'!$B:$B, '計算公式'!T:T), "")} -> 2.3789583 | B67: {=IFERROR(XLOOKUP($H$8, '計算公式'!$B:$B, '計算公式'!U:U), "")} -> 0.42035204 | C67: {=IFERROR(XLOOKUP($H$8, '計算公式'!$B:$B, '計算公式'!V:V), "")} -> 10h 5m | D67: {=IFERROR(XLOOKUP($H$8, '計算公式'!$B:$B, '計算公式'!R:R), "")} -> 114.19 | E67: {=IFERROR(XLOOKUP($H$8, '計算公式'!$B:$B, '計算公式'!S:S), "")} -> 48 | F67: {=IFERROR(XLOOKUP($G67, ing_name, ing_energy), "")} -> 151 | G67: {=IFERROR(XLOOKUP($H68, '食譜'!$B:$B, '食譜'!P:P), "")} -> 放鬆可可 | I67: {=IFERROR(XLOOKUP($G67, ing_name, ing_ico), "")} | J67: {=IFERROR(XLOOKUP($H68, '食譜'!$B:$B, '食譜'!$Q:$Q), "")} -> 21 | K67: =J67*F67/$G$8 -> 0.26784357 | L67: {=IFERROR(XLOOKUP($G67, ing_name, my_prod), "")} -> 76.86 | M67: =L67/E67 -> 1.60125 | N67: =E67/L67 -> 0.6245121 | O67: {=N67/(1/(1-(0.05)*IFERROR(XLOOKUP($H68, $T:$T, $U:$U, "N/A"), "")))} -> 0.59328649 | P67: =IFERROR(INT(O67*24)&"h "&INT(MOD(O67*24,1)*60)&"m", "") -> 14h 14m
G68: {=IFERROR(XLOOKUP($H68, '食譜'!$B:$B, '食譜'!$G:$G), "")} -> 14317 | H68: =T9 -> 採蜜巧克力格子鬆餅 | J68: =SUM(J64:J67) -> 115 | K68: 1 | L68: {=IFERROR(XLOOKUP($G68, ing_name, my_prod), "")} | N68: =sum(N64:N67) -> 3.2468692 | O68: =N68/(1/(1-(0.05)*U9)) -> 3.0845257 | P68: =IFERROR(INT(O68*24)&"h "&INT(MOD(O68*24,1)*60)&"m", "") -> 74h 1m | Q68: {=IFERROR(XLOOKUP($H68, '食譜'!$B:$B, '食譜'!$H:$H), "")*(3+U14*3)} -> 84097.2 | R68: =Q68/O68 -> 27264.224
H69: {="料理能量："&IFERROR(XLOOKUP($H68, '食譜'!$B:$B, '食譜'!$H:$H), "")} -> 料理能量：25484 | N69: 總佔位 | O69: 倍率修正 | P69: 總需時 | Q69: 總料理能量 | R69: 料理效率
K72: 食材 | L72: 日產 | M72: 超產能力 | N72: 日佔位 | O72: 隊伍 | P72: 實際運作 | Q72: 爆擊修正
A73: AP/BLD | B73: BLD/AP | C73: Time | D73: AP | E73: BLD | I73: {=LET(last_row,IFERROR(LOOKUP(2,1/('我的食材檔案'!J72:J1070<>""),ROW('我的食材檔案'!J72:J1070)),2),ing_r,INDIRECT("'我的食材檔案'!D2:D"&last_row),ico_r,INDIRECT("'我的食材檔案'!A2:A"&last_row),IFERROR(INDEX(ico_r,MATCH(H73,ing_r,0)),""))} | J73: 需 | K73: 佔比 | L73: MP | M73: MP/BLD | N73: BLD/MP | O73: {="幫獎："& IFERROR(XLOOKUP(H78, T:T, U:U, "N/A"), "0")} -> 幫獎：2 | P73: Time | Q73: ="倍率："& $U$14 -> 倍率：0.1
A74: {=IFERROR(XLOOKUP($H78, '計算公式'!$B:$B, '計算公式'!E:E), "")} -> 1.1675926 | B74: {=IFERROR(XLOOKUP($H78, '計算公式'!$B:$B, '計算公式'!F:F), "")} -> 0.85646312 | C74: {=IFERROR(XLOOKUP($H78, '計算公式'!$B:$B, '計算公式'!G:G), "")} -> 20h 33m | D74: {=IFERROR(XLOOKUP($H$8, '計算公式'!$B:$B, '計算公式'!C:C), "")} -> 148.65 | E74: {=IFERROR(XLOOKUP($H78, '計算公式'!$B:$B, '計算公式'!D:D), "")} -> 54 | F74: {=IFERROR(XLOOKUP($G74, ing_name, ing_energy), "")} -> 250 | G74: {=IFERROR(XLOOKUP($H78, '食譜'!$B:$B, '食譜'!$J:$J), "")} -> 沉甸甸南瓜 | H74: {=IFERROR(XLOOKUP(H78, '食譜'!B:B, '食譜'!A:A), "")} | I74: {=IFERROR(XLOOKUP($G74, ing_name, ing_ico), "")} | J74: {=IFERROR(XLOOKUP($H78, '食譜'!$B:$B, '食譜'!$K:$K), "")} -> 18 | K74: =J74*F74/$G$8 -> 0.38009967 | L74: {=IFERROR(XLOOKUP($G74, ing_name, my_prod), "")} -> 1 | M74: =L74/E74 -> 0.018518519 | N74: =E74/L74 -> 54 | O74: {=N74/(1/(1-(0.05)*IFERROR(XLOOKUP($H78, $T:$T, $U:$U, "N/A"), "")))} -> 48.6 | P74: =IFERROR(INT(O74*24)&"h "&INT(MOD(O74*24,1)*60)&"m", "") -> 1166h 23m
A75: {=IFERROR(XLOOKUP($H$8, '計算公式'!$B:$B, '計算公式'!J:J), "")} -> 1.8341333 | B75: {=IFERROR(XLOOKUP($H$8, '計算公式'!$B:$B, '計算公式'!K:K), "")} -> 0.54521663 | C75: {=IFERROR(XLOOKUP($H$8, '計算公式'!$B:$B, '計算公式'!L:L), "")} -> 13h 5m | D75: {=IFERROR(XLOOKUP($H$8, '計算公式'!$B:$B, '計算公式'!H:H), "")} -> 137.56 | E75: {=IFERROR(XLOOKUP($H$8, '計算公式'!$B:$B, '計算公式'!I:I), "")} -> 75 | F75: {=IFERROR(XLOOKUP($G75, ing_name, ing_energy), "")} -> 115 | G75: {=IFERROR(XLOOKUP($H78, '食譜'!$B:$B, '食譜'!$L:$L), "")} -> 特選蛋 | I75: {=IFERROR(XLOOKUP($G75, ing_name, ing_ico), "")} | J75: {=IFERROR(XLOOKUP($H78, '食譜'!$B:$B, '食譜'!$M:$M), "")} -> 24 | K75: =J75*F75/$G$8 -> 0.2331278 | L75: {=IFERROR(XLOOKUP($G75, ing_name, my_prod), "")} -> 91.73 | M75: =L75/E75 -> 1.2230667 | N75: =E75/L75 -> 0.81761692 | O75: {=N75/(1/(1-(0.05)*IFERROR(XLOOKUP($H78, $T:$T, $U:$U, "N/A"), "")))} -> 0.73585523 | P75: =IFERROR(INT(O75*24)&"h "&INT(MOD(O75*24,1)*60)&"m", "") -> 17h 39m
A76: {=IFERROR(XLOOKUP($H$8, '計算公式'!$B:$B, '計算公式'!O:O), "")} -> 1.3430435 | B76: {=IFERROR(XLOOKUP($H$8, '計算公式'!$B:$B, '計算公式'!P:P), "")} -> 0.74457753 | C76: {=IFERROR(XLOOKUP($H$8, '計算公式'!$B:$B, '計算公式'!Q:Q), "")} -> 17h 52m | D76: {=IFERROR(XLOOKUP($H$8, '計算公式'!$B:$B, '計算公式'!M:M), "")} -> 92.67 | E76: {=IFERROR(XLOOKUP($H$8, '計算公式'!$B:$B, '計算公式'!N:N), "")} -> 69 | F76: {=IFERROR(XLOOKUP($G76, ing_name, ing_energy), "")} -> 101 | G76: {=IFERROR(XLOOKUP($H78, '食譜'!$B:$B, '食譜'!$N:$N), "")} -> 甜甜蜜 | I76: {=IFERROR(XLOOKUP($G76, ing_name, ing_ico), "")} | J76: {=IFERROR(XLOOKUP($H78, '食譜'!$B:$B, '食譜'!$O:$O), "")} -> 32 | K76: =J76*F76/$G$8 -> 0.27299603 | L76: {=IFERROR(XLOOKUP($G76, ing_name, my_prod), "")} -> 146.31 | M76: =L76/E76 -> 2.1204348 | N76: =E76/L76 -> 0.47160139 | O76: {=N76/(1/(1-(0.05)*IFERROR(XLOOKUP($H78, $T:$T, $U:$U, "N/A"), "")))} -> 0.42444125 | P76: =IFERROR(INT(O76*24)&"h "&INT(MOD(O76*24,1)*60)&"m", "") -> 10h 11m
A77: {=IFERROR(XLOOKUP($H$8, '計算公式'!$B:$B, '計算公式'!T:T), "")} -> 2.3789583 | B77: {=IFERROR(XLOOKUP($H$8, '計算公式'!$B:$B, '計算公式'!U:U), "")} -> 0.42035204 | C77: {=IFERROR(XLOOKUP($H$8, '計算公式'!$B:$B, '計算公式'!V:V), "")} -> 10h 5m | D77: {=IFERROR(XLOOKUP($H$8, '計算公式'!$B:$B, '計算公式'!R:R), "")} -> 114.19 | E77: {=IFERROR(XLOOKUP($H$8, '計算公式'!$B:$B, '計算公式'!S:S), "")} -> 48 | F77: {=IFERROR(XLOOKUP($G77, ing_name, ing_energy), "")} -> 110 | G77: {=IFERROR(XLOOKUP($H78, '食譜'!$B:$B, '食譜'!P:P), "")} -> 好眠番茄 | I77: {=IFERROR(XLOOKUP($G77, ing_name, ing_ico), "")} | J77: {=IFERROR(XLOOKUP($H78, '食譜'!$B:$B, '食譜'!$Q:$Q), "")} -> 29 | K77: =J77*F77/$G$8 -> 0.26944843 | L77: {=IFERROR(XLOOKUP($G77, ing_name, my_prod), "")} -> 98.54 | M77: =L77/E77 -> 2.0529167 | N77: =E77/L77 -> 0.48711183 | O77: {=N77/(1/(1-(0.05)*IFERROR(XLOOKUP($H78, $T:$T, $U:$U, "N/A"), "")))} -> 0.43840065 | P77: =IFERROR(INT(O77*24)&"h "&INT(MOD(O77*24,1)*60)&"m", "") -> 10h 31m
G78: {=IFERROR(XLOOKUP($H78, '食譜'!$B:$B, '食譜'!$G:$G), "")} -> 13682 | H78: =T10 -> 心跳加速鬼面鬆餅 | J78: =SUM(J74:J77) -> 103 | K78: 1 | L78: {=IFERROR(XLOOKUP($G78, ing_name, my_prod), "")} | N78: =sum(N74:N77) -> 55.77633 | O78: =N78/(1/(1-(0.05)*U10)) -> 50.198697 | P78: =IFERROR(INT(O78*24)&"h "&INT(MOD(O78*24,1)*60)&"m", "") -> 1204h 46m | Q78: {=IFERROR(XLOOKUP($H78, '食譜'!$B:$B, '食譜'!$H:$H), "")*(3+U14*3)} -> 80368.2 | R78: =Q78/O78 -> 1601.0017
H79: {="料理能量："&IFERROR(XLOOKUP($H78, '食譜'!$B:$B, '食譜'!$H:$H), "")} -> 料理能量：24354 | N79: 總佔位 | O79: 倍率修正 | P79: 總需時 | Q79: 總料理能量 | R79: 料理效率
K82: 食材 | L82: 日產 | M82: 超產能力 | N82: 日佔位 | O82: 隊伍 | P82: 實際運作 | Q82: 爆擊修正
A83: AP/BLD | B83: BLD/AP | C83: Time | D83: AP | E83: BLD | I83: {=LET(last_row,IFERROR(LOOKUP(2,1/('我的食材檔案'!J82:J1080<>""),ROW('我的食材檔案'!J82:J1080)),2),ing_r,INDIRECT("'我的食材檔案'!D2:D"&last_row),ico_r,INDIRECT("'我的食材檔案'!A2:A"&last_row),IFERROR(INDEX(ico_r,MATCH(H83,ing_r,0)),""))} | J83: 需 | K83: 佔比 | L83: MP | M83: MP/BLD | N83: BLD/MP | O83: {="幫獎："& IFERROR(XLOOKUP(H88, T:T, U:U, "N/A"), "0")} -> 幫獎：0 | P83: Time | Q83: ="倍率："& $U$14 -> 倍率：0.1
A84: {=IFERROR(XLOOKUP($H88, '計算公式'!$B:$B, '計算公式'!E:E), "")} -> 1.0947778 | B84: {=IFERROR(XLOOKUP($H88, '計算公式'!$B:$B, '計算公式'!F:F), "")} -> 0.91342738 | C84: {=IFERROR(XLOOKUP($H88, '計算公式'!$B:$B, '計算公式'!G:G), "")} -> 21h 55m | D84: {=IFERROR(XLOOKUP($H$8, '計算公式'!$B:$B, '計算公式'!C:C), "")} -> 148.65 | E84: {=IFERROR(XLOOKUP($H88, '計算公式'!$B:$B, '計算公式'!D:D), "")} -> 90 | F84: {=IFERROR(XLOOKUP($G84, ing_name, ing_energy), "")} -> 151 | G84: {=IFERROR(XLOOKUP($H88, '食譜'!$B:$B, '食譜'!$J:$J), "")} -> 放鬆可可 | H84: {=IFERROR(XLOOKUP(H88, '食譜'!B:B, '食譜'!A:A), "")} | I84: {=IFERROR(XLOOKUP($G84, ing_name, ing_ico), "")} | J84: {=IFERROR(XLOOKUP($H88, '食譜'!$B:$B, '食譜'!$K:$K), "")} -> 30 | K84: =J84*F84/$G$8 -> 0.38263367 | L84: {=IFERROR(XLOOKUP($G84, ing_name, my_prod), "")} -> 76.86 | M84: =L84/E84 -> 0.854 | N84: =E84/L84 -> 1.1709602 | O84: {=N84/(1/(1-(0.05)*IFERROR(XLOOKUP($H88, $T:$T, $U:$U, "N/A"), "")))} -> 1.1709602 | P84: =IFERROR(INT(O84*24)&"h "&INT(MOD(O84*24,1)*60)&"m", "") -> 28h 6m
A85: {=IFERROR(XLOOKUP($H$8, '計算公式'!$B:$B, '計算公式'!J:J), "")} -> 1.8341333 | B85: {=IFERROR(XLOOKUP($H$8, '計算公式'!$B:$B, '計算公式'!K:K), "")} -> 0.54521663 | C85: {=IFERROR(XLOOKUP($H$8, '計算公式'!$B:$B, '計算公式'!L:L), "")} -> 13h 5m | D85: {=IFERROR(XLOOKUP($H$8, '計算公式'!$B:$B, '計算公式'!H:H), "")} -> 137.56 | E85: {=IFERROR(XLOOKUP($H$8, '計算公式'!$B:$B, '計算公式'!I:I), "")} -> 75 | F85: {=IFERROR(XLOOKUP($G85, ing_name, ing_energy), "")} -> 98 | G85: {=IFERROR(XLOOKUP($H88, '食譜'!$B:$B, '食譜'!$L:$L), "")} -> 哞哞鮮奶 | I85: {=IFERROR(XLOOKUP($G85, ing_name, ing_ico), "")} | J85: {=IFERROR(XLOOKUP($H88, '食譜'!$B:$B, '食譜'!$M:$M), "")} -> 26 | K85: =J85*F85/$G$8 -> 0.21522088 | L85: {=IFERROR(XLOOKUP($G85, ing_name, my_prod), "")} -> 120.82 | M85: =L85/E85 -> 1.6109333 | N85: =E85/L85 -> 0.62075815 | O85: {=N85/(1/(1-(0.05)*IFERROR(XLOOKUP($H88, $T:$T, $U:$U, "N/A"), "")))} -> 0.62075815 | P85: =IFERROR(INT(O85*24)&"h "&INT(MOD(O85*24,1)*60)&"m", "") -> 14h 53m
A86: {=IFERROR(XLOOKUP($H$8, '計算公式'!$B:$B, '計算公式'!O:O), "")} -> 1.3430435 | B86: {=IFERROR(XLOOKUP($H$8, '計算公式'!$B:$B, '計算公式'!P:P), "")} -> 0.74457753 | C86: {=IFERROR(XLOOKUP($H$8, '計算公式'!$B:$B, '計算公式'!Q:Q), "")} -> 17h 52m | D86: {=IFERROR(XLOOKUP($H$8, '計算公式'!$B:$B, '計算公式'!M:M), "")} -> 92.67 | E86: {=IFERROR(XLOOKUP($H$8, '計算公式'!$B:$B, '計算公式'!N:N), "")} -> 69 | F86: {=IFERROR(XLOOKUP($G86, ing_name, ing_energy), "")} -> 153 | G86: {=IFERROR(XLOOKUP($H88, '食譜'!$B:$B, '食譜'!$N:$N), "")} -> 醒腦咖啡豆 | I86: {=IFERROR(XLOOKUP($G86, ing_name, ing_ico), "")} | J86: {=IFERROR(XLOOKUP($H88, '食譜'!$B:$B, '食譜'!$O:$O), "")} -> 24 | K86: =J86*F86/$G$8 -> 0.31016133 | L86: {=IFERROR(XLOOKUP($G86, ing_name, my_prod), "")} -> 82.13 | M86: =L86/E86 -> 1.1902899 | N86: =E86/L86 -> 0.8401315 | O86: {=N86/(1/(1-(0.05)*IFERROR(XLOOKUP($H88, $T:$T, $U:$U, "N/A"), "")))} -> 0.8401315 | P86: =IFERROR(INT(O86*24)&"h "&INT(MOD(O86*24,1)*60)&"m", "") -> 20h 9m
A87: {=IFERROR(XLOOKUP($H$8, '計算公式'!$B:$B, '計算公式'!T:T), "")} -> 2.3789583 | B87: {=IFERROR(XLOOKUP($H$8, '計算公式'!$B:$B, '計算公式'!U:U), "")} -> 0.42035204 | C87: {=IFERROR(XLOOKUP($H$8, '計算公式'!$B:$B, '計算公式'!V:V), "")} -> 10h 5m | D87: {=IFERROR(XLOOKUP($H$8, '計算公式'!$B:$B, '計算公式'!R:R), "")} -> 114.19 | E87: {=IFERROR(XLOOKUP($H$8, '計算公式'!$B:$B, '計算公式'!S:S), "")} -> 48 | F87: {=IFERROR(XLOOKUP($G87, ing_name, ing_energy), "")} -> 101 | G87: {=IFERROR(XLOOKUP($H88, '食譜'!$B:$B, '食譜'!P:P), "")} -> 甜甜蜜 | I87: {=IFERROR(XLOOKUP($G87, ing_name, ing_ico), "")} | J87: {=IFERROR(XLOOKUP($H88, '食譜'!$B:$B, '食譜'!$Q:$Q), "")} -> 22 | K87: =J87*F87/$G$8 -> 0.18768477 | L87: {=IFERROR(XLOOKUP($G87, ing_name, my_prod), "")} -> 146.31 | M87: =L87/E87 -> 3.048125 | N87: =E87/L87 -> 0.32807054 | O87: {=N87/(1/(1-(0.05)*IFERROR(XLOOKUP($H88, $T:$T, $U:$U, "N/A"), "")))} -> 0.32807054 | P87: =IFERROR(INT(O87*24)&"h "&INT(MOD(O87*24,1)*60)&"m", "") -> 7h 52m
G88: {=IFERROR(XLOOKUP($H88, '食譜'!$B:$B, '食譜'!$G:$G), "")} -> 12972 | H88: =T11 -> 土王閃電泡芙 | J88: =SUM(J84:J87) -> 102 | K88: 1 | L88: {=IFERROR(XLOOKUP($G88, ing_name, my_prod), "")} | N88: =sum(N84:N87) -> 2.9599204 | O88: =N88/(1/(1-(0.05)*T87)) -> 2.9599204 | P88: =IFERROR(INT(O88*24)&"h "&INT(MOD(O88*24,1)*60)&"m", "") -> 71h 2m | Q88: {=IFERROR(XLOOKUP($H88, '食譜'!$B:$B, '食譜'!$H:$H), "")*(3+U14*3)} -> 68920.5 | R88: =Q88/O88 -> 23284.579
H89: {="料理能量："&IFERROR(XLOOKUP($H88, '食譜'!$B:$B, '食譜'!$H:$H), "")} -> 料理能量：20885 | N89: 總佔位 | O89: 倍率修正 | P89: 總需時 | Q89: 總料理能量 | R89: 料理效率
K92: 食材 | L92: 日產 | M92: 超產能力 | N92: 日佔位 | O92: 隊伍 | P92: 實際運作 | Q92: 爆擊修正
A93: AP/BLD | B93: BLD/AP | C93: Time | D93: AP | E93: BLD | I93: {=LET(last_row,IFERROR(LOOKUP(2,1/('我的食材檔案'!J92:J1090<>""),ROW('我的食材檔案'!J92:J1090)),2),ing_r,INDIRECT("'我的食材檔案'!D2:D"&last_row),ico_r,INDIRECT("'我的食材檔案'!A2:A"&last_row),IFERROR(INDEX(ico_r,MATCH(H93,ing_r,0)),""))} | J93: 需 | K93: 佔比 | L93: MP | M93: MP/BLD | N93: BLD/MP | O93: {="幫獎："& IFERROR(XLOOKUP(H98, T:T, U:U, "N/A"), "0")} -> 幫獎：0 | P93: Time | Q93: ="倍率："& $U$14 -> 倍率：0.1
A94: {=IFERROR(XLOOKUP($H98, '計算公式'!$B:$B, '計算公式'!E:E), "")} -> 1.5581905 | B94: {=IFERROR(XLOOKUP($H98, '計算公式'!$B:$B, '計算公式'!F:F), "")} -> 0.64177006 | C94: {=IFERROR(XLOOKUP($H98, '計算公式'!$B:$B, '計算公式'!G:G), "")} -> 15h 24m | D94: {=IFERROR(XLOOKUP($H$8, '計算公式'!$B:$B, '計算公式'!C:C), "")} -> 148.65 | E94: {=IFERROR(XLOOKUP($H98, '計算公式'!$B:$B, '計算公式'!D:D), "")} -> 105 | F94: {=IFERROR(XLOOKUP($G94, ing_name, ing_energy), "")} -> 90 | G94: {=IFERROR(XLOOKUP($H98, '食譜'!$B:$B, '食譜'!$J:$J), "")} -> 特選蘋果 | H94: {=IFERROR(XLOOKUP(H98, '食譜'!B:B, '食譜'!A:A), "")} | I94: {=IFERROR(XLOOKUP($G94, ing_name, ing_ico), "")} | J94: {=IFERROR(XLOOKUP($H98, '食譜'!$B:$B, '食譜'!$K:$K), "")} -> 35 | K94: =J94*F94/$G$8 -> 0.26606977 | L94: {=IFERROR(XLOOKUP($G94, ing_name, my_prod), "")} -> 82.96 | M94: =L94/E94 -> 0.79009524 | N94: =E94/L94 -> 1.2656702 | O94: {=N94/(1/(1-(0.05)*IFERROR(XLOOKUP($H98, $T:$T, $U:$U, "N/A"), "")))} -> 1.2656702 | P94: =IFERROR(INT(O94*24)&"h "&INT(MOD(O94*24,1)*60)&"m", "") -> 30h 22m
A95: {=IFERROR(XLOOKUP($H$8, '計算公式'!$B:$B, '計算公式'!J:J), "")} -> 1.8341333 | B95: {=IFERROR(XLOOKUP($H$8, '計算公式'!$B:$B, '計算公式'!K:K), "")} -> 0.54521663 | C95: {=IFERROR(XLOOKUP($H$8, '計算公式'!$B:$B, '計算公式'!L:L), "")} -> 13h 5m | D95: {=IFERROR(XLOOKUP($H$8, '計算公式'!$B:$B, '計算公式'!H:H), "")} -> 137.56 | E95: {=IFERROR(XLOOKUP($H$8, '計算公式'!$B:$B, '計算公式'!I:I), "")} -> 75 | F95: {=IFERROR(XLOOKUP($G95, ing_name, ing_energy), "")} -> 109 | G95: {=IFERROR(XLOOKUP($H98, '食譜'!$B:$B, '食譜'!$L:$L), "")} -> 暖暖薑 | I95: {=IFERROR(XLOOKUP($G95, ing_name, ing_ico), "")} | J95: {=IFERROR(XLOOKUP($H98, '食譜'!$B:$B, '食譜'!$M:$M), "")} -> 20 | K95: =J95*F95/$G$8 -> 0.18413717 | L95: {=IFERROR(XLOOKUP($G95, ing_name, my_prod), "")} -> 115.87 | M95: =L95/E95 -> 1.5449333 | N95: =E95/L95 -> 0.64727712 | O95: {=N95/(1/(1-(0.05)*IFERROR(XLOOKUP($H98, $T:$T, $U:$U, "N/A"), "")))} -> 0.64727712 | P95: =IFERROR(INT(O95*24)&"h "&INT(MOD(O95*24,1)*60)&"m", "") -> 15h 32m
A96: {=IFERROR(XLOOKUP($H$8, '計算公式'!$B:$B, '計算公式'!O:O), "")} -> 1.3430435 | B96: {=IFERROR(XLOOKUP($H$8, '計算公式'!$B:$B, '計算公式'!P:P), "")} -> 0.74457753 | C96: {=IFERROR(XLOOKUP($H$8, '計算公式'!$B:$B, '計算公式'!Q:Q), "")} -> 17h 52m | D96: {=IFERROR(XLOOKUP($H$8, '計算公式'!$B:$B, '計算公式'!M:M), "")} -> 92.67 | E96: {=IFERROR(XLOOKUP($H$8, '計算公式'!$B:$B, '計算公式'!N:N), "")} -> 69 | F96: {=IFERROR(XLOOKUP($G96, ing_name, ing_energy), "")} -> 185 | G96: {=IFERROR(XLOOKUP($H98, '食譜'!$B:$B, '食譜'!$N:$N), "")} -> 粗枝大蔥 | I96: {=IFERROR(XLOOKUP($G96, ing_name, ing_ico), "")} | J96: {=IFERROR(XLOOKUP($H98, '食譜'!$B:$B, '食譜'!$O:$O), "")} -> 20 | K96: =J96*F96/$G$8 -> 0.3125264 | L96: {=IFERROR(XLOOKUP($G96, ing_name, my_prod), "")} -> 54.58 | M96: =L96/E96 -> 0.79101449 | N96: =E96/L96 -> 1.2641993 | O96: {=N96/(1/(1-(0.05)*IFERROR(XLOOKUP($H98, $T:$T, $U:$U, "N/A"), "")))} -> 1.2641993 | P96: =IFERROR(INT(O96*24)&"h "&INT(MOD(O96*24,1)*60)&"m", "") -> 30h 20m
A97: {=IFERROR(XLOOKUP($H$8, '計算公式'!$B:$B, '計算公式'!T:T), "")} -> 2.3789583 | B97: {=IFERROR(XLOOKUP($H$8, '計算公式'!$B:$B, '計算公式'!U:U), "")} -> 0.42035204 | C97: {=IFERROR(XLOOKUP($H$8, '計算公式'!$B:$B, '計算公式'!V:V), "")} -> 10h 5m | D97: {=IFERROR(XLOOKUP($H$8, '計算公式'!$B:$B, '計算公式'!R:R), "")} -> 114.19 | E97: {=IFERROR(XLOOKUP($H$8, '計算公式'!$B:$B, '計算公式'!S:S), "")} -> 48 | F97: {=IFERROR(XLOOKUP($G97, ing_name, ing_energy), "")} -> 153 | G97: {=IFERROR(XLOOKUP($H98, '食譜'!$B:$B, '食譜'!P:P), "")} -> 醒腦咖啡豆 | I97: {=IFERROR(XLOOKUP($G97, ing_name, ing_ico), "")} | J97: {=IFERROR(XLOOKUP($H98, '食譜'!$B:$B, '食譜'!$Q:$Q), "")} -> 12 | K97: =J97*F97/$G$8 -> 0.15508067 | L97: {=IFERROR(XLOOKUP($G97, ing_name, my_prod), "")} -> 82.13 | M97: =L97/E97 -> 1.7110417 | N97: =E97/L97 -> 0.5844393 | O97: {=N97/(1/(1-(0.05)*IFERROR(XLOOKUP($H98, $T:$T, $U:$U, "N/A"), "")))} -> 0.5844393 | P97: =IFERROR(INT(O97*24)&"h "&INT(MOD(O97*24,1)*60)&"m", "") -> 14h 1m
G98: {=IFERROR(XLOOKUP($H98, '食譜'!$B:$B, '食譜'!$G:$G), "")} -> 10866 | H98: =T12 -> 電光香料可樂 | J98: =SUM(J94:J97) -> 87 | K98: 1 | L98: {=IFERROR(XLOOKUP($G98, ing_name, my_prod), "")} | N98: =sum(N94:N97) -> 3.761586 | O98: =N98/(1/(1-(0.05)*U11)) -> 3.761586 | P98: =IFERROR(INT(O98*24)&"h "&INT(MOD(O98*24,1)*60)&"m", "") -> 90h 16m | Q98: {=IFERROR(XLOOKUP($H98, '食譜'!$B:$B, '食譜'!$H:$H), "")*(3+U14*3)} -> 57730.2 | R98: =Q98/O98 -> 15347.303
H99: {="料理能量："&IFERROR(XLOOKUP($H98, '食譜'!$B:$B, '食譜'!$H:$H), "")} -> 料理能量：17494 | N99: 總佔位 | O99: 倍率修正 | P99: 總需時 | Q99: 總料理能量 | R99: 料理效率

Sheet 應用日產（AP）
A1: ='我的食材隊檔案'!D1 -> 食材名 | B1: ='我的食材隊檔案'!E1 -> 食材圖 | C1: 應用日產（AP） | D1: 應用日產(預設持有上限） | E1: 基準日產（BP）
A2: ='我的食材隊檔案'!D2 -> 粗枝大蔥 | B2: ='我的食材隊檔案'!E2 | C2: 87.81 | D2: 69.29 | E2: 43.95
A3: ='我的食材隊檔案'!D3 -> 品鮮蘑菇 | B3: ='我的食材隊檔案'!E3 | C3: 92.67 | D3: 74.32 | E3: 48.2
A4: ='我的食材隊檔案'!D4 -> 特選蛋 | B4: ='我的食材隊檔案'!E4 | C4: 127.29 | D4: 105.77 | E4: 69.26
A5: ='我的食材隊檔案'!D5 -> 窩心洋芋 | B5: ='我的食材隊檔案'!E5 | C5: 120.45 | D5: 98.51 | E5: 63.02
A6: ='我的食材隊檔案'!D6 -> 特選蘋果 | B6: ='我的食材隊檔案'!E6 | C6: 163.61 | D6: 130.79 | E6: 83.89
A7: ='我的食材隊檔案'!D7 -> 火辣香草 | B7: ='我的食材隊檔案'!E7 | C7: 168.36 | D7: 132.86 | E7: 86.34
A8: ='我的食材隊檔案'!D8 -> 豆製肉 | B8: ='我的食材隊檔案'!E8 | C8: 157.5 | D8: 125.6 | E8: 80.95
A9: ='我的食材隊檔案'!D9 -> 哞哞鮮奶 | B9: ='我的食材隊檔案'!E9 | C9: 161.87 | D9: 128.22 | E9: 82.42
A10: ='我的食材隊檔案'!D10 -> 甜甜蜜 | B10: ='我的食材隊檔案'!E10 | C10: 156.57 | D10: 124.03 | E10: 79.72
A11: ='我的食材隊檔案'!D11 -> 純粹油 | B11: ='我的食材隊檔案'!E11 | C11: 111.06 | D11: 87.83 | E11: 55.96
A12: ='我的食材隊檔案'!D12 -> 暖暖薑 | B12: ='我的食材隊檔案'!E12 | C12: 162.39 | D12: 129.81 | E12: 83.27
A13: ='我的食材隊檔案'!D13 -> 好眠番茄 | B13: ='我的食材隊檔案'!E13 | C13: 137.56 | D13: 112.11 | E13: 71.49
... A20: ='我的食材隊檔案'!D20 -> 嫩亮酪梨 | B20: ='我的食材隊檔案'!E20 | C20: 105.63 | D20: 86.56 | E20: 55.45
A21: ='我的食材隊檔案'!D21 | B21: ='我的食材隊檔案'!E21
A22: ='我的食材隊檔案'!D22 | B22: ='我的食材隊檔案'!E22
A23: ='我的食材隊檔案'!D23 | B23: ='我的食材隊檔案'!E23
A24: ='我的食材隊檔案'!D24 | B24: ='我的食材隊檔案'!E24
A25: ='我的食材隊檔案'!D25 | B25: ='我的食材隊檔案'!E25
A26: ='我的食材隊檔案'!D26 | B26: ='我的食材隊檔案'!E26
A27: ='我的食材隊檔案'!D27 | B27: ='我的食材隊檔案'!E27
A28: ='我的食材隊檔案'!D28 | B28: ='我的食材隊檔案'!E28
A29: ='我的食材隊檔案'!D29 | B29: ='我的食材隊檔案'!E29
A30: ='我的食材隊檔案'!D30 | B30: ='我的食材隊檔案'!E30

Sheet 計算公式
A1: =IFERROR(__xludf.DUMMYFUNCTION("IMPORTRANGE(""https://docs.google.com/spreadsheets/d/1byb9bvFcmGc6Kf1LTvm48va0vCE1WjTAE5QN3bReSFU/edit?gid=1761317581#gid=1761317581"", ""食譜!A:B"")"),"")
A2: =IFERROR(__xludf.DUMMYFUNCTION("""COMPUTED_VALUE"""),"圖") -> 圖 | B2: =IFERROR(__xludf.DUMMYFUNCTION("""COMPUTED_VALUE"""),"食譜名") -> 食譜名 | C2: 食材1AP | D2: 食材1BLD | E2: 食材1AP/BLD | F2: 食材1BLD/AP | G2: 食材1Time | H2: 食材2AP | I2: 食材2BLD | J2: 食材2AP/BLD | K2: 食材2BLD/AP | L2: 食材2Time | M2: 食材3AP | N2: 食材3BLD | O2: 食材3AP/BLD | P2: 食材3BLD/AP | Q2: 食材3Ttime | R2: 食材4AP | S2: 食材4BLD | T2: 食材4AP/BLD | U2: 食材4BLD/AP | V2: 食材4Time | W2: TotalTime | X2: TotalOccupiedSlot | Y2: BLDRecipeEnergy | Z2: BLDRecipeEnergy/TotalOccupiedSlot
A3: =IFERROR(__xludf.DUMMYFUNCTION("""COMPUTED_VALUE"""),"") | B3: =IFERROR(__xludf.DUMMYFUNCTION("""COMPUTED_VALUE"""),"拌拌沙拉") -> 拌拌沙拉 | C3: {=IFERROR(INDEX(applied_prod, MATCH('食譜'!J3, ing_name, 0)), "")} | D3: =IFERROR('食譜'!K3*3, "") -> 0 | E3: =IFERROR(C3/D3, "") | F3: =IFERROR(1/E3, "") | G3: =IFERROR(INT(F3*24)&"h "&INT(MOD(F3*24,1)*60)&"m", "") -> 0h 0m | H3: {=IFERROR(INDEX(applied_prod, MATCH('食譜'!L3, ing_name, 0)), "")} | I3: =IFERROR('食譜'!M3*3, "") -> 0 | J3: =IFERROR(H3/I3, "") | K3: =IFERROR(1/J3, "") | L3: =IFERROR(INT(K3*24)&"h "&INT(MOD(K3*24,1)*60)&"m", "") -> 0h 0m | M3: {=IFERROR(INDEX(applied_prod, MATCH('食譜'!N3, ing_name, 0)), "")} | N3: =IFERROR('食譜'!O3*3, "") -> 0 | O3: =IFERROR(M3/N3, "") | P3: =IFERROR(1/O3, "") | Q3: =IFERROR(INT(P3*24)&"h "&INT(MOD(P3*24,1)*60)&"m", "") -> 0h 0m | R3: {=IFERROR(INDEX(applied_prod, MATCH('食譜'!P3, ing_name, 0)), "")} | S3: =IFERROR('食譜'!Q3*3, "") -> 0 | T3: =IFERROR(R3/S3, "") | U3: =IFERROR(1/T3, "") | V3: =IFERROR(INT(U3*24)&"h "&INT(MOD(U3*24,1)*60)&"m", "") -> 0h 0m | W3: =IFERROR(INT((F3+K3+P3+U3)*24)&"h "&INT(MOD((F3+K3+P3+U3)*24,1)*60)&"m", "") -> 0h 0m | X3: =IFERROR((F3+K3+P3+U3), "") -> 0 | Y3: =IFERROR('食譜'!H3, "")*3 -> 0 | Z3: =IFERROR(Y3/X3, "")
A4: =IFERROR(__xludf.DUMMYFUNCTION("""COMPUTED_VALUE"""),"") | B4: =IFERROR(__xludf.DUMMYFUNCTION("""COMPUTED_VALUE"""),"特選蘋果沙拉") -> 特選蘋果沙拉 | C4: {=IFERROR(INDEX(applied_prod, MATCH('食譜'!J4, ing_name, 0)), "")} -> 163.61 | D4: =IFERROR('食譜'!K4*3, "") -> 24 | E4: =IFERROR(C4/D4, "") -> 6.8170833 | F4: =IFERROR(1/E4, "") -> 0.1466903 | G4: =IFERROR(INT(F4*24)&"h "&INT(MOD(F4*24,1)*60)&"m", "") -> 3h 31m | H4: {=IFERROR(INDEX(applied_prod, MATCH('食譜'!L4, ing_name, 0)), "")} | I4: =IFERROR('食譜'!M4*3, "") -> 0 | J4: =IFERROR(H4/I4, "") | K4: =IFERROR(1/J4, "") | L4: =IFERROR(INT(K4*24)&"h "&INT(MOD(K4*24,1)*60)&"m", "") -> 0h 0m | M4: {=IFERROR(INDEX(applied_prod, MATCH('食譜'!N4, ing_name, 0)), "")} | N4: =IFERROR('食譜'!O4*3, "") -> 0 | O4: =IFERROR(M4/N4, "") | P4: =IFERROR(1/O4, "") | Q4: =IFERROR(INT(P4*24)&"h "&INT(MOD(P4*24,1)*60)&"m", "") -> 0h 0m | R4: {=IFERROR(INDEX(applied_prod, MATCH('食譜'!P4, ing_name, 0)), "")} | S4: =IFERROR('食譜'!Q4*3, "") -> 0 | T4: =IFERROR(R4/S4, "") | U4: =IFERROR(1/T4, "") | V4: =IFERROR(INT(U4*24)&"h "&INT(MOD(U4*24,1)*60)&"m", "") -> 0h 0m | W4: =IFERROR(INT((F4+K4+P4+U4)*24)&"h "&INT(MOD((F4+K4+P4+U4)*24,1)*60)&"m", "") -> 3h 31m | X4: =IFERROR((F4+K4+P4+U4), "") -> 0.1466903 | Y4: =IFERROR('食譜'!H4, "")*3 -> 2565 | Z4: =IFERROR(Y4/X4, "") -> 17485.819
A5: =IFERROR(__xludf.DUMMYFUNCTION("""COMPUTED_VALUE"""),"") | B5: =IFERROR(__xludf.DUMMYFUNCTION("""COMPUTED_VALUE"""),"豆製火腿沙拉") -> 豆製火腿沙拉 | C5: {=IFERROR(INDEX(applied_prod, MATCH('食譜'!J5, ing_name, 0)), "")} -> 157.5 | D5: =IFERROR('食譜'!K5*3, "") -> 24 | E5: =IFERROR(C5/D5, "") -> 6.5625 | F5: =IFERROR(1/E5, "") -> 0.15238095 | G5: =IFERROR(INT(F5*24)&"h "&INT(MOD(F5*24,1)*60)&"m", "") -> 3h 39m | H5: {=IFERROR(INDEX(applied_prod, MATCH('食譜'!L5, ing_name, 0)), "")} | I5: =IFERROR('食譜'!M5*3, "") -> 0 | J5: =IFERROR(H5/I5, "") | K5: =IFERROR(1/J5, "") | L5: =IFERROR(INT(K5*24)&"h "&INT(MOD(K5*24,1)*60)&"m", "") -> 0h 0m | M5: {=IFERROR(INDEX(applied_prod, MATCH('食譜'!N5, ing_name, 0)), "")} | N5: =IFERROR('食譜'!O5*3, "") -> 0 | O5: =IFERROR(M5/N5, "") | P5: =IFERROR(1/O5, "") | Q5: =IFERROR(INT(P5*24)&"h "&INT(MOD(P5*24,1)*60)&"m", "") -> 0h 0m | R5: {=IFERROR(INDEX(applied_prod, MATCH('食譜'!P5, ing_name, 0)), "")} | S5: =IFERROR('食譜'!Q5*3, "") -> 0 | T5: =IFERROR(R5/S5, "") | U5: =IFERROR(1/T5, "") | V5: =IFERROR(INT(U5*24)&"h "&INT(MOD(U5*24,1)*60)&"m", "") -> 0h 0m | W5: =IFERROR(INT((F5+K5+P5+U5)*24)&"h "&INT(MOD((F5+K5+P5+U5)*24,1)*60)&"m", "") -> 3h 39m | X5: =IFERROR((F5+K5+P5+U5), "") -> 0.15238095 | Y5: =IFERROR('食譜'!H5, "")*3 -> 2934 | Z5: =IFERROR(Y5/X5, "") -> 19254.375
A6: =IFERROR(__xludf.DUMMYFUNCTION("""COMPUTED_VALUE"""),"") | B6: =IFERROR(__xludf.DUMMYFUNCTION("""COMPUTED_VALUE"""),"好眠番茄沙拉") -> 好眠番茄沙拉 | C6: {=IFERROR(INDEX(applied_prod, MATCH('食譜'!J6, ing_name, 0)), "")} -> 137.56 | D6: =IFERROR('食譜'!K6*3, "") -> 24 | E6: =IFERROR(C6/D6, "") -> 5.7316667 | F6: =IFERROR(1/E6, "") -> 0.17446932 | G6: =IFERROR(INT(F6*24)&"h "&INT(MOD(F6*24,1)*60)&"m", "") -> 4h 11m | H6: {=IFERROR(INDEX(applied_prod, MATCH('食譜'!L6, ing_name, 0)), "")} | I6: =IFERROR('食譜'!M6*3, "") -> 0 | J6: =IFERROR(H6/I6, "") | K6: =IFERROR(1/J6, "") | L6: =IFERROR(INT(K6*24)&"h "&INT(MOD(K6*24,1)*60)&"m", "") -> 0h 0m | M6: {=IFERROR(INDEX(applied_prod, MATCH('食譜'!N6, ing_name, 0)), "")} | N6: =IFERROR('食譜'!O6*3, "") -> 0 | O6: =IFERROR(M6/N6, "") | P6: =IFERROR(1/O6, "") | Q6: =IFERROR(INT(P6*24)&"h "&INT(MOD(P6*24,1)*60)&"m", "") -> 0h 0m | R6: {=IFERROR(INDEX(applied_prod, MATCH('食譜'!P6, ing_name, 0)), "")} | S6: =IFERROR('食譜'!Q6*3, "") -> 0 | T6: =IFERROR(R6/S6, "") | U6: =IFERROR(1/T6, "") | V6: =IFERROR(INT(U6*24)&"h "&INT(MOD(U6*24,1)*60)&"m", "") -> 0h 0m | W6: =IFERROR(INT((F6+K6+P6+U6)*24)&"h "&INT(MOD((F6+K6+P6+U6)*24,1)*60)&"m", "") -> 4h 11m | X6: =IFERROR((F6+K6+P6+U6), "") -> 0.17446932 | Y6: =IFERROR('食譜'!H6, "")*3 -> 3135 | Z6: =IFERROR(Y6/X6, "") -> 17968.775
A7: =IFERROR(__xludf.DUMMYFUNCTION("""COMPUTED_VALUE"""),"") | B7: =IFERROR(__xludf.DUMMYFUNCTION("""COMPUTED_VALUE"""),"撥雪凱薩沙拉") -> 撥雪凱薩沙拉 | C7: {=IFERROR(INDEX(applied_prod, MATCH('食譜'!J7, ing_name, 0)), "")} -> 161.87 | D7: =IFERROR('食譜'!K7*3, "") -> 30 | E7: =IFERROR(C7/D7, "") -> 5.3956667 | F7: =IFERROR(1/E7, "") -> 0.18533391 | G7: =IFERROR(INT(F7*24)&"h "&INT(MOD(F7*24,1)*60)&"m", "") -> 4h 26m | H7: {=IFERROR(INDEX(applied_prod, MATCH('食譜'!L7, ing_name, 0)), "")} -> 157.5 | I7: =IFERROR('食譜'!M7*3, "") -> 18 | J7: =IFERROR(H7/I7, "") -> 8.75 | K7: =IFERROR(1/J7, "") -> 0.11428571 | L7: =IFERROR(INT(K7*24)&"h "&INT(MOD(K7*24,1)*60)&"m", "") -> 2h 44m | M7: {=IFERROR(INDEX(applied_prod, MATCH('食譜'!N7, ing_name, 0)), "")} | N7: =IFERROR('食譜'!O7*3, "") -> 0 | O7: =IFERROR(M7/N7, "") | P7: =IFERROR(1/O7, "") | Q7: =IFERROR(INT(P7*24)&"h "&INT(MOD(P7*24,1)*60)&"m", "") -> 0h 0m | R7: {=IFERROR(INDEX(applied_prod, MATCH('食譜'!P7, ing_name, 0)), "")} | S7: =IFERROR('食譜'!Q7*3, "") -> 0 | T7: =IFERROR(R7/S7, "") | U7: =IFERROR(1/T7, "") | V7: =IFERROR(INT(U7*24)&"h "&INT(MOD(U7*24,1)*60)&"m", "") -> 0h 0m | W7: =IFERROR(INT((F7+K7+P7+U7)*24)&"h "&INT(MOD((F7+K7+P7+U7)*24,1)*60)&"m", "") -> 7h 11m | X7: =IFERROR((F7+K7+P7+U7), "") -> 0.29961962 | Y7: =IFERROR('食譜'!H7, "")*3 -> 5694 | Z7: =IFERROR(Y7/X7, "") -> 19004.096
A8: =IFERROR(__xludf.DUMMYFUNCTION("""COMPUTED_VALUE"""),"") | B8: =IFERROR(__xludf.DUMMYFUNCTION("""COMPUTED_VALUE"""),"熱風豆腐沙拉") -> 熱風豆腐沙拉 | C8: {=IFERROR(INDEX(applied_prod, MATCH('食譜'!J8, ing_name, 0)), "")} -> 148.65 | D8: =IFERROR('食譜'!K8*3, "") -> 30 | E8: =IFERROR(C8/D8, "") -> 4.955 | F8: =IFERROR(1/E8, "") -> 0.20181635 | G8: =IFERROR(INT(F8*24)&"h "&INT(MOD(F8*24,1)*60)&"m", "") -> 4h 50m | H8: {=IFERROR(INDEX(applied_prod, MATCH('食譜'!L8, ing_name, 0)), "")} -> 168.36 | I8: =IFERROR('食譜'!M8*3, "") -> 18 | J8: =IFERROR(H8/I8, "") -> 9.3533333 | K8: =IFERROR(1/J8, "") -> 0.10691376 | L8: =IFERROR(INT(K8*24)&"h "&INT(MOD(K8*24,1)*60)&"m", "") -> 2h 33m | M8: {=IFERROR(INDEX(applied_prod, MATCH('食譜'!N8, ing_name, 0)), "")} | N8: =IFERROR('食譜'!O8*3, "") -> 0 | O8: =IFERROR(M8/N8, "") | P8: =IFERROR(1/O8, "") | Q8: =IFERROR(INT(P8*24)&"h "&INT(MOD(P8*24,1)*60)&"m", "") -> 0h 0m | R8: {=IFERROR(INDEX(applied_prod, MATCH('食譜'!P8, ing_name, 0)), "")} | S8: =IFERROR('食譜'!Q8*3, "") -> 0 | T8: =IFERROR(R8/S8, "") | U8: =IFERROR(1/T8, "") | V8: =IFERROR(INT(U8*24)&"h "&INT(MOD(U8*24,1)*60)&"m", "") -> 0h 0m | W8: =IFERROR(INT((F8+K8+P8+U8)*24)&"h "&INT(MOD((F8+K8+P8+U8)*24,1)*60)&"m", "") -> 7h 24m | X8: =IFERROR((F8+K8+P8+U8), "") -> 0.3087301 | Y8: =IFERROR('食譜'!H8, "")*3 -> 6342 | Z8: =IFERROR(Y8/X8, "") -> 20542.214
A9: =IFERROR(__xludf.DUMMYFUNCTION("""COMPUTED_VALUE"""),"") | B9: =IFERROR(__xludf.DUMMYFUNCTION("""COMPUTED_VALUE"""),"迷人蘋果起司沙拉") -> 迷人蘋果起司沙拉 | C9: {=IFERROR(INDEX(applied_prod, MATCH('食譜'!J9, ing_name, 0)), "")} -> 163.61 | D9: =IFERROR('食譜'!K9*3, "") -> 45 | E9: =IFERROR(C9/D9, "") -> 3.6357778 | F9: =IFERROR(1/E9, "") -> 0.27504431 | G9: =IFERROR(INT(F9*24)&"h "&INT(MOD(F9*24,1)*60)&"m", "") -> 6h 36m | H9: {=IFERROR(INDEX(applied_prod, MATCH('食譜'!L9, ing_name, 0)), "")} -> 161.87 | I9: =IFERROR('食譜'!M9*3, "") -> 15 | J9: =IFERROR(H9/I9, "") -> 10.791333 | K9: =IFERROR(1/J9, "") -> 0.092666955 | L9: =IFERROR(INT(K9*24)&"h "&INT(MOD(K9*24,1)*60)&"m", "") -> 2h 13m | M9: {=IFERROR(INDEX(applied_prod, MATCH('食譜'!N9, ing_name, 0)), "")} -> 111.06 | N9: =IFERROR('食譜'!O9*3, "") -> 9 | O9: =IFERROR(M9/N9, "") -> 12.34 | P9: =IFERROR(1/O9, "") -> 0.081037277 | Q9: =IFERROR(INT(P9*24)&"h "&INT(MOD(P9*24,1)*60)&"m", "") -> 1h 56m | R9: {=IFERROR(INDEX(applied_prod, MATCH('食譜'!P9, ing_name, 0)), "")} | S9: =IFERROR('食譜'!Q9*3, "") -> 0 | T9: =IFERROR(R9/S9, "") | U9: =IFERROR(1/T9, "") | V9: =IFERROR(INT(U9*24)&"h "&INT(MOD(U9*24,1)*60)&"m", "") -> 0h 0m | W9: =IFERROR(INT((F9+K9+P9+U9)*24)&"h "&INT(MOD((F9+K9+P9+U9)*24,1)*60)&"m", "") -> 10h 46m | X9: =IFERROR((F9+K9+P9+U9), "") -> 0.44874854 | Y9: =IFERROR('食譜'!H9, "")*3 -> 7965 | Z9: =IFERROR(Y9/X9, "") -> 17749.361
A10: =IFERROR(__xludf.DUMMYFUNCTION("""COMPUTED_VALUE"""),"") | B10: =IFERROR(__xludf.DUMMYFUNCTION("""COMPUTED_VALUE"""),"亂擊玉米沙拉") -> 亂擊玉米沙拉 | C10: {=IFERROR(INDEX(applied_prod, MATCH('食譜'!J10, ing_name, 0)), "")} -> 134.79 | D10: =IFERROR('食譜'!K10*3, "") -> 27 | E10: =IFERROR(C10/D10, "") -> 4.9922222 | F10: =IFERROR(1/E10, "") -> 0.2003116 | G10: =IFERROR(INT(F10*24)&"h "&INT(MOD(F10*24,1)*60)&"m", "") -> 4h 48m | H10: {=IFERROR(INDEX(applied_prod, MATCH('食譜'!L10, ing_name, 0)), "")} -> 111.06 | I10: =IFERROR('食譜'!M10*3, "") -> 24 | J10: =IFERROR(H10/I10, "") -> 4.6275 | K10: =IFERROR(1/J10, "") -> 0.21609941 | L10: =IFERROR(INT(K10*24)&"h "&INT(MOD(K10*24,1)*60)&"m", "") -> 5h 11m | M10: {=IFERROR(INDEX(applied_prod, MATCH('食譜'!N10, ing_name, 0)), "")} | N10: =IFERROR('食譜'!O10*3, "") -> 0 | O10: =IFERROR(M10/N10, "") | P10: =IFERROR(1/O10, "") | Q10: =IFERROR(INT(P10*24)&"h "&INT(MOD(P10*24,1)*60)&"m", "") -> 0h 0m | R10: {=IFERROR(INDEX(applied_prod, MATCH('食譜'!P10, ing_name, 0)), "")} | S10: =IFERROR('食譜'!Q10*3, "") -> 0 | T10: =IFERROR(R10/S10, "") | U10: =IFERROR(1/T10, "") | V10: =IFERROR(INT(U10*24)&"h "&INT(MOD(U10*24,1)*60)&"m", "") -> 0h 0m | W10: =IFERROR(INT((F10+K10+P10+U10)*24)&"h "&INT(MOD((F10+K10+P10+U10)*24,1)*60)&"m", "") -> 9h 59m | X10: =IFERROR((F10+K10+P10+U10), "") -> 0.416411 | Y10: =IFERROR('食譜'!H10, "")*3 -> 8355 | Z10: =IFERROR(Y10/X10, "") -> 20064.311
A11: =IFERROR(__xludf.DUMMYFUNCTION("""COMPUTED_VALUE"""),"") | B11: =IFERROR(__xludf.DUMMYFUNCTION("""COMPUTED_VALUE"""),"免疫蔥花沙拉") -> 免疫蔥花沙拉 | C11: {=IFERROR(INDEX(applied_prod, MATCH('食譜'!J11, ing_name, 0)), "")} -> 87.81 | D11: =IFERROR('食譜'!K11*3, "") -> 30 | E11: =IFERROR(C11/D11, "") -> 2.927 | F11: =IFERROR(1/E11, "") -> 0.34164674 | G11: =IFERROR(INT(F11*24)&"h "&INT(MOD(F11*24,1)*60)&"m", "") -> 8h 11m | H11: {=IFERROR(INDEX(applied_prod, MATCH('食譜'!L11, ing_name, 0)), "")} -> 162.39 | I11: =IFERROR('食譜'!M11*3, "") -> 15 | J11: =IFERROR(H11/I11, "") -> 10.826 | K11: =IFERROR(1/J11, "") -> 0.09237022 | L11: =IFERROR(INT(K11*24)&"h "&INT(MOD(K11*24,1)*60)&"m", "") -> 2h 13m | M11: {=IFERROR(INDEX(applied_prod, MATCH('食譜'!N11, ing_name, 0)), "")} | N11: =IFERROR('食譜'!O11*3, "") -> 0 | O11: =IFERROR(M11/N11, "") | P11: =IFERROR(1/O11, "") | Q11: =IFERROR(INT(P11*24)&"h "&INT(MOD(P11*24,1)*60)&"m", "") -> 0h 0m | R11: {=IFERROR(INDEX(applied_prod, MATCH('食譜'!P11, ing_name, 0)), "")} | S11: =IFERROR('食譜'!Q11*3, "") -> 0 | T11: =IFERROR(R11/S11, "") | U11: =IFERROR(1/T11, "") | V11: =IFERROR(INT(U11*24)&"h "&INT(MOD(U11*24,1)*60)&"m", "") -> 0h 0m | W11: =IFERROR(INT((F11+K11+P11+U11)*24)&"h "&INT(MOD((F11+K11+P11+U11)*24,1)*60)&"m", "") -> 10h 24m | X11: =IFERROR((F11+K11+P11+U11), "") -> 0.43401696 | Y11: =IFERROR('食譜'!H11, "")*3 -> 8535 | Z11: =IFERROR(Y11/X11, "") -> 19665.13
A12: =IFERROR(__xludf.DUMMYFUNCTION("""COMPUTED_VALUE"""),"") | B12: =IFERROR(__xludf.DUMMYFUNCTION("""COMPUTED_VALUE"""),"哞哞起司番茄沙拉") -> 哞哞起司番茄沙拉 | C12: {=IFERROR(INDEX(applied_prod, MATCH('食譜'!J12, ing_name, 0)), "")} -> 161.87 | D12: =IFERROR('食譜'!K12*3, "") -> 36 | E12: =IFERROR(C12/D12, "") -> 4.4963889 | F12: =IFERROR(1/E12, "") -> 0.22240069 | G12: =IFERROR(INT(F12*24)&"h "&INT(MOD(F12*24,1)*60)&"m", "") -> 5h 20m | H12: {=IFERROR(INDEX(applied_prod, MATCH('食譜'!L12, ing_name, 0)), "")} -> 137.56 | I12: =IFERROR('食譜'!M12*3, "") -> 18 | J12: =IFERROR(H12/I12, "") -> 7.6422222 | K12: =IFERROR(1/J12, "") -> 0.13085199 | L12: =IFERROR(INT(K12*24)&"h "&INT(MOD(K12*24,1)*60)&"m", "") -> 3h 8m | M12: {=IFERROR(INDEX(applied_prod, MATCH('食譜'!N12, ing_name, 0)), "")} -> 111.06 | N12: =IFERROR('食譜'!O12*3, "") -> 15 | O12: =IFERROR(M12/N12, "") -> 7.404 | P12: =IFERROR(1/O12, "") -> 0.13506213 | Q12: =IFERROR(INT(P12*24)&"h "&INT(MOD(P12*24,1)*60)&"m", "") -> 3h 14m | R12: {=IFERROR(INDEX(applied_prod, MATCH('食譜'!P12, ing_name, 0)), "")} | S12: =IFERROR('食譜'!Q12*3, "") -> 0 | T12: =IFERROR(R12/S12, "") | U12: =IFERROR(1/T12, "") | V12: =IFERROR(INT(U12*24)&"h "&INT(MOD(U12*24,1)*60)&"m", "") -> 0h 0m | W12: =IFERROR(INT((F12+K12+P12+U12)*24)&"h "&INT(MOD((F12+K12+P12+U12)*24,1)*60)&"m", "") -> 11h 43m | X12: =IFERROR((F12+K12+P12+U12), "") -> 0.48831481 | Y12: =IFERROR('食譜'!H12, "")*3 -> 8826 | Z12: =IFERROR(Y12/X12, "") -> 18074.406
A13: =IFERROR(__xludf.DUMMYFUNCTION("""COMPUTED_VALUE"""),"") | B13: =IFERROR(__xludf.DUMMYFUNCTION("""COMPUTED_VALUE"""),"蠻力豪邁沙拉") -> 蠻力豪邁沙拉 | C13: {=IFERROR(INDEX(applied_prod, MATCH('食譜'!J13, ing_name, 0)), "")} -> 157.5 | D13: =IFERROR('食譜'!K13*3, "") -> 27 | E13: =IFERROR(C13/D13, "") -> 5.8333333 | F13: =IFERROR(1/E13, "") -> 0.17142857 | G13: =IFERROR(INT(F13*24)&"h "&INT(MOD(F13*24,1)*60)&"m", "") -> 4h 6m | H13: {=IFERROR(INDEX(applied_prod, MATCH('食譜'!L13, ing_name, 0)), "")} -> 162.39 | I13: =IFERROR('食譜'!M13*3, "") -> 18 | J13: =IFERROR(H13/I13, "") -> 9.0216667 | K13: =IFERROR(1/J13, "") -> 0.11084426 | L13: =IFERROR(INT(K13*24)&"h "&INT(MOD(K13*24,1)*60)&"m", "") -> 2h 39m | M13: {=IFERROR(INDEX(applied_prod, MATCH('食譜'!N13, ing_name, 0)), "")} -> 127.29 | N13: =IFERROR('食譜'!O13*3, "") -> 15 | O13: =IFERROR(M13/N13, "") -> 8.486 | P13: =IFERROR(1/O13, "") -> 0.11784115 | Q13: =IFERROR(INT(P13*24)&"h "&INT(MOD(P13*24,1)*60)&"m", "") -> 2h 49m | R13: {=IFERROR(INDEX(applied_prod, MATCH('食譜'!P13, ing_name, 0)), "")} -> 120.45 | S13: =IFERROR('食譜'!Q13*3, "") -> 9 | T13: =IFERROR(R13/S13, "") -> 13.383333 | U13: =IFERROR(1/T13, "") -> 0.074719801 | V13: =IFERROR(INT(U13*24)&"h "&INT(MOD(U13*24,1)*60)&"m", "") -> 1h 47m | W13: =IFERROR(INT((F13+K13+P13+U13)*24)&"h "&INT(MOD((F13+K13+P13+U13)*24,1)*60)&"m", "") -> 11h 23m | X13: =IFERROR((F13+K13+P13+U13), "") -> 0.47483379 | Y13: =IFERROR('食譜'!H13, "")*3 -> 9138 | Z13: =IFERROR(Y13/X13, "") -> 19244.629
A14: =IFERROR(__xludf.DUMMYFUNCTION("""COMPUTED_VALUE"""),"") | B14: =IFERROR(__xludf.DUMMYFUNCTION("""COMPUTED_VALUE"""),"濕潤豆腐沙拉") -> 濕潤豆腐沙拉 | C14: {=IFERROR(INDEX(applied_prod, MATCH('食譜'!J14, ing_name, 0)), "")} -> 148.65 | D14: =IFERROR('食譜'!K14*3, "") -> 45 | E14: =IFERROR(C14/D14, "") -> 3.3033333 | F14: =IFERROR(1/E14, "") -> 0.30272452 | G14: =IFERROR(INT(F14*24)&"h "&INT(MOD(F14*24,1)*60)&"m", "") -> 7h 15m | H14: {=IFERROR(INDEX(applied_prod, MATCH('食譜'!L14, ing_name, 0)), "")} -> 137.56 | I14: =IFERROR('食譜'!M14*3, "") -> 27 | J14: =IFERROR(H14/I14, "") -> 5.0948148 | K14: =IFERROR(1/J14, "") -> 0.19627799 | L14: =IFERROR(INT(K14*24)&"h "&INT(MOD(K14*24,1)*60)&"m", "") -> 4h 42m | M14: {=IFERROR(INDEX(applied_prod, MATCH('食譜'!N14, ing_name, 0)), "")} | N14: =IFERROR('食譜'!O14*3, "") -> 0 | O14: =IFERROR(M14/N14, "") | P14: =IFERROR(1/O14, "") | Q14: =IFERROR(INT(P14*24)&"h "&INT(MOD(P14*24,1)*60)&"m", "") -> 0h 0m | R14: {=IFERROR(INDEX(applied_prod, MATCH('食譜'!P14, ing_name, 0)), "")} | S14: =IFERROR('食譜'!Q14*3, "") -> 0 | T14: =IFERROR(R14/S14, "") | U14: =IFERROR(1/T14, "") | V14: =IFERROR(INT(U14*24)&"h "&INT(MOD(U14*24,1)*60)&"m", "") -> 0h 0m | W14: =IFERROR(INT((F14+K14+P14+U14)*24)&"h "&INT(MOD((F14+K14+P14+U14)*24,1)*60)&"m", "") -> 11h 58m | X14: =IFERROR((F14+K14+P14+U14), "") -> 0.49900251 | Y14: =IFERROR('食譜'!H14, "")*3 -> 9339 | Z14: =IFERROR(Y14/X14, "") -> 18715.337
A15: =IFERROR(__xludf.DUMMYFUNCTION("""COMPUTED_VALUE"""),"") | B15: =IFERROR(__xludf.DUMMYFUNCTION("""COMPUTED_VALUE"""),"心情不定肉沙拉淋巧克力醬") -> 心情不定肉沙拉淋巧克力醬 | C15: {=IFERROR(INDEX(applied_prod, MATCH('食譜'!J15, ing_name, 0)), "")} -> 98.53 | D15: =IFERROR('食譜'!K15*3, "") -> 42 | E15: =IFERROR(C15/D15, "") -> 2.3459524 | F15: =IFERROR(1/E15, "") -> 0.42626611 | G15: =IFERROR(INT(F15*24)&"h "&INT(MOD(F15*24,1)*60)&"m", "") -> 10h 13m | H15: {=IFERROR(INDEX(applied_prod, MATCH('食譜'!L15, ing_name, 0)), "")} -> 157.5 | I15: =IFERROR('食譜'!M15*3, "") -> 27 | J15: =IFERROR(H15/I15, "") -> 5.8333333 | K15: =IFERROR(1/J15, "") -> 0.17142857 | L15: =IFERROR(INT(K15*24)&"h "&INT(MOD(K15*24,1)*60)&"m", "") -> 4h 6m | M15: {=IFERROR(INDEX(applied_prod, MATCH('食譜'!N15, ing_name, 0)), "")} | N15: =IFERROR('食譜'!O15*3, "") -> 0 | O15: =IFERROR(M15/N15, "") | P15: =IFERROR(1/O15, "") | Q15: =IFERROR(INT(P15*24)&"h "&INT(MOD(P15*24,1)*60)&"m", "") -> 0h 0m | R15: {=IFERROR(INDEX(applied_prod, MATCH('食譜'!P15, ing_name, 0)), "")} | S15: =IFERROR('食譜'!Q15*3, "") -> 0 | T15: =IFERROR(R15/S15, "") | U15: =IFERROR(1/T15, "") | V15: =IFERROR(INT(U15*24)&"h "&INT(MOD(U15*24,1)*60)&"m", "") -> 0h 0m | W15: =IFERROR(INT((F15+K15+P15+U15)*24)&"h "&INT(MOD((F15+K15+P15+U15)*24,1)*60)&"m", "") -> 14h 20m | X15: =IFERROR((F15+K15+P15+U15), "") -> 0.59769468 | Y15: =IFERROR('食譜'!H15, "")*3 -> 10995 | Z15: =IFERROR(Y15/X15, "") -> 18395.68
A16: =IFERROR(__xludf.DUMMYFUNCTION("""COMPUTED_VALUE"""),"") | B16: =IFERROR(__xludf.DUMMYFUNCTION("""COMPUTED_VALUE"""),"貪吃鬼洋芋沙拉") -> 貪吃鬼洋芋沙拉 | C16: {=IFERROR(INDEX(applied_prod, MATCH('食譜'!J16, ing_name, 0)), "")} -> 120.45 | D16: =IFERROR('食譜'!K16*3, "") -> 42 | E16: =IFERROR(C16/D16, "") -> 2.8678571 | F16: =IFERROR(1/E16, "") -> 0.3486924 | G16: =IFERROR(INT(F16*24)&"h "&INT(MOD(F16*24,1)*60)&"m", "") -> 8h 22m | H16: {=IFERROR(INDEX(applied_prod, MATCH('食譜'!L16, ing_name, 0)), "")} -> 127.29 | I16: =IFERROR('食譜'!M16*3, "") -> 27 | J16: =IFERROR(H16/I16, "") -> 4.7144444 | K16: =IFERROR(1/J16, "") -> 0.21211407 | L16: =IFERROR(INT(K16*24)&"h "&INT(MOD(K16*24,1)*60)&"m", "") -> 5h 5m | M16: {=IFERROR(INDEX(applied_prod, MATCH('食譜'!N16, ing_name, 0)), "")} -> 157.5 | N16: =IFERROR('食譜'!O16*3, "") -> 21 | O16: =IFERROR(M16/N16, "") -> 7.5 | P16: =IFERROR(1/O16, "") -> 0.13333333 | Q16: =IFERROR(INT(P16*24)&"h "&INT(MOD(P16*24,1)*60)&"m", "") -> 3h 12m | R16: {=IFERROR(INDEX(applied_prod, MATCH('食譜'!P16, ing_name, 0)), "")} -> 163.61 | S16: =IFERROR('食譜'!Q16*3, "") -> 18 | T16: =IFERROR(R16/S16, "") -> 9.0894444 | U16: =IFERROR(1/T16, "") -> 0.11001773 | V16: =IFERROR(INT(U16*24)&"h "&INT(MOD(U16*24,1)*60)&"m", "") -> 2h 38m | W16: =IFERROR(INT((F16+K16+P16+U16)*24)&"h "&INT(MOD((F16+K16+P16+U16)*24,1)*60)&"m", "") -> 19h 17m | X16: =IFERROR((F16+K16+P16+U16), "") -> 0.80415753 | Y16: =IFERROR('食譜'!H16, "")*3 -> 15120 | Z16: =IFERROR(Y16/X16, "") -> 18802.286
A17: =IFERROR(__xludf.DUMMYFUNCTION("""COMPUTED_VALUE"""),"") | B17: =IFERROR(__xludf.DUMMYFUNCTION("""COMPUTED_VALUE"""),"過熱沙拉") -> 過熱沙拉 | C17: {=IFERROR(INDEX(applied_prod, MATCH('食譜'!J17, ing_name, 0)), "")} -> 168.36 | D17: =IFERROR('食譜'!K17*3, "") -> 51 | E17: =IFERROR(C17/D17, "") -> 3.3011765 | F17: =IFERROR(1/E17, "") -> 0.30292231 | G17: =IFERROR(INT(F17*24)&"h "&INT(MOD(F17*24,1)*60)&"m", "") -> 7h 16m | H17: {=IFERROR(INDEX(applied_prod, MATCH('食譜'!L17, ing_name, 0)), "")} -> 162.39 | I17: =IFERROR('食譜'!M17*3, "") -> 30 | J17: =IFERROR(H17/I17, "") -> 5.413 | K17: =IFERROR(1/J17, "") -> 0.18474044 | L17: =IFERROR(INT(K17*24)&"h "&INT(MOD(K17*24,1)*60)&"m", "") -> 4h 26m | M17: {=IFERROR(INDEX(applied_prod, MATCH('食譜'!N17, ing_name, 0)), "")} -> 137.56 | N17: =IFERROR('食譜'!O17*3, "") -> 24 | O17: =IFERROR(M17/N17, "") -> 5.7316667 | P17: =IFERROR(1/O17, "") -> 0.17446932 | Q17: =IFERROR(INT(P17*24)&"h "&INT(MOD(P17*24,1)*60)&"m", "") -> 4h 11m | R17: {=IFERROR(INDEX(applied_prod, MATCH('食譜'!P17, ing_name, 0)), "")} | S17: =IFERROR('食譜'!Q17*3, "") -> 0 | T17: =IFERROR(R17/S17, "") | U17: =IFERROR(1/T17, "") | V17: =IFERROR(INT(U17*24)&"h "&INT(MOD(U17*24,1)*60)&"m", "") -> 0h 0m | W17: =IFERROR(INT((F17+K17+P17+U17)*24)&"h "&INT(MOD((F17+K17+P17+U17)*24,1)*60)&"m", "") -> 15h 53m | X17: =IFERROR((F17+K17+P17+U17), "") -> 0.66213207 | Y17: =IFERROR('食譜'!H17, "")*3 -> 15675 | Z17: =IFERROR(Y17/X17, "") -> 23673.525
A18: =IFERROR(__xludf.DUMMYFUNCTION("""COMPUTED_VALUE"""),"") | B18: =IFERROR(__xludf.DUMMYFUNCTION("""COMPUTED_VALUE"""),"蘑菇孢子沙拉") -> 蘑菇孢子沙拉 | C18: {=IFERROR(INDEX(applied_prod, MATCH('食譜'!J18, ing_name, 0)), "")} -> 92.67 | D18: =IFERROR('食譜'!K18*3, "") -> 51 | E18: =IFERROR(C18/D18, "") -> 1.8170588 | F18: =IFERROR(1/E18, "") -> 0.55033992 | G18: =IFERROR(INT(F18*24)&"h "&INT(MOD(F18*24,1)*60)&"m", "") -> 13h 12m | H18: {=IFERROR(INDEX(applied_prod, MATCH('食譜'!L18, ing_name, 0)), "")} -> 137.56 | I18: =IFERROR('食譜'!M18*3, "") -> 24 | J18: =IFERROR(H18/I18, "") -> 5.7316667 | K18: =IFERROR(1/J18, "") -> 0.17446932 | L18: =IFERROR(INT(K18*24)&"h "&INT(MOD(K18*24,1)*60)&"m", "") -> 4h 11m | M18: {=IFERROR(INDEX(applied_prod, MATCH('食譜'!N18, ing_name, 0)), "")} -> 111.06 | N18: =IFERROR('食譜'!O18*3, "") -> 24 | O18: =IFERROR(M18/N18, "") -> 4.6275 | P18: =IFERROR(1/O18, "") -> 0.21609941 | Q18: =IFERROR(INT(P18*24)&"h "&INT(MOD(P18*24,1)*60)&"m", "") -> 5h 11m | R18: {=IFERROR(INDEX(applied_prod, MATCH('食譜'!P18, ing_name, 0)), "")} | S18: =IFERROR('食譜'!Q18*3, "") -> 0 | T18: =IFERROR(R18/S18, "") | U18: =IFERROR(1/T18, "") | V18: =IFERROR(INT(U18*24)&"h "&INT(MOD(U18*24,1)*60)&"m", "") -> 0h 0m | W18: =IFERROR(INT((F18+K18+P18+U18)*24)&"h "&INT(MOD((F18+K18+P18+U18)*24,1)*60)&"m", "") -> 22h 34m | X18: =IFERROR((F18+K18+P18+U18), "") -> 0.94090864 | Y18: =IFERROR('食譜'!H18, "")*3 -> 17577 | Z18: =IFERROR(Y18/X18, "") -> 18680.878
A19: =IFERROR(__xludf.DUMMYFUNCTION("""COMPUTED_VALUE"""),"") | B19: =IFERROR(__xludf.DUMMYFUNCTION("""COMPUTED_VALUE"""),"碎裂酪梨沙拉") -> 碎裂酪梨沙拉 | C19: {=IFERROR(INDEX(applied_prod, MATCH('食譜'!J19, ing_name, 0)), "")} -> 105.63 | D19: =IFERROR('食譜'!K19*3, "") -> 42 | E19: =IFERROR(C19/D19, "") -> 2.515 | F19: =IFERROR(1/E19, "") -> 0.39761431 | G19: =IFERROR(INT(F19*24)&"h "&INT(MOD(F19*24,1)*60)&"m", "") -> 9h 32m | H19: {=IFERROR(INDEX(applied_prod, MATCH('食譜'!L19, ing_name, 0)), "")} -> 148.65 | I19: =IFERROR('食譜'!M19*3, "") -> 54 | J19: =IFERROR(H19/I19, "") -> 2.7527778 | K19: =IFERROR(1/J19, "") -> 0.36326942 | L19: =IFERROR(INT(K19*24)&"h "&INT(MOD(K19*24,1)*60)&"m", "") -> 8h 43m | M19: {=IFERROR(INDEX(applied_prod, MATCH('食譜'!N19, ing_name, 0)), "")} -> 111.06 | N19: =IFERROR('食譜'!O19*3, "") -> 30 | O19: =IFERROR(M19/N19, "") -> 3.702 | P19: =IFERROR(1/O19, "") -> 0.27012426 | Q19: =IFERROR(INT(P19*24)&"h "&INT(MOD(P19*24,1)*60)&"m", "") -> 6h 28m | R19: {=IFERROR(INDEX(applied_prod, MATCH('食譜'!P19, ing_name, 0)), "")} | S19: =IFERROR('食譜'!Q19*3, "") -> 0 | T19: =IFERROR(R19/S19, "") | U19: =IFERROR(1/T19, "") | V19: =IFERROR(INT(U19*24)&"h "&INT(MOD(U19*24,1)*60)&"m", "") -> 0h 0m | W19: =IFERROR(INT((F19+K19+P19+U19)*24)&"h "&INT(MOD((F19+K19+P19+U19)*24,1)*60)&"m", "") -> 24h 44m | X19: =IFERROR((F19+K19+P19+U19), "") -> 1.031008 | Y19: =IFERROR('食譜'!H19, "")*3 -> 21375 | Z19: =IFERROR(Y19/X19, "") -> 20732.138
A20: =IFERROR(__xludf.DUMMYFUNCTION("""COMPUTED_VALUE"""),"") | B20: =IFERROR(__xludf.DUMMYFUNCTION("""COMPUTED_VALUE"""),"冥想香甜沙拉") -> 冥想香甜沙拉 | C20: {=IFERROR(INDEX(applied_prod, MATCH('食譜'!J20, ing_name, 0)), "")} -> 163.61 | D20: =IFERROR('食譜'!K20*3, "") -> 63 | E20: =IFERROR(C20/D20, "") -> 2.5969841 | F20: =IFERROR(1/E20, "") -> 0.38506204 | G20: =IFERROR(INT(F20*24)&"h "&INT(MOD(F20*24,1)*60)&"m", "") -> 9h 14m | H20: {=IFERROR(INDEX(applied_prod, MATCH('食譜'!L20, ing_name, 0)), "")} -> 156.57 | I20: =IFERROR('食譜'!M20*3, "") -> 48 | J20: =IFERROR(H20/I20, "") -> 3.261875 | K20: =IFERROR(1/J20, "") -> 0.30657214 | L20: =IFERROR(INT(K20*24)&"h "&INT(MOD(K20*24,1)*60)&"m", "") -> 7h 21m | M20: {=IFERROR(INDEX(applied_prod, MATCH('食譜'!N20, ing_name, 0)), "")} -> 134.79 | N20: =IFERROR('食譜'!O20*3, "") -> 36 | O20: =IFERROR(M20/N20, "") -> 3.7441667 | P20: =IFERROR(1/O20, "") -> 0.26708213 | Q20: =IFERROR(INT(P20*24)&"h "&INT(MOD(P20*24,1)*60)&"m", "") -> 6h 24m | R20: {=IFERROR(INDEX(applied_prod, MATCH('食譜'!P20, ing_name, 0)), "")} | S20: =IFERROR('食譜'!Q20*3, "") -> 0 | T20: =IFERROR(R20/S20, "") | U20: =IFERROR(1/T20, "") | V20: =IFERROR(INT(U20*24)&"h "&INT(MOD(U20*24,1)*60)&"m", "") -> 0h 0m | W20: =IFERROR(INT((F20+K20+P20+U20)*24)&"h "&INT(MOD((F20+K20+P20+U20)*24,1)*60)&"m", "") -> 23h 0m | X20: =IFERROR((F20+K20+P20+U20), "") -> 0.95871631 | Y20: =IFERROR('食譜'!H20, "")*3 -> 23025 | Z20: =IFERROR(Y20/X20, "") -> 24016.489
A21: =IFERROR(__xludf.DUMMYFUNCTION("""COMPUTED_VALUE"""),"") | B21: =IFERROR(__xludf.DUMMYFUNCTION("""COMPUTED_VALUE"""),"呆呆獸尾巴的胡椒沙拉") -> 呆呆獸尾巴的胡椒沙拉 | C21: {=IFERROR(INDEX(applied_prod, MATCH('食譜'!J21, ing_name, 0)), "")} -> 111.06 | D21: =IFERROR('食譜'!K21*3, "") -> 45 | E21: =IFERROR(C21/D21, "") -> 2.468 | F21: =IFERROR(1/E21, "") -> 0.40518639 | G21: =IFERROR(INT(F21*24)&"h "&INT(MOD(F21*24,1)*60)&"m", "") -> 9h 43m | H21: {=IFERROR(INDEX(applied_prod, MATCH('食譜'!L21, ing_name, 0)), "")} -> 168.36 | I21: =IFERROR('食譜'!M21*3, "") -> 30 | J21: =IFERROR(H21/I21, "") -> 5.612 | K21: =IFERROR(1/J21, "") -> 0.17818959 | L21: =IFERROR(INT(K21*24)&"h "&INT(MOD(K21*24,1)*60)&"m", "") -> 4h 16m | M21: {=IFERROR(INDEX(applied_prod, MATCH('食譜'!N21, ing_name, 0)), "")} -> 17.35 | N21: =IFERROR('食譜'!O21*3, "") -> 30 | O21: =IFERROR(M21/N21, "") -> 0.57833333 | P21: =IFERROR(1/O21, "") -> 1.7291066 | Q21: =IFERROR(INT(P21*24)&"h "&INT(MOD(P21*24,1)*60)&"m", "") -> 41h 29m | R21: {=IFERROR(INDEX(applied_prod, MATCH('食譜'!P21, ing_name, 0)), "")} | S21: =IFERROR('食譜'!Q21*3, "") -> 0 | T21: =IFERROR(R21/S21, "") | U21: =IFERROR(1/T21, "") | V21: =IFERROR(INT(U21*24)&"h "&INT(MOD(U21*24,1)*60)&"m", "") -> 0h 0m | W21: =IFERROR(INT((F21+K21+P21+U21)*24)&"h "&INT(MOD((F21+K21+P21+U21)*24,1)*60)&"m", "") -> 55h 29m | X21: =IFERROR((F21+K21+P21+U21), "") -> 2.3124826 | Y21: =IFERROR('食譜'!H21, "")*3 -> 24507 | Z21: =IFERROR(Y21/X21, "") -> 10597.701
A22: =IFERROR(__xludf.DUMMYFUNCTION("""COMPUTED_VALUE"""),"") | B22: =IFERROR(__xludf.DUMMYFUNCTION("""COMPUTED_VALUE"""),"十字切碎丁沙拉") -> 十字切碎丁沙拉 | C22: {=IFERROR(INDEX(applied_prod, MATCH('食譜'!J22, ing_name, 0)), "")} -> 127.29 | D22: =IFERROR('食譜'!K22*3, "") -> 60 | E22: =IFERROR(C22/D22, "") -> 2.1215 | F22: =IFERROR(1/E22, "") -> 0.4713646 | G22: =IFERROR(INT(F22*24)&"h "&INT(MOD(F22*24,1)*60)&"m", "") -> 11h 18m | H22: {=IFERROR(INDEX(applied_prod, MATCH('食譜'!L22, ing_name, 0)), "")} -> 157.5 | I22: =IFERROR('食譜'!M22*3, "") -> 45 | J22: =IFERROR(H22/I22, "") -> 3.5 | K22: =IFERROR(1/J22, "") -> 0.28571429 | L22: =IFERROR(INT(K22*24)&"h "&INT(MOD(K22*24,1)*60)&"m", "") -> 6h 51m | M22: {=IFERROR(INDEX(applied_prod, MATCH('食譜'!N22, ing_name, 0)), "")} -> 134.79 | N22: =IFERROR('食譜'!O22*3, "") -> 33 | O22: =IFERROR(M22/N22, "") -> 4.0845455 | P22: =IFERROR(1/O22, "") -> 0.24482528 | Q22: =IFERROR(INT(P22*24)&"h "&INT(MOD(P22*24,1)*60)&"m", "") -> 5h 52m | R22: {=IFERROR(INDEX(applied_prod, MATCH('食譜'!P22, ing_name, 0)), "")} -> 137.56 | S22: =IFERROR('食譜'!Q22*3, "") -> 30 | T22: =IFERROR(R22/S22, "") -> 4.5853333 | U22: =IFERROR(1/T22, "") -> 0.21808665 | V22: =IFERROR(INT(U22*24)&"h "&INT(MOD(U22*24,1)*60)&"m", "") -> 5h 14m | W22: =IFERROR(INT((F22+K22+P22+U22)*24)&"h "&INT(MOD((F22+K22+P22+U22)*24,1)*60)&"m", "") -> 29h 16m | X22: =IFERROR((F22+K22+P22+U22), "") -> 1.2199908 | Y22: =IFERROR('食譜'!H22, "")*3 -> 26265 | Z22: =IFERROR(Y22/X22, "") -> 21528.85
A23: =IFERROR(__xludf.DUMMYFUNCTION("""COMPUTED_VALUE"""),"") | B23: =IFERROR(__xludf.DUMMYFUNCTION("""COMPUTED_VALUE"""),"萌綠沙拉") -> 萌綠沙拉 | C23: {=IFERROR(INDEX(applied_prod, MATCH('食譜'!J23, ing_name, 0)), "")} -> 111.06 | D23: =IFERROR('食譜'!K23*3, "") -> 66 | E23: =IFERROR(C23/D23, "") -> 1.6827273 | F23: =IFERROR(1/E23, "") -> 0.59427337 | G23: =IFERROR(INT(F23*24)&"h "&INT(MOD(F23*24,1)*60)&"m", "") -> 14h 15m | H23: {=IFERROR(INDEX(applied_prod, MATCH('食譜'!L23, ing_name, 0)), "")} -> 134.79 | I23: =IFERROR('食譜'!M23*3, "") -> 51 | J23: =IFERROR(H23/I23, "") -> 2.6429412 | K23: =IFERROR(1/J23, "") -> 0.37836635 | L23: =IFERROR(INT(K23*24)&"h "&INT(MOD(K23*24,1)*60)&"m", "") -> 9h 4m | M23: {=IFERROR(INDEX(applied_prod, MATCH('食譜'!N23, ing_name, 0)), "")} -> 137.56 | N23: =IFERROR('食譜'!O23*3, "") -> 42 | O23: =IFERROR(M23/N23, "") -> 3.2752381 | P23: =IFERROR(1/O23, "") -> 0.30532131 | Q23: =IFERROR(INT(P23*24)&"h "&INT(MOD(P23*24,1)*60)&"m", "") -> 7h 19m | R23: {=IFERROR(INDEX(applied_prod, MATCH('食譜'!P23, ing_name, 0)), "")} -> 120.45 | S23: =IFERROR('食譜'!Q23*3, "") -> 27 | T23: =IFERROR(R23/S23, "") -> 4.4611111 | U23: =IFERROR(1/T23, "") -> 0.2241594 | V23: =IFERROR(INT(U23*24)&"h "&INT(MOD(U23*24,1)*60)&"m", "") -> 5h 22m | W23: =IFERROR(INT((F23+K23+P23+U23)*24)&"h "&INT(MOD((F23+K23+P23+U23)*24,1)*60)&"m", "") -> 36h 3m | X23: =IFERROR((F23+K23+P23+U23), "") -> 1.5021204 | Y23: =IFERROR('食譜'!H23, "")*3 -> 34179 | Z23: =IFERROR(Y23/X23, "") -> 22753.835
A24: =IFERROR(__xludf.DUMMYFUNCTION("""COMPUTED_VALUE"""),"") | B24: =IFERROR(__xludf.DUMMYFUNCTION("""COMPUTED_VALUE"""),"忍者沙拉") -> 忍者沙拉 | C24: {=IFERROR(INDEX(applied_prod, MATCH('食譜'!J24, ing_name, 0)), "")} -> 148.65 | D24: =IFERROR('食譜'!K24*3, "") -> 57 | E24: =IFERROR(C24/D24, "") -> 2.6078947 | F24: =IFERROR(1/E24, "") -> 0.38345106 | G24: =IFERROR(INT(F24*24)&"h "&INT(MOD(F24*24,1)*60)&"m", "") -> 9h 12m | H24: {=IFERROR(INDEX(applied_prod, MATCH('食譜'!L24, ing_name, 0)), "")} -> 87.81 | I24: =IFERROR('食譜'!M24*3, "") -> 45 | J24: =IFERROR(H24/I24, "") -> 1.9513333 | K24: =IFERROR(1/J24, "") -> 0.51247011 | L24: =IFERROR(INT(K24*24)&"h "&INT(MOD(K24*24,1)*60)&"m", "") -> 12h 17m | M24: {=IFERROR(INDEX(applied_prod, MATCH('食譜'!N24, ing_name, 0)), "")} -> 92.67 | N24: =IFERROR('食譜'!O24*3, "") -> 36 | O24: =IFERROR(M24/N24, "") -> 2.5741667 | P24: =IFERROR(1/O24, "") -> 0.38847523 | Q24: =IFERROR(INT(P24*24)&"h "&INT(MOD(P24*24,1)*60)&"m", "") -> 9h 19m | R24: {=IFERROR(INDEX(applied_prod, MATCH('食譜'!P24, ing_name, 0)), "")} -> 162.39 | S24: =IFERROR('食譜'!Q24*3, "") -> 33 | T24: =IFERROR(R24/S24, "") -> 4.9209091 | U24: =IFERROR(1/T24, "") -> 0.20321448 | V24: =IFERROR(INT(U24*24)&"h "&INT(MOD(U24*24,1)*60)&"m", "") -> 4h 52m | W24: =IFERROR(INT((F24+K24+P24+U24)*24)&"h "&INT(MOD((F24+K24+P24+U24)*24,1)*60)&"m", "") -> 35h 42m | X24: =IFERROR((F24+K24+P24+U24), "") -> 1.4876109 | Y24: =IFERROR('食譜'!H24, "")*3 -> 34977 | Z24: =IFERROR(Y24/X24, "") -> 23512.197
A25: =IFERROR(__xludf.DUMMYFUNCTION("""COMPUTED_VALUE"""),"") | B25: =IFERROR(__xludf.DUMMYFUNCTION("""COMPUTED_VALUE"""),"落英繽紛含羞草蛋沙拉") -> 落英繽紛含羞草蛋沙拉 | C25: {=IFERROR(INDEX(applied_prod, MATCH('食譜'!J25, ing_name, 0)), "")} -> 127.29 | D25: =IFERROR('食譜'!K25*3, "") -> 75 | E25: =IFERROR(C25/D25, "") -> 1.6972 | F25: =IFERROR(1/E25, "") -> 0.58920575 | G25: =IFERROR(INT(F25*24)&"h "&INT(MOD(F25*24,1)*60)&"m", "") -> 14h 8m | H25: {=IFERROR(INDEX(applied_prod, MATCH('食譜'!L25, ing_name, 0)), "")} -> 111.06 | I25: =IFERROR('食譜'!M25*3, "") -> 51 | J25: =IFERROR(H25/I25, "") -> 2.1776471 | K25: =IFERROR(1/J25, "") -> 0.45921124 | L25: =IFERROR(INT(K25*24)&"h "&INT(MOD(K25*24,1)*60)&"m", "") -> 11h 1m | M25: {=IFERROR(INDEX(applied_prod, MATCH('食譜'!N25, ing_name, 0)), "")} -> 120.45 | N25: =IFERROR('食譜'!O25*3, "") -> 45 | O25: =IFERROR(M25/N25, "") -> 2.6766667 | P25: =IFERROR(1/O25, "") -> 0.373599 | Q25: =IFERROR(INT(P25*24)&"h "&INT(MOD(P25*24,1)*60)&"m", "") -> 8h 57m | R25: {=IFERROR(INDEX(applied_prod, MATCH('食譜'!P25, ing_name, 0)), "")} -> 157.5 | S25: =IFERROR('食譜'!Q25*3, "") -> 36 | T25: =IFERROR(R25/S25, "") -> 4.375 | U25: =IFERROR(1/T25, "") -> 0.22857143 | V25: =IFERROR(INT(U25*24)&"h "&INT(MOD(U25*24,1)*60)&"m", "") -> 5h 29m | W25: =IFERROR(INT((F25+K25+P25+U25)*24)&"h "&INT(MOD((F25+K25+P25+U25)*24,1)*60)&"m", "") -> 39h 36m | X25: =IFERROR((F25+K25+P25+U25), "") -> 1.6505874 | Y25: =IFERROR('食譜'!H25, "")*3 -> 35643 | Z25: =IFERROR(Y25/X25, "") -> 21594.13
A26: =IFERROR(__xludf.DUMMYFUNCTION("""COMPUTED_VALUE"""),"") | B26: =IFERROR(__xludf.DUMMYFUNCTION("""COMPUTED_VALUE"""),"蘋果酸優格沙拉") -> 蘋果酸優格沙拉 | C26: {=IFERROR(INDEX(applied_prod, MATCH('食譜'!J26, ing_name, 0)), "")} -> 127.29 | D26: =IFERROR('食譜'!K26*3, "") -> 105 | E26: =IFERROR(C26/D26, "") -> 1.2122857 | F26: =IFERROR(1/E26, "") -> 0.82488805 | G26: =IFERROR(INT(F26*24)&"h "&INT(MOD(F26*24,1)*60)&"m", "") -> 19h 47m | H26: {=IFERROR(INDEX(applied_prod, MATCH('食譜'!L26, ing_name, 0)), "")} -> 163.61 | I26: =IFERROR('食譜'!M26*3, "") -> 84 | J26: =IFERROR(H26/I26, "") -> 1.9477381 | K26: =IFERROR(1/J26, "") -> 0.51341605 | L26: =IFERROR(INT(K26*24)&"h "&INT(MOD(K26*24,1)*60)&"m", "") -> 12h 19m | M26: {=IFERROR(INDEX(applied_prod, MATCH('食譜'!N26, ing_name, 0)), "")} -> 137.56 | N26: =IFERROR('食譜'!O26*3, "") -> 69 | O26: =IFERROR(M26/N26, "") -> 1.9936232 | P26: =IFERROR(1/O26, "") -> 0.5015993 | Q26: =IFERROR(INT(P26*24)&"h "&INT(MOD(P26*24,1)*60)&"m", "") -> 12h 2m | R26: {=IFERROR(INDEX(applied_prod, MATCH('食譜'!P26, ing_name, 0)), "")} -> 161.87 | S26: =IFERROR('食譜'!Q26*3, "") -> 54 | T26: =IFERROR(R26/S26, "") -> 2.9975926 | U26: =IFERROR(1/T26, "") -> 0.33360104 | V26: =IFERROR(INT(U26*24)&"h "&INT(MOD(U26*24,1)*60)&"m", "") -> 8h 0m | W26: =IFERROR(INT((F26+K26+P26+U26)*24)&"h "&INT(MOD((F26+K26+P26+U26)*24,1)*60)&"m", "") -> 52h 9m | X26: =IFERROR((F26+K26+P26+U26), "") -> 2.1735044 | Y26: =IFERROR('食譜'!H26, "")*3 -> 57879 | Z26: =IFERROR(Y26/X26, "") -> 26629.345
A27: =IFERROR(__xludf.DUMMYFUNCTION("""COMPUTED_VALUE"""),"") | B27: =IFERROR(__xludf.DUMMYFUNCTION("""COMPUTED_VALUE"""),"不服輸咖啡沙拉") -> 不服輸咖啡沙拉 | C27: {=IFERROR(INDEX(applied_prod, MATCH('食譜'!J27, ing_name, 0)), "")} -> 114.19 | D27: =IFERROR('食譜'!K27*3, "") -> 84 | E27: =IFERROR(C27/D27, "") -> 1.3594048 | F27: =IFERROR(1/E27, "") -> 0.73561608 | G27: =IFERROR(INT(F27*24)&"h "&INT(MOD(F27*24,1)*60)&"m", "") -> 17h 39m | H27: {=IFERROR(INDEX(applied_prod, MATCH('食譜'!L27, ing_name, 0)), "")} -> 157.5 | I27: =IFERROR('食譜'!M27*3, "") -> 84 | J27: =IFERROR(H27/I27, "") -> 1.875 | K27: =IFERROR(1/J27, "") -> 0.53333333 | L27: =IFERROR(INT(K27*24)&"h "&INT(MOD(K27*24,1)*60)&"m", "") -> 12h 48m | M27: {=IFERROR(INDEX(applied_prod, MATCH('食譜'!N27, ing_name, 0)), "")} -> 111.06 | N27: =IFERROR('食譜'!O27*3, "") -> 66 | O27: =IFERROR(M27/N27, "") -> 1.6827273 | P27: =IFERROR(1/O27, "") -> 0.59427337 | Q27: =IFERROR(INT(P27*24)&"h "&INT(MOD(P27*24,1)*60)&"m", "") -> 14h 15m | R27: {=IFERROR(INDEX(applied_prod, MATCH('食譜'!P27, ing_name, 0)), "")} -> 120.45 | S27: =IFERROR('食譜'!Q27*3, "") -> 66 | T27: =IFERROR(R27/S27, "") -> 1.825 | U27: =IFERROR(1/T27, "") -> 0.54794521 | V27: =IFERROR(INT(U27*24)&"h "&INT(MOD(U27*24,1)*60)&"m", "") -> 13h 9m | W27: =IFERROR(INT((F27+K27+P27+U27)*24)&"h "&INT(MOD((F27+K27+P27+U27)*24,1)*60)&"m", "") -> 57h 52m | X27: =IFERROR((F27+K27+P27+U27), "") -> 2.411168 | Y27: =IFERROR('食譜'!H27, "")*3 -> 60654 | Z27: =IFERROR(Y27/X27, "") -> 25155.444
A28: =IFERROR(__xludf.DUMMYFUNCTION("""COMPUTED_VALUE"""),"") | B28: =IFERROR(__xludf.DUMMYFUNCTION("""COMPUTED_VALUE"""),"重踏酪梨醬脆片") -> 重踏酪梨醬脆片 | C28: {=IFERROR(INDEX(applied_prod, MATCH('食譜'!J28, ing_name, 0)), "")} -> 105.63 | D28: =IFERROR('食譜'!K28*3, "") -> 84 | E28: =IFERROR(C28/D28, "") -> 1.2575 | F28: =IFERROR(1/E28, "") -> 0.79522863 | G28: =IFERROR(INT(F28*24)&"h "&INT(MOD(F28*24,1)*60)&"m", "") -> 19h 5m | H28: {=IFERROR(INDEX(applied_prod, MATCH('食譜'!L28, ing_name, 0)), "")} -> 134.79 | I28: =IFERROR('食譜'!M28*3, "") -> 75 | J28: =IFERROR(H28/I28, "") -> 1.7972 | K28: =IFERROR(1/J28, "") -> 0.5564211 | L28: =IFERROR(INT(K28*24)&"h "&INT(MOD(K28*24,1)*60)&"m", "") -> 13h 21m | M28: {=IFERROR(INDEX(applied_prod, MATCH('食譜'!N28, ing_name, 0)), "")} -> 168.36 | N28: =IFERROR('食譜'!O28*3, "") -> 90 | O28: =IFERROR(M28/N28, "") -> 1.8706667 | P28: =IFERROR(1/O28, "") -> 0.53456878 | Q28: =IFERROR(INT(P28*24)&"h "&INT(MOD(P28*24,1)*60)&"m", "") -> 12h 49m | R28: {=IFERROR(INDEX(applied_prod, MATCH('食譜'!P28, ing_name, 0)), "")} -> 148.65 | S28: =IFERROR('食譜'!Q28*3, "") -> 66 | T28: =IFERROR(R28/S28, "") -> 2.2522727 | U28: =IFERROR(1/T28, "") -> 0.44399596 | V28: =IFERROR(INT(U28*24)&"h "&INT(MOD(U28*24,1)*60)&"m", "") -> 10h 39m | W28: =IFERROR(INT((F28+K28+P28+U28)*24)&"h "&INT(MOD((F28+K28+P28+U28)*24,1)*60)&"m", "") -> 55h 55m | X28: =IFERROR((F28+K28+P28+U28), "") -> 2.3302145 | Y28: =IFERROR('食譜'!H28, "")*3 -> 75486 | Z28: =IFERROR(Y28/X28, "") -> 32394.443
A29: =IFERROR(__xludf.DUMMYFUNCTION("""COMPUTED_VALUE"""),"") | B29: =IFERROR(__xludf.DUMMYFUNCTION("""COMPUTED_VALUE"""),"大塊滿滿熱水沙拉") -> 大塊滿滿熱水沙拉 | C29: {=IFERROR(INDEX(applied_prod, MATCH('食譜'!J29, ing_name, 0)), "")} -> 63.05 | D29: =IFERROR('食譜'!K29*3, "") -> 60 | E29: =IFERROR(C29/D29, "") -> 1.0508333 | F29: =IFERROR(1/E29, "") -> 0.95162569 | G29: =IFERROR(INT(F29*24)&"h "&INT(MOD(F29*24,1)*60)&"m", "") -> 22h 50m | H29: {=IFERROR(INDEX(applied_prod, MATCH('食譜'!L29, ing_name, 0)), "")} -> 120.45 | I29: =IFERROR('食譜'!M29*3, "") -> 90 | J29: =IFERROR(H29/I29, "") -> 1.3383333 | K29: =IFERROR(1/J29, "") -> 0.74719801 | L29: =IFERROR(INT(K29*24)&"h "&INT(MOD(K29*24,1)*60)&"m", "") -> 17h 55m | M29: {=IFERROR(INDEX(applied_prod, MATCH('食譜'!N29, ing_name, 0)), "")} -> 134.79 | N29: =IFERROR('食譜'!O29*3, "") -> 54 | O29: =IFERROR(M29/N29, "") -> 2.4961111 | P29: =IFERROR(1/O29, "") -> 0.40062319 | Q29: =IFERROR(INT(P29*24)&"h "&INT(MOD(P29*24,1)*60)&"m", "") -> 9h 36m | R29: {=IFERROR(INDEX(applied_prod, MATCH('食譜'!P29, ing_name, 0)), "")} -> 92.67 | S29: =IFERROR('食譜'!Q29*3, "") -> 81 | T29: =IFERROR(R29/S29, "") -> 1.1440741 | U29: =IFERROR(1/T29, "") -> 0.87406928 | V29: =IFERROR(INT(U29*24)&"h "&INT(MOD(U29*24,1)*60)&"m", "") -> 20h 58m | W29: =IFERROR(INT((F29+K29+P29+U29)*24)&"h "&INT(MOD((F29+K29+P29+U29)*24,1)*60)&"m", "") -> 71h 21m | X29: =IFERROR((F29+K29+P29+U29), "") -> 2.9735162 | Y29: =IFERROR('食譜'!H29, "")*3 -> 76068 | Z29: =IFERROR(Y29/X29, "") -> 25581.835
A30: =IFERROR(__xludf.DUMMYFUNCTION("""COMPUTED_VALUE"""),"") | B30: =IFERROR(__xludf.DUMMYFUNCTION("""COMPUTED_VALUE"""),"拌拌咖哩") -> 拌拌咖哩 | C30: {=IFERROR(INDEX(applied_prod, MATCH('食譜'!J30, ing_name, 0)), "")} | D30: =IFERROR('食譜'!K30*3, "") -> 0 | E30: =IFERROR(C30/D30, "") | F30: =IFERROR(1/E30, "") | G30: =IFERROR(INT(F30*24)&"h "&INT(MOD(F30*24,1)*60)&"m", "") -> 0h 0m | H30: {=IFERROR(INDEX(applied_prod, MATCH('食譜'!L30, ing_name, 0)), "")} | I30: =IFERROR('食譜'!M30*3, "") -> 0 | J30: =IFERROR(H30/I30, "") | K30: =IFERROR(1/J30, "") | L30: =IFERROR(INT(K30*24)&"h "&INT(MOD(K30*24,1)*60)&"m", "") -> 0h 0m | M30: {=IFERROR(INDEX(applied_prod, MATCH('食譜'!N30, ing_name, 0)), "")} | N30: =IFERROR('食譜'!O30*3, "") -> 0 | O30: =IFERROR(M30/N30, "") | P30: =IFERROR(1/O30, "") | Q30: =IFERROR(INT(P30*24)&"h "&INT(MOD(P30*24,1)*60)&"m", "") -> 0h 0m | R30: {=IFERROR(INDEX(applied_prod, MATCH('食譜'!P30, ing_name, 0)), "")} | S30: =IFERROR('食譜'!Q30*3, "") -> 0 | T30: =IFERROR(R30/S30, "") | U30: =IFERROR(1/T30, "") | V30: =IFERROR(INT(U30*24)&"h "&INT(MOD(U30*24,1)*60)&"m", "") -> 0h 0m | W30: =IFERROR(INT((F30+K30+P30+U30)*24)&"h "&INT(MOD((F30+K30+P30+U30)*24,1)*60)&"m", "") -> 0h 0m | X30: =IFERROR((F30+K30+P30+U30), "") -> 0 | Y30: =IFERROR('食譜'!H30, "")*3 -> 0 | Z30: =IFERROR(Y30/X30, "")
A31: =IFERROR(__xludf.DUMMYFUNCTION("""COMPUTED_VALUE"""),"") | B31: =IFERROR(__xludf.DUMMYFUNCTION("""COMPUTED_VALUE"""),"特選蘋果咖哩") -> 特選蘋果咖哩 | C31: {=IFERROR(INDEX(applied_prod, MATCH('食譜'!J31, ing_name, 0)), "")} -> 163.61 | D31: =IFERROR('食譜'!K31*3, "") -> 21 | E31: =IFERROR(C31/D31, "") -> 7.7909524 | F31: =IFERROR(1/E31, "") -> 0.12835401 | G31: =IFERROR(INT(F31*24)&"h "&INT(MOD(F31*24,1)*60)&"m", "") -> 3h 4m | H31: {=IFERROR(INDEX(applied_prod, MATCH('食譜'!L31, ing_name, 0)), "")} | I31: =IFERROR('食譜'!M31*3, "") -> 0 | J31: =IFERROR(H31/I31, "") | K31: =IFERROR(1/J31, "") | L31: =IFERROR(INT(K31*24)&"h "&INT(MOD(K31*24,1)*60)&"m", "") -> 0h 0m | M31: {=IFERROR(INDEX(applied_prod, MATCH('食譜'!N31, ing_name, 0)), "")} | N31: =IFERROR('食譜'!O31*3, "") -> 0 | O31: =IFERROR(M31/N31, "") | P31: =IFERROR(1/O31, "") | Q31: =IFERROR(INT(P31*24)&"h "&INT(MOD(P31*24,1)*60)&"m", "") -> 0h 0m | R31: {=IFERROR(INDEX(applied_prod, MATCH('食譜'!P31, ing_name, 0)), "")} | S31: =IFERROR('食譜'!Q31*3, "") -> 0 | T31: =IFERROR(R31/S31, "") | U31: =IFERROR(1/T31, "") | V31: =IFERROR(INT(U31*24)&"h "&INT(MOD(U31*24,1)*60)&"m", "") -> 0h 0m | W31: =IFERROR(INT((F31+K31+P31+U31)*24)&"h "&INT(MOD((F31+K31+P31+U31)*24,1)*60)&"m", "") -> 3h 4m | X31: =IFERROR((F31+K31+P31+U31), "") -> 0.12835401 | Y31: =IFERROR('食譜'!H31, "")*3 -> 2184 | Z31: =IFERROR(Y31/X31, "") -> 17015.44
A32: =IFERROR(__xludf.DUMMYFUNCTION("""COMPUTED_VALUE"""),"") | B32: =IFERROR(__xludf.DUMMYFUNCTION("""COMPUTED_VALUE"""),"單純白醬濃湯") -> 單純白醬濃湯 | C32: {=IFERROR(INDEX(applied_prod, MATCH('食譜'!J32, ing_name, 0)), "")} -> 161.87 | D32: =IFERROR('食譜'!K32*3, "") -> 21 | E32: =IFERROR(C32/D32, "") -> 7.7080952 | F32: =IFERROR(1/E32, "") -> 0.12973374 | G32: =IFERROR(INT(F32*24)&"h "&INT(MOD(F32*24,1)*60)&"m", "") -> 3h 6m | H32: {=IFERROR(INDEX(applied_prod, MATCH('食譜'!L32, ing_name, 0)), "")} | I32: =IFERROR('食譜'!M32*3, "") -> 0 | J32: =IFERROR(H32/I32, "") | K32: =IFERROR(1/J32, "") | L32: =IFERROR(INT(K32*24)&"h "&INT(MOD(K32*24,1)*60)&"m", "") -> 0h 0m | M32: {=IFERROR(INDEX(applied_prod, MATCH('食譜'!N32, ing_name, 0)), "")} | N32: =IFERROR('食譜'!O32*3, "") -> 0 | O32: =IFERROR(M32/N32, "") | P32: =IFERROR(1/O32, "") | Q32: =IFERROR(INT(P32*24)&"h "&INT(MOD(P32*24,1)*60)&"m", "") -> 0h 0m | R32: {=IFERROR(INDEX(applied_prod, MATCH('食譜'!P32, ing_name, 0)), "")} | S32: =IFERROR('食譜'!Q32*3, "") -> 0 | T32: =IFERROR(R32/S32, "") | U32: =IFERROR(1/T32, "") | V32: =IFERROR(INT(U32*24)&"h "&INT(MOD(U32*24,1)*60)&"m", "") -> 0h 0m | W32: =IFERROR(INT((F32+K32+P32+U32)*24)&"h "&INT(MOD((F32+K32+P32+U32)*24,1)*60)&"m", "") -> 3h 6m | X32: =IFERROR((F32+K32+P32+U32), "") -> 0.12973374 | Y32: =IFERROR('食譜'!H32, "")*3 -> 2442 | Z32: =IFERROR(Y32/X32, "") -> 18823.169
A33: =IFERROR(__xludf.DUMMYFUNCTION("""COMPUTED_VALUE"""),"") | B33: =IFERROR(__xludf.DUMMYFUNCTION("""COMPUTED_VALUE"""),"寶寶甜蜜咖哩") -> 寶寶甜蜜咖哩 | C33: {=IFERROR(INDEX(applied_prod, MATCH('食譜'!J33, ing_name, 0)), "")} -> 156.57 | D33: =IFERROR('食譜'!K33*3, "") -> 21 | E33: =IFERROR(C33/D33, "") -> 7.4557143 | F33: =IFERROR(1/E33, "") -> 0.13412531 | G33: =IFERROR(INT(F33*24)&"h "&INT(MOD(F33*24,1)*60)&"m", "") -> 3h 13m | H33: {=IFERROR(INDEX(applied_prod, MATCH('食譜'!L33, ing_name, 0)), "")} | I33: =IFERROR('食譜'!M33*3, "") -> 0 | J33: =IFERROR(H33/I33, "") | K33: =IFERROR(1/J33, "") | L33: =IFERROR(INT(K33*24)&"h "&INT(MOD(K33*24,1)*60)&"m", "") -> 0h 0m | M33: {=IFERROR(INDEX(applied_prod, MATCH('食譜'!N33, ing_name, 0)), "")} | N33: =IFERROR('食譜'!O33*3, "") -> 0 | O33: =IFERROR(M33/N33, "") | P33: =IFERROR(1/O33, "") | Q33: =IFERROR(INT(P33*24)&"h "&INT(MOD(P33*24,1)*60)&"m", "") -> 0h 0m | R33: {=IFERROR(INDEX(applied_prod, MATCH('食譜'!P33, ing_name, 0)), "")} | S33: =IFERROR('食譜'!Q33*3, "") -> 0 | T33: =IFERROR(R33/S33, "") | U33: =IFERROR(1/T33, "") | V33: =IFERROR(INT(U33*24)&"h "&INT(MOD(U33*24,1)*60)&"m", "") -> 0h 0m | W33: =IFERROR(INT((F33+K33+P33+U33)*24)&"h "&INT(MOD((F33+K33+P33+U33)*24,1)*60)&"m", "") -> 3h 13m | X33: =IFERROR((F33+K33+P33+U33), "") -> 0.13412531 | Y33: =IFERROR('食譜'!H33, "")*3 -> 2517 | Z33: =IFERROR(Y33/X33, "") -> 18766.033
A34: =IFERROR(__xludf.DUMMYFUNCTION("""COMPUTED_VALUE"""),"") | B34: =IFERROR(__xludf.DUMMYFUNCTION("""COMPUTED_VALUE"""),"豆製肉排咖哩") -> 豆製肉排咖哩 | C34: {=IFERROR(INDEX(applied_prod, MATCH('食譜'!J34, ing_name, 0)), "")} -> 157.5 | D34: =IFERROR('食譜'!K34*3, "") -> 21 | E34: =IFERROR(C34/D34, "") -> 7.5 | F34: =IFERROR(1/E34, "") -> 0.13333333 | G34: =IFERROR(INT(F34*24)&"h "&INT(MOD(F34*24,1)*60)&"m", "") -> 3h 12m | H34: {=IFERROR(INDEX(applied_prod, MATCH('食譜'!L34, ing_name, 0)), "")} | I34: =IFERROR('食譜'!M34*3, "") -> 0 | J34: =IFERROR(H34/I34, "") | K34: =IFERROR(1/J34, "") | L34: =IFERROR(INT(K34*24)&"h "&INT(MOD(K34*24,1)*60)&"m", "") -> 0h 0m | M34: {=IFERROR(INDEX(applied_prod, MATCH('食譜'!N34, ing_name, 0)), "")} | N34: =IFERROR('食譜'!O34*3, "") -> 0 | O34: =IFERROR(M34/N34, "") | P34: =IFERROR(1/O34, "") | Q34: =IFERROR(INT(P34*24)&"h "&INT(MOD(P34*24,1)*60)&"m", "") -> 0h 0m | R34: {=IFERROR(INDEX(applied_prod, MATCH('食譜'!P34, ing_name, 0)), "")} | S34: =IFERROR('食譜'!Q34*3, "") -> 0 | T34: =IFERROR(R34/S34, "") | U34: =IFERROR(1/T34, "") | V34: =IFERROR(INT(U34*24)&"h "&INT(MOD(U34*24,1)*60)&"m", "") -> 0h 0m | W34: =IFERROR(INT((F34+K34+P34+U34)*24)&"h "&INT(MOD((F34+K34+P34+U34)*24,1)*60)&"m", "") -> 3h 12m | X34: =IFERROR((F34+K34+P34+U34), "") -> 0.13333333 | Y34: =IFERROR('食譜'!H34, "")*3 -> 2568 | Z34: =IFERROR(Y34/X34, "") -> 19260
A35: =IFERROR(__xludf.DUMMYFUNCTION("""COMPUTED_VALUE"""),"") | B35: =IFERROR(__xludf.DUMMYFUNCTION("""COMPUTED_VALUE"""),"吃飽飽起司肉排咖哩") -> 吃飽飽起司肉排咖哩 | C35: {=IFERROR(INDEX(applied_prod, MATCH('食譜'!J35, ing_name, 0)), "")} -> 157.5 | D35: =IFERROR('食譜'!K35*3, "") -> 24 | E35: =IFERROR(C35/D35, "") -> 6.5625 | F35: =IFERROR(1/E35, "") -> 0.15238095 | G35: =IFERROR(INT(F35*24)&"h "&INT(MOD(F35*24,1)*60)&"m", "") -> 3h 39m | H35: {=IFERROR(INDEX(applied_prod, MATCH('食譜'!L35, ing_name, 0)), "")} -> 161.87 | I35: =IFERROR('食譜'!M35*3, "") -> 24 | J35: =IFERROR(H35/I35, "") -> 6.7445833 | K35: =IFERROR(1/J35, "") -> 0.14826713 | L35: =IFERROR(INT(K35*24)&"h "&INT(MOD(K35*24,1)*60)&"m", "") -> 3h 33m | M35: {=IFERROR(INDEX(applied_prod, MATCH('食譜'!N35, ing_name, 0)), "")} | N35: =IFERROR('食譜'!O35*3, "") -> 0 | O35: =IFERROR(M35/N35, "") | P35: =IFERROR(1/O35, "") | Q35: =IFERROR(INT(P35*24)&"h "&INT(MOD(P35*24,1)*60)&"m", "") -> 0h 0m | R35: {=IFERROR(INDEX(applied_prod, MATCH('食譜'!P35, ing_name, 0)), "")} | S35: =IFERROR('食譜'!Q35*3, "") -> 0 | T35: =IFERROR(R35/S35, "") | U35: =IFERROR(1/T35, "") | V35: =IFERROR(INT(U35*24)&"h "&INT(MOD(U35*24,1)*60)&"m", "") -> 0h 0m | W35: =IFERROR(INT((F35+K35+P35+U35)*24)&"h "&INT(MOD((F35+K35+P35+U35)*24,1)*60)&"m", "") -> 7h 12m | X35: =IFERROR((F35+K35+P35+U35), "") -> 0.30064808 | Y35: =IFERROR('食譜'!H35, "")*3 -> 5730 | Z35: =IFERROR(Y35/X35, "") -> 19058.828
A36: =IFERROR(__xludf.DUMMYFUNCTION("""COMPUTED_VALUE"""),"") | B36: =IFERROR(__xludf.DUMMYFUNCTION("""COMPUTED_VALUE"""),"日照炸肉排咖哩") -> 日照炸肉排咖哩 | C36: {=IFERROR(INDEX(applied_prod, MATCH('食譜'!J36, ing_name, 0)), "")} -> 157.5 | D36: =IFERROR('食譜'!K36*3, "") -> 30 | E36: =IFERROR(C36/D36, "") -> 5.25 | F36: =IFERROR(1/E36, "") -> 0.19047619 | G36: =IFERROR(INT(F36*24)&"h "&INT(MOD(F36*24,1)*60)&"m", "") -> 4h 34m | H36: {=IFERROR(INDEX(applied_prod, MATCH('食譜'!L36, ing_name, 0)), "")} -> 111.06 | I36: =IFERROR('食譜'!M36*3, "") -> 15 | J36: =IFERROR(H36/I36, "") -> 7.404 | K36: =IFERROR(1/J36, "") -> 0.13506213 | L36: =IFERROR(INT(K36*24)&"h "&INT(MOD(K36*24,1)*60)&"m", "") -> 3h 14m | M36: {=IFERROR(INDEX(applied_prod, MATCH('食譜'!N36, ing_name, 0)), "")} | N36: =IFERROR('食譜'!O36*3, "") -> 0 | O36: =IFERROR(M36/N36, "") | P36: =IFERROR(1/O36, "") | Q36: =IFERROR(INT(P36*24)&"h "&INT(MOD(P36*24,1)*60)&"m", "") -> 0h 0m | R36: {=IFERROR(INDEX(applied_prod, MATCH('食譜'!P36, ing_name, 0)), "")} | S36: =IFERROR('食譜'!Q36*3, "") -> 0 | T36: =IFERROR(R36/S36, "") | U36: =IFERROR(1/T36, "") | V36: =IFERROR(INT(U36*24)&"h "&INT(MOD(U36*24,1)*60)&"m", "") -> 0h 0m | W36: =IFERROR(INT((F36+K36+P36+U36)*24)&"h "&INT(MOD((F36+K36+P36+U36)*24,1)*60)&"m", "") -> 7h 48m | X36: =IFERROR((F36+K36+P36+U36), "") -> 0.32553832 | Y36: =IFERROR('食譜'!H36, "")*3 -> 5826 | Z36: =IFERROR(Y36/X36, "") -> 17896.511
A37: =IFERROR(__xludf.DUMMYFUNCTION("""COMPUTED_VALUE"""),"") | B37: =IFERROR(__xludf.DUMMYFUNCTION("""COMPUTED_VALUE"""),"太陽之力番茄咖哩") -> 太陽之力番茄咖哩 | C37: {=IFERROR(INDEX(applied_prod, MATCH('食譜'!J37, ing_name, 0)), "")} -> 137.56 | D37: =IFERROR('食譜'!K37*3, "") -> 30 | E37: =IFERROR(C37/D37, "") -> 4.5853333 | F37: =IFERROR(1/E37, "") -> 0.21808665 | G37: =IFERROR(INT(F37*24)&"h "&INT(MOD(F37*24,1)*60)&"m", "") -> 5h 14m | H37: {=IFERROR(INDEX(applied_prod, MATCH('食譜'!L37, ing_name, 0)), "")} -> 168.36 | I37: =IFERROR('食譜'!M37*3, "") -> 15 | J37: =IFERROR(H37/I37, "") -> 11.224 | K37: =IFERROR(1/J37, "") -> 0.089094797 | L37: =IFERROR(INT(K37*24)&"h "&INT(MOD(K37*24,1)*60)&"m", "") -> 2h 8m | M37: {=IFERROR(INDEX(applied_prod, MATCH('食譜'!N37, ing_name, 0)), "")} | N37: =IFERROR('食譜'!O37*3, "") -> 0 | O37: =IFERROR(M37/N37, "") | P37: =IFERROR(1/O37, "") | Q37: =IFERROR(INT(P37*24)&"h "&INT(MOD(P37*24,1)*60)&"m", "") -> 0h 0m | R37: {=IFERROR(INDEX(applied_prod, MATCH('食譜'!P37, ing_name, 0)), "")} | S37: =IFERROR('食譜'!Q37*3, "") -> 0 | T37: =IFERROR(R37/S37, "") | U37: =IFERROR(1/T37, "") | V37: =IFERROR(INT(U37*24)&"h "&INT(MOD(U37*24,1)*60)&"m", "") -> 0h 0m | W37: =IFERROR(INT((F37+K37+P37+U37)*24)&"h "&INT(MOD((F37+K37+P37+U37)*24,1)*60)&"m", "") -> 7h 22m | X37: =IFERROR((F37+K37+P37+U37), "") -> 0.30718145 | Y37: =IFERROR('食譜'!H37, "")*3 -> 6234 | Z37: =IFERROR(Y37/X37, "") -> 20294.194
A38: =IFERROR(__xludf.DUMMYFUNCTION("""COMPUTED_VALUE"""),"") | B38: =IFERROR(__xludf.DUMMYFUNCTION("""COMPUTED_VALUE"""),"入口即化蛋捲咖哩") -> 入口即化蛋捲咖哩 | C38: {=IFERROR(INDEX(applied_prod, MATCH('食譜'!J38, ing_name, 0)), "")} -> 127.29 | D38: =IFERROR('食譜'!K38*3, "") -> 30 | E38: =IFERROR(C38/D38, "") -> 4.243 | F38: =IFERROR(1/E38, "") -> 0.2356823 | G38: =IFERROR(INT(F38*24)&"h "&INT(MOD(F38*24,1)*60)&"m", "") -> 5h 39m | H38: {=IFERROR(INDEX(applied_prod, MATCH('食譜'!L38, ing_name, 0)), "")} -> 137.56 | I38: =IFERROR('食譜'!M38*3, "") -> 18 | J38: =IFERROR(H38/I38, "") -> 7.6422222 | K38: =IFERROR(1/J38, "") -> 0.13085199 | L38: =IFERROR(INT(K38*24)&"h "&INT(MOD(K38*24,1)*60)&"m", "") -> 3h 8m | M38: {=IFERROR(INDEX(applied_prod, MATCH('食譜'!N38, ing_name, 0)), "")} | N38: =IFERROR('食譜'!O38*3, "") -> 0 | O38: =IFERROR(M38/N38, "") | P38: =IFERROR(1/O38, "") | Q38: =IFERROR(INT(P38*24)&"h "&INT(MOD(P38*24,1)*60)&"m", "") -> 0h 0m | R38: {=IFERROR(INDEX(applied_prod, MATCH('食譜'!P38, ing_name, 0)), "")} | S38: =IFERROR('食譜'!Q38*3, "") -> 0 | T38: =IFERROR(R38/S38, "") | U38: =IFERROR(1/T38, "") | V38: =IFERROR(INT(U38*24)&"h "&INT(MOD(U38*24,1)*60)&"m", "") -> 0h 0m | W38: =IFERROR(INT((F38+K38+P38+U38)*24)&"h "&INT(MOD((F38+K38+P38+U38)*24,1)*60)&"m", "") -> 8h 47m | X38: =IFERROR((F38+K38+P38+U38), "") -> 0.36653429 | Y38: =IFERROR('食譜'!H38, "")*3 -> 6450 | Z38: =IFERROR(Y38/X38, "") -> 17597.262
A39: =IFERROR(__xludf.DUMMYFUNCTION("""COMPUTED_VALUE"""),"") | B39: =IFERROR(__xludf.DUMMYFUNCTION("""COMPUTED_VALUE"""),"窩心白醬濃湯") -> 窩心白醬濃湯 | C39: {=IFERROR(INDEX(applied_prod, MATCH('食譜'!J39, ing_name, 0)), "")} -> 161.87 | D39: =IFERROR('食譜'!K39*3, "") -> 30 | E39: =IFERROR(C39/D39, "") -> 5.3956667 | F39: =IFERROR(1/E39, "") -> 0.18533391 | G39: =IFERROR(INT(F39*24)&"h "&INT(MOD(F39*24,1)*60)&"m", "") -> 4h 26m | H39: {=IFERROR(INDEX(applied_prod, MATCH('食譜'!L39, ing_name, 0)), "")} -> 120.45 | I39: =IFERROR('食譜'!M39*3, "") -> 24 | J39: =IFERROR(H39/I39, "") -> 5.01875 | K39: =IFERROR(1/J39, "") -> 0.1992528 | L39: =IFERROR(INT(K39*24)&"h "&INT(MOD(K39*24,1)*60)&"m", "") -> 4h 46m | M39: {=IFERROR(INDEX(applied_prod, MATCH('食譜'!N39, ing_name, 0)), "")} -> 92.67 | N39: =IFERROR('食譜'!O39*3, "") -> 12 | O39: =IFERROR(M39/N39, "") -> 7.7225 | P39: =IFERROR(1/O39, "") -> 0.12949174 | Q39: =IFERROR(INT(P39*24)&"h "&INT(MOD(P39*24,1)*60)&"m", "") -> 3h 6m | R39: {=IFERROR(INDEX(applied_prod, MATCH('食譜'!P39, ing_name, 0)), "")} | S39: =IFERROR('食譜'!Q39*3, "") -> 0 | T39: =IFERROR(R39/S39, "") | U39: =IFERROR(1/T39, "") | V39: =IFERROR(INT(U39*24)&"h "&INT(MOD(U39*24,1)*60)&"m", "") -> 0h 0m | W39: =IFERROR(INT((F39+K39+P39+U39)*24)&"h "&INT(MOD((F39+K39+P39+U39)*24,1)*60)&"m", "") -> 12h 20m | X39: =IFERROR((F39+K39+P39+U39), "") -> 0.51407846 | Y39: =IFERROR('食譜'!H39, "")*3 -> 9543 | Z39: =IFERROR(Y39/X39, "") -> 18563.314
A40: =IFERROR(__xludf.DUMMYFUNCTION("""COMPUTED_VALUE"""),"") | B40: =IFERROR(__xludf.DUMMYFUNCTION("""COMPUTED_VALUE"""),"健美豆子咖哩") -> 健美豆子咖哩 | C40: {=IFERROR(INDEX(applied_prod, MATCH('食譜'!J40, ing_name, 0)), "")} -> 148.65 | D40: =IFERROR('食譜'!K40*3, "") -> 36 | E40: =IFERROR(C40/D40, "") -> 4.1291667 | F40: =IFERROR(1/E40, "") -> 0.24217962 | G40: =IFERROR(INT(F40*24)&"h "&INT(MOD(F40*24,1)*60)&"m", "") -> 5h 48m | H40: {=IFERROR(INDEX(applied_prod, MATCH('食譜'!L40, ing_name, 0)), "")} -> 157.5 | I40: =IFERROR('食譜'!M40*3, "") -> 18 | J40: =IFERROR(H40/I40, "") -> 8.75 | K40: =IFERROR(1/J40, "") -> 0.11428571 | L40: =IFERROR(INT(K40*24)&"h "&INT(MOD(K40*24,1)*60)&"m", "") -> 2h 44m | M40: {=IFERROR(INDEX(applied_prod, MATCH('食譜'!N40, ing_name, 0)), "")} -> 127.29 | N40: =IFERROR('食譜'!O40*3, "") -> 12 | O40: =IFERROR(M40/N40, "") -> 10.6075 | P40: =IFERROR(1/O40, "") -> 0.09427292 | Q40: =IFERROR(INT(P40*24)&"h "&INT(MOD(P40*24,1)*60)&"m", "") -> 2h 15m | R40: {=IFERROR(INDEX(applied_prod, MATCH('食譜'!P40, ing_name, 0)), "")} -> 168.36 | S40: =IFERROR('食譜'!Q40*3, "") -> 12 | T40: =IFERROR(R40/S40, "") -> 14.03 | U40: =IFERROR(1/T40, "") -> 0.071275837 | V40: =IFERROR(INT(U40*24)&"h "&INT(MOD(U40*24,1)*60)&"m", "") -> 1h 42m | W40: =IFERROR(INT((F40+K40+P40+U40)*24)&"h "&INT(MOD((F40+K40+P40+U40)*24,1)*60)&"m", "") -> 12h 31m | X40: =IFERROR((F40+K40+P40+U40), "") -> 0.52201409 | Y40: =IFERROR('食譜'!H40, "")*3 -> 10116 | Z40: =IFERROR(Y40/X40, "") -> 19378.787
A41: =IFERROR(__xludf.DUMMYFUNCTION("""COMPUTED_VALUE"""),"") | B41: =IFERROR(__xludf.DUMMYFUNCTION("""COMPUTED_VALUE"""),"蘑菇孢子咖哩") -> 蘑菇孢子咖哩 | C41: {=IFERROR(INDEX(applied_prod, MATCH('食譜'!J41, ing_name, 0)), "")} -> 92.67 | D41: =IFERROR('食譜'!K41*3, "") -> 42 | E41: =IFERROR(C41/D41, "") -> 2.2064286 | F41: =IFERROR(1/E41, "") -> 0.45322111 | G41: =IFERROR(INT(F41*24)&"h "&INT(MOD(F41*24,1)*60)&"m", "") -> 10h 52m | H41: {=IFERROR(INDEX(applied_prod, MATCH('食譜'!L41, ing_name, 0)), "")} -> 120.45 | I41: =IFERROR('食譜'!M41*3, "") -> 27 | J41: =IFERROR(H41/I41, "") -> 4.4611111 | K41: =IFERROR(1/J41, "") -> 0.2241594 | L41: =IFERROR(INT(K41*24)&"h "&INT(MOD(K41*24,1)*60)&"m", "") -> 5h 22m | M41: {=IFERROR(INDEX(applied_prod, MATCH('食譜'!N41, ing_name, 0)), "")} | N41: =IFERROR('食譜'!O41*3, "") -> 0 | O41: =IFERROR(M41/N41, "") | P41: =IFERROR(1/O41, "") | Q41: =IFERROR(INT(P41*24)&"h "&INT(MOD(P41*24,1)*60)&"m", "") -> 0h 0m | R41: {=IFERROR(INDEX(applied_prod, MATCH('食譜'!P41, ing_name, 0)), "")} | S41: =IFERROR('食譜'!Q41*3, "") -> 0 | T41: =IFERROR(R41/S41, "") | U41: =IFERROR(1/T41, "") | V41: =IFERROR(INT(U41*24)&"h "&INT(MOD(U41*24,1)*60)&"m", "") -> 0h 0m | W41: =IFERROR(INT((F41+K41+P41+U41)*24)&"h "&INT(MOD((F41+K41+P41+U41)*24,1)*60)&"m", "") -> 16h 15m | X41: =IFERROR((F41+K41+P41+U41), "") -> 0.67738051 | Y41: =IFERROR('食譜'!H41, "")*3 -> 12486 | Z41: =IFERROR(Y41/X41, "") -> 18432.771
A42: =IFERROR(__xludf.DUMMYFUNCTION("""COMPUTED_VALUE"""),"") | B42: =IFERROR(__xludf.DUMMYFUNCTION("""COMPUTED_VALUE"""),"親子愛咖哩") -> 親子愛咖哩 | C42: {=IFERROR(INDEX(applied_prod, MATCH('食譜'!J42, ing_name, 0)), "")} -> 156.57 | D42: =IFERROR('食譜'!K42*3, "") -> 36 | E42: =IFERROR(C42/D42, "") -> 4.3491667 | F42: =IFERROR(1/E42, "") -> 0.22992911 | G42: =IFERROR(INT(F42*24)&"h "&INT(MOD(F42*24,1)*60)&"m", "") -> 5h 31m | H42: {=IFERROR(INDEX(applied_prod, MATCH('食譜'!L42, ing_name, 0)), "")} -> 163.61 | I42: =IFERROR('食譜'!M42*3, "") -> 33 | J42: =IFERROR(H42/I42, "") -> 4.9578788 | K42: =IFERROR(1/J42, "") -> 0.20169916 | L42: =IFERROR(INT(K42*24)&"h "&INT(MOD(K42*24,1)*60)&"m", "") -> 4h 50m | M42: {=IFERROR(INDEX(applied_prod, MATCH('食譜'!N42, ing_name, 0)), "")} -> 127.29 | N42: =IFERROR('食譜'!O42*3, "") -> 24 | O42: =IFERROR(M42/N42, "") -> 5.30375 | P42: =IFERROR(1/O42, "") -> 0.18854584 | Q42: =IFERROR(INT(P42*24)&"h "&INT(MOD(P42*24,1)*60)&"m", "") -> 4h 31m | R42: {=IFERROR(INDEX(applied_prod, MATCH('食譜'!P42, ing_name, 0)), "")} -> 120.45 | S42: =IFERROR('食譜'!Q42*3, "") -> 12 | T42: =IFERROR(R42/S42, "") -> 10.0375 | U42: =IFERROR(1/T42, "") -> 0.099626401 | V42: =IFERROR(INT(U42*24)&"h "&INT(MOD(U42*24,1)*60)&"m", "") -> 2h 23m | W42: =IFERROR(INT((F42+K42+P42+U42)*24)&"h "&INT(MOD((F42+K42+P42+U42)*24,1)*60)&"m", "") -> 17h 16m | X42: =IFERROR((F42+K42+P42+U42), "") -> 0.71980051 | Y42: =IFERROR('食譜'!H42, "")*3 -> 13569 | Z42: =IFERROR(Y42/X42, "") -> 18851.056
A43: =IFERROR(__xludf.DUMMYFUNCTION("""COMPUTED_VALUE"""),"") | B43: =IFERROR(__xludf.DUMMYFUNCTION("""COMPUTED_VALUE"""),"柔軟玉米濃湯") -> 柔軟玉米濃湯 | C43: {=IFERROR(INDEX(applied_prod, MATCH('食譜'!J43, ing_name, 0)), "")} -> 134.79 | D43: =IFERROR('食譜'!K43*3, "") -> 42 | E43: =IFERROR(C43/D43, "") -> 3.2092857 | F43: =IFERROR(1/E43, "") -> 0.31159582 | G43: =IFERROR(INT(F43*24)&"h "&INT(MOD(F43*24,1)*60)&"m", "") -> 7h 28m | H43: {=IFERROR(INDEX(applied_prod, MATCH('食譜'!L43, ing_name, 0)), "")} -> 161.87 | I43: =IFERROR('食譜'!M43*3, "") -> 24 | J43: =IFERROR(H43/I43, "") -> 6.7445833 | K43: =IFERROR(1/J43, "") -> 0.14826713 | L43: =IFERROR(INT(K43*24)&"h "&INT(MOD(K43*24,1)*60)&"m", "") -> 3h 33m | M43: {=IFERROR(INDEX(applied_prod, MATCH('食譜'!N43, ing_name, 0)), "")} -> 120.45 | N43: =IFERROR('食譜'!O43*3, "") -> 24 | O43: =IFERROR(M43/N43, "") -> 5.01875 | P43: =IFERROR(1/O43, "") -> 0.1992528 | Q43: =IFERROR(INT(P43*24)&"h "&INT(MOD(P43*24,1)*60)&"m", "") -> 4h 46m | R43: {=IFERROR(INDEX(applied_prod, MATCH('食譜'!P43, ing_name, 0)), "")} | S43: =IFERROR('食譜'!Q43*3, "") -> 0 | T43: =IFERROR(R43/S43, "") | U43: =IFERROR(1/T43, "") | V43: =IFERROR(INT(U43*24)&"h "&INT(MOD(U43*24,1)*60)&"m", "") -> 0h 0m | W43: =IFERROR(INT((F43+K43+P43+U43)*24)&"h "&INT(MOD((F43+K43+P43+U43)*24,1)*60)&"m", "") -> 15h 49m | X43: =IFERROR((F43+K43+P43+U43), "") -> 0.65911575 | Y43: =IFERROR('食譜'!H43, "")*3 -> 14010 | Z43: =IFERROR(Y43/X43, "") -> 21255.751
A44: =IFERROR(__xludf.DUMMYFUNCTION("""COMPUTED_VALUE"""),"") | B44: =IFERROR(__xludf.DUMMYFUNCTION("""COMPUTED_VALUE"""),"迷昏拳辣味咖哩") -> 迷昏拳辣味咖哩 | C44: {=IFERROR(INDEX(applied_prod, MATCH('食譜'!J44, ing_name, 0)), "")} -> 114.19 | D44: =IFERROR('食譜'!K44*3, "") -> 33 | E44: =IFERROR(C44/D44, "") -> 3.460303 | F44: =IFERROR(1/E44, "") -> 0.28899203 | G44: =IFERROR(INT(F44*24)&"h "&INT(MOD(F44*24,1)*60)&"m", "") -> 6h 56m | H44: {=IFERROR(INDEX(applied_prod, MATCH('食譜'!L44, ing_name, 0)), "")} -> 168.36 | I44: =IFERROR('食譜'!M44*3, "") -> 33 | J44: =IFERROR(H44/I44, "") -> 5.1018182 | K44: =IFERROR(1/J44, "") -> 0.19600855 | L44: =IFERROR(INT(K44*24)&"h "&INT(MOD(K44*24,1)*60)&"m", "") -> 4h 42m | M44: {=IFERROR(INDEX(applied_prod, MATCH('食譜'!N44, ing_name, 0)), "")} -> 156.57 | N44: =IFERROR('食譜'!O44*3, "") -> 33 | O44: =IFERROR(M44/N44, "") -> 4.7445455 | P44: =IFERROR(1/O44, "") -> 0.21076835 | Q44: =IFERROR(INT(P44*24)&"h "&INT(MOD(P44*24,1)*60)&"m", "") -> 5h 3m | R44: {=IFERROR(INDEX(applied_prod, MATCH('食譜'!P44, ing_name, 0)), "")} | S44: =IFERROR('食譜'!Q44*3, "") -> 0 | T44: =IFERROR(R44/S44, "") | U44: =IFERROR(1/T44, "") | V44: =IFERROR(INT(U44*24)&"h "&INT(MOD(U44*24,1)*60)&"m", "") -> 0h 0m | W44: =IFERROR(INT((F44+K44+P44+U44)*24)&"h "&INT(MOD((F44+K44+P44+U44)*24,1)*60)&"m", "") -> 16h 41m | X44: =IFERROR((F44+K44+P44+U44), "") -> 0.69576893 | Y44: =IFERROR('食譜'!H44, "")*3 -> 17106 | Z44: =IFERROR(Y44/X44, "") -> 24585.749
A45: =IFERROR(__xludf.DUMMYFUNCTION("""COMPUTED_VALUE"""),"") | B45: =IFERROR(__xludf.DUMMYFUNCTION("""COMPUTED_VALUE"""),"辣味蔥勁十足咖哩") -> 辣味蔥勁十足咖哩 | C45: {=IFERROR(INDEX(applied_prod, MATCH('食譜'!J45, ing_name, 0)), "")} -> 87.81 | D45: =IFERROR('食譜'!K45*3, "") -> 42 | E45: =IFERROR(C45/D45, "") -> 2.0907143 | F45: =IFERROR(1/E45, "") -> 0.47830543 | G45: =IFERROR(INT(F45*24)&"h "&INT(MOD(F45*24,1)*60)&"m", "") -> 11h 28m | H45: {=IFERROR(INDEX(applied_prod, MATCH('食譜'!L45, ing_name, 0)), "")} -> 162.39 | I45: =IFERROR('食譜'!M45*3, "") -> 30 | J45: =IFERROR(H45/I45, "") -> 5.413 | K45: =IFERROR(1/J45, "") -> 0.18474044 | L45: =IFERROR(INT(K45*24)&"h "&INT(MOD(K45*24,1)*60)&"m", "") -> 4h 26m | M45: {=IFERROR(INDEX(applied_prod, MATCH('食譜'!N45, ing_name, 0)), "")} -> 168.36 | N45: =IFERROR('食譜'!O45*3, "") -> 24 | O45: =IFERROR(M45/N45, "") -> 7.015 | P45: =IFERROR(1/O45, "") -> 0.14255167 | Q45: =IFERROR(INT(P45*24)&"h "&INT(MOD(P45*24,1)*60)&"m", "") -> 3h 25m | R45: {=IFERROR(INDEX(applied_prod, MATCH('食譜'!P45, ing_name, 0)), "")} | S45: =IFERROR('食譜'!Q45*3, "") -> 0 | T45: =IFERROR(R45/S45, "") | U45: =IFERROR(1/T45, "") | V45: =IFERROR(INT(U45*24)&"h "&INT(MOD(U45*24,1)*60)&"m", "") -> 0h 0m | W45: =IFERROR(INT((F45+K45+P45+U45)*24)&"h "&INT(MOD((F45+K45+P45+U45)*24,1)*60)&"m", "") -> 19h 20m | X45: =IFERROR((F45+K45+P45+U45), "") -> 0.80559755 | Y45: =IFERROR('食譜'!H45, "")*3 -> 17700 | Z45: =IFERROR(Y45/X45, "") -> 21971.268
A46: =IFERROR(__xludf.DUMMYFUNCTION("""COMPUTED_VALUE"""),"") | B46: =IFERROR(__xludf.DUMMYFUNCTION("""COMPUTED_VALUE"""),"炙燒尾肉咖哩") -> 炙燒尾肉咖哩 | C46: {=IFERROR(INDEX(applied_prod, MATCH('食譜'!J46, ing_name, 0)), "")} -> 168.36 | D46: =IFERROR('食譜'!K46*3, "") -> 75 | E46: =IFERROR(C46/D46, "") -> 2.2448 | F46: =IFERROR(1/E46, "") -> 0.44547398 | G46: =IFERROR(INT(F46*24)&"h "&INT(MOD(F46*24,1)*60)&"m", "") -> 10h 41m | H46: {=IFERROR(INDEX(applied_prod, MATCH('食譜'!L46, ing_name, 0)), "")} -> 17.35 | I46: =IFERROR('食譜'!M46*3, "") -> 24 | J46: =IFERROR(H46/I46, "") -> 0.72291667 | K46: =IFERROR(1/J46, "") -> 1.3832853 | L46: =IFERROR(INT(K46*24)&"h "&INT(MOD(K46*24,1)*60)&"m", "") -> 33h 11m | M46: {=IFERROR(INDEX(applied_prod, MATCH('食譜'!N46, ing_name, 0)), "")} | N46: =IFERROR('食譜'!O46*3, "") -> 0 | O46: =IFERROR(M46/N46, "") | P46: =IFERROR(1/O46, "") | Q46: =IFERROR(INT(P46*24)&"h "&INT(MOD(P46*24,1)*60)&"m", "") -> 0h 0m | R46: {=IFERROR(INDEX(applied_prod, MATCH('食譜'!P46, ing_name, 0)), "")} | S46: =IFERROR('食譜'!Q46*3, "") -> 0 | T46: =IFERROR(R46/S46, "") | U46: =IFERROR(1/T46, "") | V46: =IFERROR(INT(U46*24)&"h "&INT(MOD(U46*24,1)*60)&"m", "") -> 0h 0m | W46: =IFERROR(INT((F46+K46+P46+U46)*24)&"h "&INT(MOD((F46+K46+P46+U46)*24,1)*60)&"m", "") -> 43h 53m | X46: =IFERROR((F46+K46+P46+U46), "") -> 1.8287593 | Y46: =IFERROR('食譜'!H46, "")*3 -> 22449 | Z46: =IFERROR(Y46/X46, "") -> 12275.536
A47: =IFERROR(__xludf.DUMMYFUNCTION("""COMPUTED_VALUE"""),"") | B47: =IFERROR(__xludf.DUMMYFUNCTION("""COMPUTED_VALUE"""),"絕對睡眠奶油咖哩") -> 絕對睡眠奶油咖哩 | C47: {=IFERROR(INDEX(applied_prod, MATCH('食譜'!J47, ing_name, 0)), "")} -> 120.45 | D47: =IFERROR('食譜'!K47*3, "") -> 54 | E47: =IFERROR(C47/D47, "") -> 2.2305556 | F47: =IFERROR(1/E47, "") -> 0.4483188 | G47: =IFERROR(INT(F47*24)&"h "&INT(MOD(F47*24,1)*60)&"m", "") -> 10h 45m | H47: {=IFERROR(INDEX(applied_prod, MATCH('食譜'!L47, ing_name, 0)), "")} -> 137.56 | I47: =IFERROR('食譜'!M47*3, "") -> 45 | J47: =IFERROR(H47/I47, "") -> 3.0568889 | K47: =IFERROR(1/J47, "") -> 0.32712998 | L47: =IFERROR(INT(K47*24)&"h "&INT(MOD(K47*24,1)*60)&"m", "") -> 7h 51m | M47: {=IFERROR(INDEX(applied_prod, MATCH('食譜'!N47, ing_name, 0)), "")} -> 98.53 | N47: =IFERROR('食譜'!O47*3, "") -> 36 | O47: =IFERROR(M47/N47, "") -> 2.7369444 | P47: =IFERROR(1/O47, "") -> 0.36537095 | Q47: =IFERROR(INT(P47*24)&"h "&INT(MOD(P47*24,1)*60)&"m", "") -> 8h 46m | R47: {=IFERROR(INDEX(applied_prod, MATCH('食譜'!P47, ing_name, 0)), "")} -> 161.87 | S47: =IFERROR('食譜'!Q47*3, "") -> 30 | T47: =IFERROR(R47/S47, "") -> 5.3956667 | U47: =IFERROR(1/T47, "") -> 0.18533391 | V47: =IFERROR(INT(U47*24)&"h "&INT(MOD(U47*24,1)*60)&"m", "") -> 4h 26m | W47: =IFERROR(INT((F47+K47+P47+U47)*24)&"h "&INT(MOD((F47+K47+P47+U47)*24,1)*60)&"m", "") -> 31h 49m | X47: =IFERROR((F47+K47+P47+U47), "") -> 1.3261536 | Y47: =IFERROR('食譜'!H47, "")*3 -> 27030 | Z47: =IFERROR(Y47/X47, "") -> 20382.254
A48: =IFERROR(__xludf.DUMMYFUNCTION("""COMPUTED_VALUE"""),"") | B48: =IFERROR(__xludf.DUMMYFUNCTION("""COMPUTED_VALUE"""),"忍者咖哩") -> 忍者咖哩 | C48: {=IFERROR(INDEX(applied_prod, MATCH('食譜'!J48, ing_name, 0)), "")} -> 148.65 | D48: =IFERROR('食譜'!K48*3, "") -> 72 | E48: =IFERROR(C48/D48, "") -> 2.0645833 | F48: =IFERROR(1/E48, "") -> 0.48435923 | G48: =IFERROR(INT(F48*24)&"h "&INT(MOD(F48*24,1)*60)&"m", "") -> 11h 37m | H48: {=IFERROR(INDEX(applied_prod, MATCH('食譜'!L48, ing_name, 0)), "")} -> 87.81 | I48: =IFERROR('食譜'!M48*3, "") -> 36 | J48: =IFERROR(H48/I48, "") -> 2.4391667 | K48: =IFERROR(1/J48, "") -> 0.40997608 | L48: =IFERROR(INT(K48*24)&"h "&INT(MOD(K48*24,1)*60)&"m", "") -> 9h 50m | M48: {=IFERROR(INDEX(applied_prod, MATCH('食譜'!N48, ing_name, 0)), "")} -> 157.5 | N48: =IFERROR('食譜'!O48*3, "") -> 27 | O48: =IFERROR(M48/N48, "") -> 5.8333333 | P48: =IFERROR(1/O48, "") -> 0.17142857 | Q48: =IFERROR(INT(P48*24)&"h "&INT(MOD(P48*24,1)*60)&"m", "") -> 4h 6m | R48: {=IFERROR(INDEX(applied_prod, MATCH('食譜'!P48, ing_name, 0)), "")} -> 92.67 | S48: =IFERROR('食譜'!Q48*3, "") -> 15 | T48: =IFERROR(R48/S48, "") -> 6.178 | U48: =IFERROR(1/T48, "") -> 0.16186468 | V48: =IFERROR(INT(U48*24)&"h "&INT(MOD(U48*24,1)*60)&"m", "") -> 3h 53m | W48: =IFERROR(INT((F48+K48+P48+U48)*24)&"h "&INT(MOD((F48+K48+P48+U48)*24,1)*60)&"m", "") -> 29h 27m | X48: =IFERROR((F48+K48+P48+U48), "") -> 1.2276286 | Y48: =IFERROR('食譜'!H48, "")*3 -> 28335 | Z48: =IFERROR(Y48/X48, "") -> 23081.086
A49: =IFERROR(__xludf.DUMMYFUNCTION("""COMPUTED_VALUE"""),"") | B49: =IFERROR(__xludf.DUMMYFUNCTION("""COMPUTED_VALUE"""),"煉獄玉米乾咖哩") -> 煉獄玉米乾咖哩 | C49: {=IFERROR(INDEX(applied_prod, MATCH('食譜'!J49, ing_name, 0)), "")} -> 168.36 | D49: =IFERROR('食譜'!K49*3, "") -> 81 | E49: =IFERROR(C49/D49, "") -> 2.0785185 | F49: =IFERROR(1/E49, "") -> 0.4811119 | G49: =IFERROR(INT(F49*24)&"h "&INT(MOD(F49*24,1)*60)&"m", "") -> 11h 32m | H49: {=IFERROR(INDEX(applied_prod, MATCH('食譜'!L49, ing_name, 0)), "")} -> 157.5 | I49: =IFERROR('食譜'!M49*3, "") -> 72 | J49: =IFERROR(H49/I49, "") -> 2.1875 | K49: =IFERROR(1/J49, "") -> 0.45714286 | L49: =IFERROR(INT(K49*24)&"h "&INT(MOD(K49*24,1)*60)&"m", "") -> 10h 58m | M49: {=IFERROR(INDEX(applied_prod, MATCH('食譜'!N49, ing_name, 0)), "")} -> 134.79 | N49: =IFERROR('食譜'!O49*3, "") -> 42 | O49: =IFERROR(M49/N49, "") -> 3.2092857 | P49: =IFERROR(1/O49, "") -> 0.31159582 | Q49: =IFERROR(INT(P49*24)&"h "&INT(MOD(P49*24,1)*60)&"m", "") -> 7h 28m | R49: {=IFERROR(INDEX(applied_prod, MATCH('食譜'!P49, ing_name, 0)), "")} -> 162.39 | S49: =IFERROR('食譜'!Q49*3, "") -> 36 | T49: =IFERROR(R49/S49, "") -> 4.5108333 | U49: =IFERROR(1/T49, "") -> 0.22168853 | V49: =IFERROR(INT(U49*24)&"h "&INT(MOD(U49*24,1)*60)&"m", "") -> 5h 19m | W49: =IFERROR(INT((F49+K49+P49+U49)*24)&"h "&INT(MOD((F49+K49+P49+U49)*24,1)*60)&"m", "") -> 35h 19m | X49: =IFERROR((F49+K49+P49+U49), "") -> 1.4715391 | Y49: =IFERROR('食譜'!H49, "")*3 -> 41070 | Z49: =IFERROR(Y49/X49, "") -> 27909.554
A50: =IFERROR(__xludf.DUMMYFUNCTION("""COMPUTED_VALUE"""),"") | B50: =IFERROR(__xludf.DUMMYFUNCTION("""COMPUTED_VALUE"""),"扮演南瓜精濃湯") -> 扮演南瓜精濃湯 | C50: {=IFERROR(INDEX(applied_prod, MATCH('食譜'!J50, ing_name, 0)), "")} -> 63.05 | D50: =IFERROR('食譜'!K50*3, "") -> 30 | E50: =IFERROR(C50/D50, "") -> 2.1016667 | F50: =IFERROR(1/E50, "") -> 0.47581285 | G50: =IFERROR(INT(F50*24)&"h "&INT(MOD(F50*24,1)*60)&"m", "") -> 11h 25m | H50: {=IFERROR(INDEX(applied_prod, MATCH('食譜'!L50, ing_name, 0)), "")} -> 157.5 | I50: =IFERROR('食譜'!M50*3, "") -> 48 | J50: =IFERROR(H50/I50, "") -> 3.28125 | K50: =IFERROR(1/J50, "") -> 0.3047619 | L50: =IFERROR(INT(K50*24)&"h "&INT(MOD(K50*24,1)*60)&"m", "") -> 7h 18m | M50: {=IFERROR(INDEX(applied_prod, MATCH('食譜'!N50, ing_name, 0)), "")} -> 120.45 | N50: =IFERROR('食譜'!O50*3, "") -> 54 | O50: =IFERROR(M50/N50, "") -> 2.2305556 | P50: =IFERROR(1/O50, "") -> 0.4483188 | Q50: =IFERROR(INT(P50*24)&"h "&INT(MOD(P50*24,1)*60)&"m", "") -> 10h 45m | R50: {=IFERROR(INDEX(applied_prod, MATCH('食譜'!P50, ing_name, 0)), "")} -> 92.67 | S50: =IFERROR('食譜'!Q50*3, "") -> 75 | T50: =IFERROR(R50/S50, "") -> 1.2356 | U50: =IFERROR(1/T50, "") -> 0.80932341 | V50: =IFERROR(INT(U50*24)&"h "&INT(MOD(U50*24,1)*60)&"m", "") -> 19h 25m | W50: =IFERROR(INT((F50+K50+P50+U50)*24)&"h "&INT(MOD((F50+K50+P50+U50)*24,1)*60)&"m", "") -> 48h 55m | X50: =IFERROR((F50+K50+P50+U50), "") -> 2.038217 | Y50: =IFERROR('食譜'!H50, "")*3 -> 46863 | Z50: =IFERROR(Y50/X50, "") -> 22992.155
A51: =IFERROR(__xludf.DUMMYFUNCTION("""COMPUTED_VALUE"""),"") | B51: =IFERROR(__xludf.DUMMYFUNCTION("""COMPUTED_VALUE"""),"覺醒力量濃湯") -> 覺醒力量濃湯 | C51: {=IFERROR(INDEX(applied_prod, MATCH('食譜'!J51, ing_name, 0)), "")} -> 148.65 | D51: =IFERROR('食譜'!K51*3, "") -> 84 | E51: =IFERROR(C51/D51, "") -> 1.7696429 | F51: =IFERROR(1/E51, "") -> 0.56508577 | G51: =IFERROR(INT(F51*24)&"h "&INT(MOD(F51*24,1)*60)&"m", "") -> 13h 33m | H51: {=IFERROR(INDEX(applied_prod, MATCH('食譜'!L51, ing_name, 0)), "")} -> 137.56 | I51: =IFERROR('食譜'!M51*3, "") -> 75 | J51: =IFERROR(H51/I51, "") -> 1.8341333 | K51: =IFERROR(1/J51, "") -> 0.54521663 | L51: =IFERROR(INT(K51*24)&"h "&INT(MOD(K51*24,1)*60)&"m", "") -> 13h 5m | M51: {=IFERROR(INDEX(applied_prod, MATCH('食譜'!N51, ing_name, 0)), "")} -> 92.67 | N51: =IFERROR('食譜'!O51*3, "") -> 69 | O51: =IFERROR(M51/N51, "") -> 1.3430435 | P51: =IFERROR(1/O51, "") -> 0.74457753 | Q51: =IFERROR(INT(P51*24)&"h "&INT(MOD(P51*24,1)*60)&"m", "") -> 17h 52m | R51: {=IFERROR(INDEX(applied_prod, MATCH('食譜'!P51, ing_name, 0)), "")} -> 114.19 | S51: =IFERROR('食譜'!Q51*3, "") -> 48 | T51: =IFERROR(R51/S51, "") -> 2.3789583 | U51: =IFERROR(1/T51, "") -> 0.42035204 | V51: =IFERROR(INT(U51*24)&"h "&INT(MOD(U51*24,1)*60)&"m", "") -> 10h 5m | W51: =IFERROR(INT((F51+K51+P51+U51)*24)&"h "&INT(MOD((F51+K51+P51+U51)*24,1)*60)&"m", "") -> 54h 36m | X51: =IFERROR((F51+K51+P51+U51), "") -> 2.275232 | Y51: =IFERROR('食譜'!H51, "")*3 -> 57183 | Z51: =IFERROR(Y51/X51, "") -> 25132.822
A52: =IFERROR(__xludf.DUMMYFUNCTION("""COMPUTED_VALUE"""),"") | B52: =IFERROR(__xludf.DUMMYFUNCTION("""COMPUTED_VALUE"""),"居合斬壽喜燒咖哩") -> 居合斬壽喜燒咖哩 | C52: {=IFERROR(INDEX(applied_prod, MATCH('食譜'!J52, ing_name, 0)), "")} -> 87.81 | D52: =IFERROR('食譜'!K52*3, "") -> 81 | E52: =IFERROR(C52/D52, "") -> 1.0840741 | F52: =IFERROR(1/E52, "") -> 0.92244619 | G52: =IFERROR(INT(F52*24)&"h "&INT(MOD(F52*24,1)*60)&"m", "") -> 22h 8m | H52: {=IFERROR(INDEX(applied_prod, MATCH('食譜'!L52, ing_name, 0)), "")} -> 157.5 | I52: =IFERROR('食譜'!M52*3, "") -> 78 | J52: =IFERROR(H52/I52, "") -> 2.0192308 | K52: =IFERROR(1/J52, "") -> 0.4952381 | L52: =IFERROR(INT(K52*24)&"h "&INT(MOD(K52*24,1)*60)&"m", "") -> 11h 53m | M52: {=IFERROR(INDEX(applied_prod, MATCH('食譜'!N52, ing_name, 0)), "")} -> 156.57 | N52: =IFERROR('食譜'!O52*3, "") -> 78 | O52: =IFERROR(M52/N52, "") -> 2.0073077 | P52: =IFERROR(1/O52, "") -> 0.49817973 | Q52: =IFERROR(INT(P52*24)&"h "&INT(MOD(P52*24,1)*60)&"m", "") -> 11h 57m | R52: {=IFERROR(INDEX(applied_prod, MATCH('食譜'!P52, ing_name, 0)), "")} -> 127.29 | S52: =IFERROR('食譜'!Q52*3, "") -> 66 | T52: =IFERROR(R52/S52, "") -> 1.9286364 | U52: =IFERROR(1/T52, "") -> 0.51850106 | V52: =IFERROR(INT(U52*24)&"h "&INT(MOD(U52*24,1)*60)&"m", "") -> 12h 26m | W52: =IFERROR(INT((F52+K52+P52+U52)*24)&"h "&INT(MOD((F52+K52+P52+U52)*24,1)*60)&"m", "") -> 58h 25m | X52: =IFERROR((F52+K52+P52+U52), "") -> 2.4343651 | Y52: =IFERROR('食譜'!H52, "")*3 -> 61965 | Z52: =IFERROR(Y52/X52, "") -> 25454.276
A53: =IFERROR(__xludf.DUMMYFUNCTION("""COMPUTED_VALUE"""),"") | B53: =IFERROR(__xludf.DUMMYFUNCTION("""COMPUTED_VALUE"""),"茂盛焗烤酪梨") -> 茂盛焗烤酪梨 | C53: {=IFERROR(INDEX(applied_prod, MATCH('食譜'!J53, ing_name, 0)), "")} -> 105.63 | D53: =IFERROR('食譜'!K53*3, "") -> 66 | E53: =IFERROR(C53/D53, "") -> 1.6004545 | F53: =IFERROR(1/E53, "") -> 0.62482249 | G53: =IFERROR(INT(F53*24)&"h "&INT(MOD(F53*24,1)*60)&"m", "") -> 14h 59m | H53: {=IFERROR(INDEX(applied_prod, MATCH('食譜'!L53, ing_name, 0)), "")} -> 120.45 | I53: =IFERROR('食譜'!M53*3, "") -> 60 | J53: =IFERROR(H53/I53, "") -> 2.0075 | K53: =IFERROR(1/J53, "") -> 0.498132 | L53: =IFERROR(INT(K53*24)&"h "&INT(MOD(K53*24,1)*60)&"m", "") -> 11h 57m | M53: {=IFERROR(INDEX(applied_prod, MATCH('食譜'!N53, ing_name, 0)), "")} -> 161.87 | N53: =IFERROR('食譜'!O53*3, "") -> 123 | O53: =IFERROR(M53/N53, "") -> 1.3160163 | P53: =IFERROR(1/O53, "") -> 0.75986903 | Q53: =IFERROR(INT(P53*24)&"h "&INT(MOD(P53*24,1)*60)&"m", "") -> 18h 14m | R53: {=IFERROR(INDEX(applied_prod, MATCH('食譜'!P53, ing_name, 0)), "")} -> 111.06 | S53: =IFERROR('食譜'!Q53*3, "") -> 96 | T53: =IFERROR(R53/S53, "") -> 1.156875 | U53: =IFERROR(1/T53, "") -> 0.86439762 | V53: =IFERROR(INT(U53*24)&"h "&INT(MOD(U53*24,1)*60)&"m", "") -> 20h 44m | W53: =IFERROR(INT((F53+K53+P53+U53)*24)&"h "&INT(MOD((F53+K53+P53+U53)*24,1)*60)&"m", "") -> 65h 55m | X53: =IFERROR((F53+K53+P53+U53), "") -> 2.7472212 | Y53: =IFERROR('食譜'!H53, "")*3 -> 74406 | Z53: =IFERROR(Y53/X53, "") -> 27084.095
A54: =IFERROR(__xludf.DUMMYFUNCTION("""COMPUTED_VALUE"""),"") | B54: =IFERROR(__xludf.DUMMYFUNCTION("""COMPUTED_VALUE"""),"拌拌果汁") -> 拌拌果汁 | C54: {=IFERROR(INDEX(applied_prod, MATCH('食譜'!J54, ing_name, 0)), "")} | D54: =IFERROR('食譜'!K54*3, "") -> 0 | E54: =IFERROR(C54/D54, "") | F54: =IFERROR(1/E54, "") | G54: =IFERROR(INT(F54*24)&"h "&INT(MOD(F54*24,1)*60)&"m", "") -> 0h 0m | H54: {=IFERROR(INDEX(applied_prod, MATCH('食譜'!L54, ing_name, 0)), "")} | I54: =IFERROR('食譜'!M54*3, "") -> 0 | J54: =IFERROR(H54/I54, "") | K54: =IFERROR(1/J54, "") | L54: =IFERROR(INT(K54*24)&"h "&INT(MOD(K54*24,1)*60)&"m", "") -> 0h 0m | M54: {=IFERROR(INDEX(applied_prod, MATCH('食譜'!N54, ing_name, 0)), "")} | N54: =IFERROR('食譜'!O54*3, "") -> 0 | O54: =IFERROR(M54/N54, "") | P54: =IFERROR(1/O54, "") | Q54: =IFERROR(INT(P54*24)&"h "&INT(MOD(P54*24,1)*60)&"m", "") -> 0h 0m | R54: {=IFERROR(INDEX(applied_prod, MATCH('食譜'!P54, ing_name, 0)), "")} | S54: =IFERROR('食譜'!Q54*3, "") -> 0 | T54: =IFERROR(R54/S54, "") | U54: =IFERROR(1/T54, "") | V54: =IFERROR(INT(U54*24)&"h "&INT(MOD(U54*24,1)*60)&"m", "") -> 0h 0m | W54: =IFERROR(INT((F54+K54+P54+U54)*24)&"h "&INT(MOD((F54+K54+P54+U54)*24,1)*60)&"m", "") -> 0h 0m | X54: =IFERROR((F54+K54+P54+U54), "") -> 0 | Y54: =IFERROR('食譜'!H54, "")*3 -> 0 | Z54: =IFERROR(Y54/X54, "")
A55: =IFERROR(__xludf.DUMMYFUNCTION("""COMPUTED_VALUE"""),"") | B55: =IFERROR(__xludf.DUMMYFUNCTION("""COMPUTED_VALUE"""),"哞哞熱鮮奶") -> 哞哞熱鮮奶 | C55: {=IFERROR(INDEX(applied_prod, MATCH('食譜'!J55, ing_name, 0)), "")} -> 161.87 | D55: =IFERROR('食譜'!K55*3, "") -> 21 | E55: =IFERROR(C55/D55, "") -> 7.7080952 | F55: =IFERROR(1/E55, "") -> 0.12973374 | G55: =IFERROR(INT(F55*24)&"h "&INT(MOD(F55*24,1)*60)&"m", "") -> 3h 6m | H55: {=IFERROR(INDEX(applied_prod, MATCH('食譜'!L55, ing_name, 0)), "")} | I55: =IFERROR('食譜'!M55*3, "") -> 0 | J55: =IFERROR(H55/I55, "") | K55: =IFERROR(1/J55, "") | L55: =IFERROR(INT(K55*24)&"h "&INT(MOD(K55*24,1)*60)&"m", "") -> 0h 0m | M55: {=IFERROR(INDEX(applied_prod, MATCH('食譜'!N55, ing_name, 0)), "")} | N55: =IFERROR('食譜'!O55*3, "") -> 0 | O55: =IFERROR(M55/N55, "") | P55: =IFERROR(1/O55, "") | Q55: =IFERROR(INT(P55*24)&"h "&INT(MOD(P55*24,1)*60)&"m", "") -> 0h 0m | R55: {=IFERROR(INDEX(applied_prod, MATCH('食譜'!P55, ing_name, 0)), "")} | S55: =IFERROR('食譜'!Q55*3, "") -> 0 | T55: =IFERROR(R55/S55, "") | U55: =IFERROR(1/T55, "") | V55: =IFERROR(INT(U55*24)&"h "&INT(MOD(U55*24,1)*60)&"m", "") -> 0h 0m | W55: =IFERROR(INT((F55+K55+P55+U55)*24)&"h "&INT(MOD((F55+K55+P55+U55)*24,1)*60)&"m", "") -> 3h 6m | X55: =IFERROR((F55+K55+P55+U55), "") -> 0.12973374 | Y55: =IFERROR('食譜'!H55, "")*3 -> 2442 | Z55: =IFERROR(Y55/X55, "") -> 18823.169
A56: =IFERROR(__xludf.DUMMYFUNCTION("""COMPUTED_VALUE"""),"") | B56: =IFERROR(__xludf.DUMMYFUNCTION("""COMPUTED_VALUE"""),"特選蘋果汁") -> 特選蘋果汁 | C56: {=IFERROR(INDEX(applied_prod, MATCH('食譜'!J56, ing_name, 0)), "")} -> 163.61 | D56: =IFERROR('食譜'!K56*3, "") -> 24 | E56: =IFERROR(C56/D56, "") -> 6.8170833 | F56: =IFERROR(1/E56, "") -> 0.1466903 | G56: =IFERROR(INT(F56*24)&"h "&INT(MOD(F56*24,1)*60)&"m", "") -> 3h 31m | H56: {=IFERROR(INDEX(applied_prod, MATCH('食譜'!L56, ing_name, 0)), "")} | I56: =IFERROR('食譜'!M56*3, "") -> 0 | J56: =IFERROR(H56/I56, "") | K56: =IFERROR(1/J56, "") | L56: =IFERROR(INT(K56*24)&"h "&INT(MOD(K56*24,1)*60)&"m", "") -> 0h 0m | M56: {=IFERROR(INDEX(applied_prod, MATCH('食譜'!N56, ing_name, 0)), "")} | N56: =IFERROR('食譜'!O56*3, "") -> 0 | O56: =IFERROR(M56/N56, "") | P56: =IFERROR(1/O56, "") | Q56: =IFERROR(INT(P56*24)&"h "&INT(MOD(P56*24,1)*60)&"m", "") -> 0h 0m | R56: {=IFERROR(INDEX(applied_prod, MATCH('食譜'!P56, ing_name, 0)), "")} | S56: =IFERROR('食譜'!Q56*3, "") -> 0 | T56: =IFERROR(R56/S56, "") | U56: =IFERROR(1/T56, "") | V56: =IFERROR(INT(U56*24)&"h "&INT(MOD(U56*24,1)*60)&"m", "") -> 0h 0m | W56: =IFERROR(INT((F56+K56+P56+U56)*24)&"h "&INT(MOD((F56+K56+P56+U56)*24,1)*60)&"m", "") -> 3h 31m | X56: =IFERROR((F56+K56+P56+U56), "") -> 0.1466903 | Y56: =IFERROR('食譜'!H56, "")*3 -> 2565 | Z56: =IFERROR(Y56/X56, "") -> 17485.819
A57: =IFERROR(__xludf.DUMMYFUNCTION("""COMPUTED_VALUE"""),"") | B57: =IFERROR(__xludf.DUMMYFUNCTION("""COMPUTED_VALUE"""),"手製勁爽汽水") -> 手製勁爽汽水 | C57: {=IFERROR(INDEX(applied_prod, MATCH('食譜'!J57, ing_name, 0)), "")} -> 156.57 | D57: =IFERROR('食譜'!K57*3, "") -> 27 | E57: =IFERROR(C57/D57, "") -> 5.7988889 | F57: =IFERROR(1/E57, "") -> 0.17244683 | G57: =IFERROR(INT(F57*24)&"h "&INT(MOD(F57*24,1)*60)&"m", "") -> 4h 8m | H57: {=IFERROR(INDEX(applied_prod, MATCH('食譜'!L57, ing_name, 0)), "")} | I57: =IFERROR('食譜'!M57*3, "") -> 0 | J57: =IFERROR(H57/I57, "") | K57: =IFERROR(1/J57, "") | L57: =IFERROR(INT(K57*24)&"h "&INT(MOD(K57*24,1)*60)&"m", "") -> 0h 0m | M57: {=IFERROR(INDEX(applied_prod, MATCH('食譜'!N57, ing_name, 0)), "")} | N57: =IFERROR('食譜'!O57*3, "") -> 0 | O57: =IFERROR(M57/N57, "") | P57: =IFERROR(1/O57, "") | Q57: =IFERROR(INT(P57*24)&"h "&INT(MOD(P57*24,1)*60)&"m", "") -> 0h 0m | R57: {=IFERROR(INDEX(applied_prod, MATCH('食譜'!P57, ing_name, 0)), "")} | S57: =IFERROR('食譜'!Q57*3, "") -> 0 | T57: =IFERROR(R57/S57, "") | U57: =IFERROR(1/T57, "") | V57: =IFERROR(INT(U57*24)&"h "&INT(MOD(U57*24,1)*60)&"m", "") -> 0h 0m | W57: =IFERROR(INT((F57+K57+P57+U57)*24)&"h "&INT(MOD((F57+K57+P57+U57)*24,1)*60)&"m", "") -> 4h 8m | X57: =IFERROR((F57+K57+P57+U57), "") -> 0.17244683 | Y57: =IFERROR('食譜'!H57, "")*3 -> 3237 | Z57: =IFERROR(Y57/X57, "") -> 18771.003
A58: =IFERROR(__xludf.DUMMYFUNCTION("""COMPUTED_VALUE"""),"") | B58: =IFERROR(__xludf.DUMMYFUNCTION("""COMPUTED_VALUE"""),"祈願蘋果派") -> 祈願蘋果派 | C58: {=IFERROR(INDEX(applied_prod, MATCH('食譜'!J58, ing_name, 0)), "")} -> 163.61 | D58: =IFERROR('食譜'!K58*3, "") -> 36 | E58: =IFERROR(C58/D58, "") -> 4.5447222 | F58: =IFERROR(1/E58, "") -> 0.22003545 | G58: =IFERROR(INT(F58*24)&"h "&INT(MOD(F58*24,1)*60)&"m", "") -> 5h 16m | H58: {=IFERROR(INDEX(applied_prod, MATCH('食譜'!L58, ing_name, 0)), "")} -> 161.87 | I58: =IFERROR('食譜'!M58*3, "") -> 12 | J58: =IFERROR(H58/I58, "") -> 13.489167 | K58: =IFERROR(1/J58, "") -> 0.074133564 | L58: =IFERROR(INT(K58*24)&"h "&INT(MOD(K58*24,1)*60)&"m", "") -> 1h 46m | M58: {=IFERROR(INDEX(applied_prod, MATCH('食譜'!N58, ing_name, 0)), "")} | N58: =IFERROR('食譜'!O58*3, "") -> 0 | O58: =IFERROR(M58/N58, "") | P58: =IFERROR(1/O58, "") | Q58: =IFERROR(INT(P58*24)&"h "&INT(MOD(P58*24,1)*60)&"m", "") -> 0h 0m | R58: {=IFERROR(INDEX(applied_prod, MATCH('食譜'!P58, ing_name, 0)), "")} | S58: =IFERROR('食譜'!Q58*3, "") -> 0 | T58: =IFERROR(R58/S58, "") | U58: =IFERROR(1/T58, "") | V58: =IFERROR(INT(U58*24)&"h "&INT(MOD(U58*24,1)*60)&"m", "") -> 0h 0m | W58: =IFERROR(INT((F58+K58+P58+U58)*24)&"h "&INT(MOD((F58+K58+P58+U58)*24,1)*60)&"m", "") -> 7h 3m | X58: =IFERROR((F58+K58+P58+U58), "") -> 0.29416901 | Y58: =IFERROR('食譜'!H58, "")*3 -> 5244 | Z58: =IFERROR(Y58/X58, "") -> 17826.487
A59: =IFERROR(__xludf.DUMMYFUNCTION("""COMPUTED_VALUE"""),"") | B59: =IFERROR(__xludf.DUMMYFUNCTION("""COMPUTED_VALUE"""),"熟成甜薯燒") -> 熟成甜薯燒 | C59: {=IFERROR(INDEX(applied_prod, MATCH('食譜'!J59, ing_name, 0)), "")} -> 120.45 | D59: =IFERROR('食譜'!K59*3, "") -> 27 | E59: =IFERROR(C59/D59, "") -> 4.4611111 | F59: =IFERROR(1/E59, "") -> 0.2241594 | G59: =IFERROR(INT(F59*24)&"h "&INT(MOD(F59*24,1)*60)&"m", "") -> 5h 22m | H59: {=IFERROR(INDEX(applied_prod, MATCH('食譜'!L59, ing_name, 0)), "")} -> 161.87 | I59: =IFERROR('食譜'!M59*3, "") -> 15 | J59: =IFERROR(H59/I59, "") -> 10.791333 | K59: =IFERROR(1/J59, "") -> 0.092666955 | L59: =IFERROR(INT(K59*24)&"h "&INT(MOD(K59*24,1)*60)&"m", "") -> 2h 13m | M59: {=IFERROR(INDEX(applied_prod, MATCH('食譜'!N59, ing_name, 0)), "")} | N59: =IFERROR('食譜'!O59*3, "") -> 0 | O59: =IFERROR(M59/N59, "") | P59: =IFERROR(1/O59, "") | Q59: =IFERROR(INT(P59*24)&"h "&INT(MOD(P59*24,1)*60)&"m", "") -> 0h 0m | R59: {=IFERROR(INDEX(applied_prod, MATCH('食譜'!P59, ing_name, 0)), "")} | S59: =IFERROR('食譜'!Q59*3, "") -> 0 | T59: =IFERROR(R59/S59, "") | U59: =IFERROR(1/T59, "") | V59: =IFERROR(INT(U59*24)&"h "&INT(MOD(U59*24,1)*60)&"m", "") -> 0h 0m | W59: =IFERROR(INT((F59+K59+P59+U59)*24)&"h "&INT(MOD((F59+K59+P59+U59)*24,1)*60)&"m", "") -> 7h 36m | X59: =IFERROR((F59+K59+P59+U59), "") -> 0.31682636 | Y59: =IFERROR('食譜'!H59, "")*3 -> 5721 | Z59: =IFERROR(Y59/X59, "") -> 18057.21
A60: =IFERROR(__xludf.DUMMYFUNCTION("""COMPUTED_VALUE"""),"") | B60: =IFERROR(__xludf.DUMMYFUNCTION("""COMPUTED_VALUE"""),"火花薑茶") -> 火花薑茶 | C60: {=IFERROR(INDEX(applied_prod, MATCH('食譜'!J60, ing_name, 0)), "")} -> 162.39 | D60: =IFERROR('食譜'!K60*3, "") -> 27 | E60: =IFERROR(C60/D60, "") -> 6.0144444 | F60: =IFERROR(1/E60, "") -> 0.1662664 | G60: =IFERROR(INT(F60*24)&"h "&INT(MOD(F60*24,1)*60)&"m", "") -> 3h 59m | H60: {=IFERROR(INDEX(applied_prod, MATCH('食譜'!L60, ing_name, 0)), "")} -> 163.61 | I60: =IFERROR('食譜'!M60*3, "") -> 21 | J60: =IFERROR(H60/I60, "") -> 7.7909524 | K60: =IFERROR(1/J60, "") -> 0.12835401 | L60: =IFERROR(INT(K60*24)&"h "&INT(MOD(K60*24,1)*60)&"m", "") -> 3h 4m | M60: {=IFERROR(INDEX(applied_prod, MATCH('食譜'!N60, ing_name, 0)), "")} | N60: =IFERROR('食譜'!O60*3, "") -> 0 | O60: =IFERROR(M60/N60, "") | P60: =IFERROR(1/O60, "") | Q60: =IFERROR(INT(P60*24)&"h "&INT(MOD(P60*24,1)*60)&"m", "") -> 0h 0m | R60: {=IFERROR(INDEX(applied_prod, MATCH('食譜'!P60, ing_name, 0)), "")} | S60: =IFERROR('食譜'!Q60*3, "") -> 0 | T60: =IFERROR(R60/S60, "") | U60: =IFERROR(1/T60, "") | V60: =IFERROR(INT(U60*24)&"h "&INT(MOD(U60*24,1)*60)&"m", "") -> 0h 0m | W60: =IFERROR(INT((F60+K60+P60+U60)*24)&"h "&INT(MOD((F60+K60+P60+U60)*24,1)*60)&"m", "") -> 7h 4m | X60: =IFERROR((F60+K60+P60+U60), "") -> 0.29462041 | Y60: =IFERROR('食譜'!H60, "")*3 -> 5739 | Z60: =IFERROR(Y60/X60, "") -> 19479.302
A61: =IFERROR(__xludf.DUMMYFUNCTION("""COMPUTED_VALUE"""),"") | B61: =IFERROR(__xludf.DUMMYFUNCTION("""COMPUTED_VALUE"""),"輕裝豆香蛋糕") -> 輕裝豆香蛋糕 | C61: {=IFERROR(INDEX(applied_prod, MATCH('食譜'!J61, ing_name, 0)), "")} -> 127.29 | D61: =IFERROR('食譜'!K61*3, "") -> 24 | E61: =IFERROR(C61/D61, "") -> 5.30375 | F61: =IFERROR(1/E61, "") -> 0.18854584 | G61: =IFERROR(INT(F61*24)&"h "&INT(MOD(F61*24,1)*60)&"m", "") -> 4h 31m | H61: {=IFERROR(INDEX(applied_prod, MATCH('食譜'!L61, ing_name, 0)), "")} -> 148.65 | I61: =IFERROR('食譜'!M61*3, "") -> 21 | J61: =IFERROR(H61/I61, "") -> 7.0785714 | K61: =IFERROR(1/J61, "") -> 0.14127144 | L61: =IFERROR(INT(K61*24)&"h "&INT(MOD(K61*24,1)*60)&"m", "") -> 3h 23m | M61: {=IFERROR(INDEX(applied_prod, MATCH('食譜'!N61, ing_name, 0)), "")} | N61: =IFERROR('食譜'!O61*3, "") -> 0 | O61: =IFERROR(M61/N61, "") | P61: =IFERROR(1/O61, "") | Q61: =IFERROR(INT(P61*24)&"h "&INT(MOD(P61*24,1)*60)&"m", "") -> 0h 0m | R61: {=IFERROR(INDEX(applied_prod, MATCH('食譜'!P61, ing_name, 0)), "")} | S61: =IFERROR('食譜'!Q61*3, "") -> 0 | T61: =IFERROR(R61/S61, "") | U61: =IFERROR(1/T61, "") | V61: =IFERROR(INT(U61*24)&"h "&INT(MOD(U61*24,1)*60)&"m", "") -> 0h 0m | W61: =IFERROR(INT((F61+K61+P61+U61)*24)&"h "&INT(MOD((F61+K61+P61+U61)*24,1)*60)&"m", "") -> 7h 54m | X61: =IFERROR((F61+K61+P61+U61), "") -> 0.32981728 | Y61: =IFERROR('食譜'!H61, "")*3 -> 5772 | Z61: =IFERROR(Y61/X61, "") -> 17500.599
A62: =IFERROR(__xludf.DUMMYFUNCTION("""COMPUTED_VALUE"""),"") | B62: =IFERROR(__xludf.DUMMYFUNCTION("""COMPUTED_VALUE"""),"我行我素蔬菜汁") -> 我行我素蔬菜汁 | C62: {=IFERROR(INDEX(applied_prod, MATCH('食譜'!J62, ing_name, 0)), "")} -> 137.56 | D62: =IFERROR('食譜'!K62*3, "") -> 27 | E62: =IFERROR(C62/D62, "") -> 5.0948148 | F62: =IFERROR(1/E62, "") -> 0.19627799 | G62: =IFERROR(INT(F62*24)&"h "&INT(MOD(F62*24,1)*60)&"m", "") -> 4h 42m | H62: {=IFERROR(INDEX(applied_prod, MATCH('食譜'!L62, ing_name, 0)), "")} -> 163.61 | I62: =IFERROR('食譜'!M62*3, "") -> 21 | J62: =IFERROR(H62/I62, "") -> 7.7909524 | K62: =IFERROR(1/J62, "") -> 0.12835401 | L62: =IFERROR(INT(K62*24)&"h "&INT(MOD(K62*24,1)*60)&"m", "") -> 3h 4m | M62: {=IFERROR(INDEX(applied_prod, MATCH('食譜'!N62, ing_name, 0)), "")} | N62: =IFERROR('食譜'!O62*3, "") -> 0 | O62: =IFERROR(M62/N62, "") | P62: =IFERROR(1/O62, "") | Q62: =IFERROR(INT(P62*24)&"h "&INT(MOD(P62*24,1)*60)&"m", "") -> 0h 0m | R62: {=IFERROR(INDEX(applied_prod, MATCH('食譜'!P62, ing_name, 0)), "")} | S62: =IFERROR('食譜'!Q62*3, "") -> 0 | T62: =IFERROR(R62/S62, "") | U62: =IFERROR(1/T62, "") | V62: =IFERROR(INT(U62*24)&"h "&INT(MOD(U62*24,1)*60)&"m", "") -> 0h 0m | W62: =IFERROR(INT((F62+K62+P62+U62)*24)&"h "&INT(MOD((F62+K62+P62+U62)*24,1)*60)&"m", "") -> 7h 47m | X62: =IFERROR((F62+K62+P62+U62), "") -> 0.324632 | Y62: =IFERROR('食譜'!H62, "")*3 -> 5772 | Z62: =IFERROR(Y62/X62, "") -> 17780.133
A63: =IFERROR(__xludf.DUMMYFUNCTION("""COMPUTED_VALUE"""),"") | B63: =IFERROR(__xludf.DUMMYFUNCTION("""COMPUTED_VALUE"""),"大馬拉薩達") -> 大馬拉薩達 | C63: {=IFERROR(INDEX(applied_prod, MATCH('食譜'!J63, ing_name, 0)), "")} -> 111.06 | D63: =IFERROR('食譜'!K63*3, "") -> 30 | E63: =IFERROR(C63/D63, "") -> 3.702 | F63: =IFERROR(1/E63, "") -> 0.27012426 | G63: =IFERROR(INT(F63*24)&"h "&INT(MOD(F63*24,1)*60)&"m", "") -> 6h 28m | H63: {=IFERROR(INDEX(applied_prod, MATCH('食譜'!L63, ing_name, 0)), "")} -> 161.87 | I63: =IFERROR('食譜'!M63*3, "") -> 21 | J63: =IFERROR(H63/I63, "") -> 7.7080952 | K63: =IFERROR(1/J63, "") -> 0.12973374 | L63: =IFERROR(INT(K63*24)&"h "&INT(MOD(K63*24,1)*60)&"m", "") -> 3h 6m | M63: {=IFERROR(INDEX(applied_prod, MATCH('食譜'!N63, ing_name, 0)), "")} -> 156.57 | N63: =IFERROR('食譜'!O63*3, "") -> 18 | O63: =IFERROR(M63/N63, "") -> 8.6983333 | P63: =IFERROR(1/O63, "") -> 0.11496455 | Q63: =IFERROR(INT(P63*24)&"h "&INT(MOD(P63*24,1)*60)&"m", "") -> 2h 45m | R63: {=IFERROR(INDEX(applied_prod, MATCH('食譜'!P63, ing_name, 0)), "")} | S63: =IFERROR('食譜'!Q63*3, "") -> 0 | T63: =IFERROR(R63/S63, "") | U63: =IFERROR(1/T63, "") | V63: =IFERROR(INT(U63*24)&"h "&INT(MOD(U63*24,1)*60)&"m", "") -> 0h 0m | W63: =IFERROR(INT((F63+K63+P63+U63)*24)&"h "&INT(MOD((F63+K63+P63+U63)*24,1)*60)&"m", "") -> 12h 21m | X63: =IFERROR((F63+K63+P63+U63), "") -> 0.51482255 | Y63: =IFERROR('食譜'!H63, "")*3 -> 9045 | Z63: =IFERROR(Y63/X63, "") -> 17569.161
A64: =IFERROR(__xludf.DUMMYFUNCTION("""COMPUTED_VALUE"""),"") | B64: =IFERROR(__xludf.DUMMYFUNCTION("""COMPUTED_VALUE"""),"活力蛋白飲") -> 活力蛋白飲 | C64: {=IFERROR(INDEX(applied_prod, MATCH('食譜'!J64, ing_name, 0)), "")} -> 148.65 | D64: =IFERROR('食譜'!K64*3, "") -> 45 | E64: =IFERROR(C64/D64, "") -> 3.3033333 | F64: =IFERROR(1/E64, "") -> 0.30272452 | G64: =IFERROR(INT(F64*24)&"h "&INT(MOD(F64*24,1)*60)&"m", "") -> 7h 15m | H64: {=IFERROR(INDEX(applied_prod, MATCH('食譜'!L64, ing_name, 0)), "")} -> 98.53 | I64: =IFERROR('食譜'!M64*3, "") -> 24 | J64: =IFERROR(H64/I64, "") -> 4.1054167 | K64: =IFERROR(1/J64, "") -> 0.24358064 | L64: =IFERROR(INT(K64*24)&"h "&INT(MOD(K64*24,1)*60)&"m", "") -> 5h 50m | M64: {=IFERROR(INDEX(applied_prod, MATCH('食譜'!N64, ing_name, 0)), "")} | N64: =IFERROR('食譜'!O64*3, "") -> 0 | O64: =IFERROR(M64/N64, "") | P64: =IFERROR(1/O64, "") | Q64: =IFERROR(INT(P64*24)&"h "&INT(MOD(P64*24,1)*60)&"m", "") -> 0h 0m | R64: {=IFERROR(INDEX(applied_prod, MATCH('食譜'!P64, ing_name, 0)), "")} | S64: =IFERROR('食譜'!Q64*3, "") -> 0 | T64: =IFERROR(R64/S64, "") | U64: =IFERROR(1/T64, "") | V64: =IFERROR(INT(U64*24)&"h "&INT(MOD(U64*24,1)*60)&"m", "") -> 0h 0m | W64: =IFERROR(INT((F64+K64+P64+U64)*24)&"h "&INT(MOD((F64+K64+P64+U64)*24,1)*60)&"m", "") -> 13h 6m | X64: =IFERROR((F64+K64+P64+U64), "") -> 0.54630516 | Y64: =IFERROR('食譜'!H64, "")*3 -> 9789 | Z64: =IFERROR(Y64/X64, "") -> 17918.557
A65: =IFERROR(__xludf.DUMMYFUNCTION("""COMPUTED_VALUE"""),"") | B65: =IFERROR(__xludf.DUMMYFUNCTION("""COMPUTED_VALUE"""),"花瓣舞巧克力塔") -> 花瓣舞巧克力塔 | C65: {=IFERROR(INDEX(applied_prod, MATCH('食譜'!J65, ing_name, 0)), "")} -> 163.61 | D65: =IFERROR('食譜'!K65*3, "") -> 33 | E65: =IFERROR(C65/D65, "") -> 4.9578788 | F65: =IFERROR(1/E65, "") -> 0.20169916 | G65: =IFERROR(INT(F65*24)&"h "&INT(MOD(F65*24,1)*60)&"m", "") -> 4h 50m | H65: {=IFERROR(INDEX(applied_prod, MATCH('食譜'!L65, ing_name, 0)), "")} -> 98.53 | I65: =IFERROR('食譜'!M65*3, "") -> 33 | J65: =IFERROR(H65/I65, "") -> 2.9857576 | K65: =IFERROR(1/J65, "") -> 0.33492337 | L65: =IFERROR(INT(K65*24)&"h "&INT(MOD(K65*24,1)*60)&"m", "") -> 8h 2m | M65: {=IFERROR(INDEX(applied_prod, MATCH('食譜'!N65, ing_name, 0)), "")} | N65: =IFERROR('食譜'!O65*3, "") -> 0 | O65: =IFERROR(M65/N65, "") | P65: =IFERROR(1/O65, "") | Q65: =IFERROR(INT(P65*24)&"h "&INT(MOD(P65*24,1)*60)&"m", "") -> 0h 0m | R65: {=IFERROR(INDEX(applied_prod, MATCH('食譜'!P65, ing_name, 0)), "")} | S65: =IFERROR('食譜'!Q65*3, "") -> 0 | T65: =IFERROR(R65/S65, "") | U65: =IFERROR(1/T65, "") | V65: =IFERROR(INT(U65*24)&"h "&INT(MOD(U65*24,1)*60)&"m", "") -> 0h 0m | W65: =IFERROR(INT((F65+K65+P65+U65)*24)&"h "&INT(MOD((F65+K65+P65+U65)*24,1)*60)&"m", "") -> 12h 52m | X65: =IFERROR((F65+K65+P65+U65), "") -> 0.53662254 | Y65: =IFERROR('食譜'!H65, "")*3 -> 9942 | Z65: =IFERROR(Y65/X65, "") -> 18526.989
A66: =IFERROR(__xludf.DUMMYFUNCTION("""COMPUTED_VALUE"""),"") | B66: =IFERROR(__xludf.DUMMYFUNCTION("""COMPUTED_VALUE"""),"甜甜香氣巧克力蛋糕") -> 甜甜香氣巧克力蛋糕 | C66: {=IFERROR(INDEX(applied_prod, MATCH('食譜'!J66, ing_name, 0)), "")} -> 156.57 | D66: =IFERROR('食譜'!K66*3, "") -> 27 | E66: =IFERROR(C66/D66, "") -> 5.7988889 | F66: =IFERROR(1/E66, "") -> 0.17244683 | G66: =IFERROR(INT(F66*24)&"h "&INT(MOD(F66*24,1)*60)&"m", "") -> 4h 8m | H66: {=IFERROR(INDEX(applied_prod, MATCH('食譜'!L66, ing_name, 0)), "")} -> 98.53 | I66: =IFERROR('食譜'!M66*3, "") -> 24 | J66: =IFERROR(H66/I66, "") -> 4.1054167 | K66: =IFERROR(1/J66, "") -> 0.24358064 | L66: =IFERROR(INT(K66*24)&"h "&INT(MOD(K66*24,1)*60)&"m", "") -> 5h 50m | M66: {=IFERROR(INDEX(applied_prod, MATCH('食譜'!N66, ing_name, 0)), "")} -> 161.87 | N66: =IFERROR('食譜'!O66*3, "") -> 21 | O66: =IFERROR(M66/N66, "") -> 7.7080952 | P66: =IFERROR(1/O66, "") -> 0.12973374 | Q66: =IFERROR(INT(P66*24)&"h "&INT(MOD(P66*24,1)*60)&"m", "") -> 3h 6m | R66: {=IFERROR(INDEX(applied_prod, MATCH('食譜'!P66, ing_name, 0)), "")} | S66: =IFERROR('食譜'!Q66*3, "") -> 0 | T66: =IFERROR(R66/S66, "") | U66: =IFERROR(1/T66, "") | V66: =IFERROR(INT(U66*24)&"h "&INT(MOD(U66*24,1)*60)&"m", "") -> 0h 0m | W66: =IFERROR(INT((F66+K66+P66+U66)*24)&"h "&INT(MOD((F66+K66+P66+U66)*24,1)*60)&"m", "") -> 13h 5m | X66: =IFERROR((F66+K66+P66+U66), "") -> 0.5457612 | Y66: =IFERROR('食譜'!H66, "")*3 -> 10134 | Z66: =IFERROR(Y66/X66, "") -> 18568.561
A67: =IFERROR(__xludf.DUMMYFUNCTION("""COMPUTED_VALUE"""),"") | B67: =IFERROR(__xludf.DUMMYFUNCTION("""COMPUTED_VALUE"""),"惡魔之吻水果牛奶") -> 惡魔之吻水果牛奶 | C67: {=IFERROR(INDEX(applied_prod, MATCH('食譜'!J67, ing_name, 0)), "")} -> 163.61 | D67: =IFERROR('食譜'!K67*3, "") -> 33 | E67: =IFERROR(C67/D67, "") -> 4.9578788 | F67: =IFERROR(1/E67, "") -> 0.20169916 | G67: =IFERROR(INT(F67*24)&"h "&INT(MOD(F67*24,1)*60)&"m", "") -> 4h 50m | H67: {=IFERROR(INDEX(applied_prod, MATCH('食譜'!L67, ing_name, 0)), "")} -> 161.87 | I67: =IFERROR('食譜'!M67*3, "") -> 27 | J67: =IFERROR(H67/I67, "") -> 5.9951852 | K67: =IFERROR(1/J67, "") -> 0.16680052 | L67: =IFERROR(INT(K67*24)&"h "&INT(MOD(K67*24,1)*60)&"m", "") -> 4h 0m | M67: {=IFERROR(INDEX(applied_prod, MATCH('食譜'!N67, ing_name, 0)), "")} -> 98.53 | N67: =IFERROR('食譜'!O67*3, "") -> 24 | O67: =IFERROR(M67/N67, "") -> 4.1054167 | P67: =IFERROR(1/O67, "") -> 0.24358064 | Q67: =IFERROR(INT(P67*24)&"h "&INT(MOD(P67*24,1)*60)&"m", "") -> 5h 50m | R67: {=IFERROR(INDEX(applied_prod, MATCH('食譜'!P67, ing_name, 0)), "")} -> 156.57 | S67: =IFERROR('食譜'!Q67*3, "") -> 21 | T67: =IFERROR(R67/S67, "") -> 7.4557143 | U67: =IFERROR(1/T67, "") -> 0.13412531 | V67: =IFERROR(INT(U67*24)&"h "&INT(MOD(U67*24,1)*60)&"m", "") -> 3h 13m | W67: =IFERROR(INT((F67+K67+P67+U67)*24)&"h "&INT(MOD((F67+K67+P67+U67)*24,1)*60)&"m", "") -> 17h 54m | X67: =IFERROR((F67+K67+P67+U67), "") -> 0.74620563 | Y67: =IFERROR('食譜'!H67, "")*3 -> 14202 | Z67: =IFERROR(Y67/X67, "") -> 19032.287
A68: =IFERROR(__xludf.DUMMYFUNCTION("""COMPUTED_VALUE"""),"") | B68: =IFERROR(__xludf.DUMMYFUNCTION("""COMPUTED_VALUE"""),"不屈薑餅") -> 不屈薑餅 | C68: {=IFERROR(INDEX(applied_prod, MATCH('食譜'!J68, ing_name, 0)), "")} -> 156.57 | D68: =IFERROR('食譜'!K68*3, "") -> 42 | E68: =IFERROR(C68/D68, "") -> 3.7278571 | F68: =IFERROR(1/E68, "") -> 0.26825062 | G68: =IFERROR(INT(F68*24)&"h "&INT(MOD(F68*24,1)*60)&"m", "") -> 6h 26m | H68: {=IFERROR(INDEX(applied_prod, MATCH('食譜'!L68, ing_name, 0)), "")} -> 162.39 | I68: =IFERROR('食譜'!M68*3, "") -> 36 | J68: =IFERROR(H68/I68, "") -> 4.5108333 | K68: =IFERROR(1/J68, "") -> 0.22168853 | L68: =IFERROR(INT(K68*24)&"h "&INT(MOD(K68*24,1)*60)&"m", "") -> 5h 19m | M68: {=IFERROR(INDEX(applied_prod, MATCH('食譜'!N68, ing_name, 0)), "")} -> 98.53 | N68: =IFERROR('食譜'!O68*3, "") -> 15 | O68: =IFERROR(M68/N68, "") -> 6.5686667 | P68: =IFERROR(1/O68, "") -> 0.1522379 | Q68: =IFERROR(INT(P68*24)&"h "&INT(MOD(P68*24,1)*60)&"m", "") -> 3h 39m | R68: {=IFERROR(INDEX(applied_prod, MATCH('食譜'!P68, ing_name, 0)), "")} -> 127.29 | S68: =IFERROR('食譜'!Q68*3, "") -> 12 | T68: =IFERROR(R68/S68, "") -> 10.6075 | U68: =IFERROR(1/T68, "") -> 0.09427292 | V68: =IFERROR(INT(U68*24)&"h "&INT(MOD(U68*24,1)*60)&"m", "") -> 2h 15m | W68: =IFERROR(INT((F68+K68+P68+U68)*24)&"h "&INT(MOD((F68+K68+P68+U68)*24,1)*60)&"m", "") -> 17h 40m | X68: =IFERROR((F68+K68+P68+U68), "") -> 0.73644997 | Y68: =IFERROR('食譜'!H68, "")*3 -> 14763 | Z68: =IFERROR(Y68/X68, "") -> 20046.168
A69: =IFERROR(__xludf.DUMMYFUNCTION("""COMPUTED_VALUE"""),"") | B69: =IFERROR(__xludf.DUMMYFUNCTION("""COMPUTED_VALUE"""),"橙夢的排毒茶") -> 橙夢的排毒茶 | C69: {=IFERROR(INDEX(applied_prod, MATCH('食譜'!J69, ing_name, 0)), "")} -> 163.61 | D69: =IFERROR('食譜'!K69*3, "") -> 45 | E69: =IFERROR(C69/D69, "") -> 3.6357778 | F69: =IFERROR(1/E69, "") -> 0.27504431 | G69: =IFERROR(INT(F69*24)&"h "&INT(MOD(F69*24,1)*60)&"m", "") -> 6h 36m | H69: {=IFERROR(INDEX(applied_prod, MATCH('食譜'!L69, ing_name, 0)), "")} -> 162.39 | I69: =IFERROR('食譜'!M69*3, "") -> 33 | J69: =IFERROR(H69/I69, "") -> 4.9209091 | K69: =IFERROR(1/J69, "") -> 0.20321448 | L69: =IFERROR(INT(K69*24)&"h "&INT(MOD(K69*24,1)*60)&"m", "") -> 4h 52m | M69: {=IFERROR(INDEX(applied_prod, MATCH('食譜'!N69, ing_name, 0)), "")} -> 92.67 | N69: =IFERROR('食譜'!O69*3, "") -> 27 | O69: =IFERROR(M69/N69, "") -> 3.4322222 | P69: =IFERROR(1/O69, "") -> 0.29135643 | Q69: =IFERROR(INT(P69*24)&"h "&INT(MOD(P69*24,1)*60)&"m", "") -> 6h 59m | R69: {=IFERROR(INDEX(applied_prod, MATCH('食譜'!P69, ing_name, 0)), "")} | S69: =IFERROR('食譜'!Q69*3, "") -> 0 | T69: =IFERROR(R69/S69, "") | U69: =IFERROR(1/T69, "") | V69: =IFERROR(INT(U69*24)&"h "&INT(MOD(U69*24,1)*60)&"m", "") -> 0h 0m | W69: =IFERROR(INT((F69+K69+P69+U69)*24)&"h "&INT(MOD((F69+K69+P69+U69)*24,1)*60)&"m", "") -> 18h 28m | X69: =IFERROR((F69+K69+P69+U69), "") -> 0.76961522 | Y69: =IFERROR('食譜'!H69, "")*3 -> 15195 | Z69: =IFERROR(Y69/X69, "") -> 19743.632
A70: =IFERROR(__xludf.DUMMYFUNCTION("""COMPUTED_VALUE"""),"") | B70: =IFERROR(__xludf.DUMMYFUNCTION("""COMPUTED_VALUE"""),"大力士豆香甜甜圈") -> 大力士豆香甜甜圈 | C70: {=IFERROR(INDEX(applied_prod, MATCH('食譜'!J70, ing_name, 0)), "")} -> 148.65 | D70: =IFERROR('食譜'!K70*3, "") -> 48 | E70: =IFERROR(C70/D70, "") -> 3.096875 | F70: =IFERROR(1/E70, "") -> 0.32290616 | G70: =IFERROR(INT(F70*24)&"h "&INT(MOD(F70*24,1)*60)&"m", "") -> 7h 44m | H70: {=IFERROR(INDEX(applied_prod, MATCH('食譜'!L70, ing_name, 0)), "")} -> 111.06 | I70: =IFERROR('食譜'!M70*3, "") -> 36 | J70: =IFERROR(H70/I70, "") -> 3.085 | K70: =IFERROR(1/J70, "") -> 0.32414911 | L70: =IFERROR(INT(K70*24)&"h "&INT(MOD(K70*24,1)*60)&"m", "") -> 7h 46m | M70: {=IFERROR(INDEX(applied_prod, MATCH('食譜'!N70, ing_name, 0)), "")} -> 98.53 | N70: =IFERROR('食譜'!O70*3, "") -> 21 | O70: =IFERROR(M70/N70, "") -> 4.6919048 | P70: =IFERROR(1/O70, "") -> 0.21313306 | Q70: =IFERROR(INT(P70*24)&"h "&INT(MOD(P70*24,1)*60)&"m", "") -> 5h 6m | R70: {=IFERROR(INDEX(applied_prod, MATCH('食譜'!P70, ing_name, 0)), "")} | S70: =IFERROR('食譜'!Q70*3, "") -> 0 | T70: =IFERROR(R70/S70, "") | U70: =IFERROR(1/T70, "") | V70: =IFERROR(INT(U70*24)&"h "&INT(MOD(U70*24,1)*60)&"m", "") -> 0h 0m | W70: =IFERROR(INT((F70+K70+P70+U70)*24)&"h "&INT(MOD((F70+K70+P70+U70)*24,1)*60)&"m", "") -> 20h 38m | X70: =IFERROR((F70+K70+P70+U70), "") -> 0.86018832 | Y70: =IFERROR('食譜'!H70, "")*3 -> 16641 | Z70: =IFERROR(Y70/X70, "") -> 19345.764
A71: =IFERROR(__xludf.DUMMYFUNCTION("""COMPUTED_VALUE"""),"") | B71: =IFERROR(__xludf.DUMMYFUNCTION("""COMPUTED_VALUE"""),"大爆炸爆米花") -> 大爆炸爆米花 | C71: {=IFERROR(INDEX(applied_prod, MATCH('食譜'!J71, ing_name, 0)), "")} -> 134.79 | D71: =IFERROR('食譜'!K71*3, "") -> 45 | E71: =IFERROR(C71/D71, "") -> 2.9953333 | F71: =IFERROR(1/E71, "") -> 0.33385266 | G71: =IFERROR(INT(F71*24)&"h "&INT(MOD(F71*24,1)*60)&"m", "") -> 8h 0m | H71: {=IFERROR(INDEX(applied_prod, MATCH('食譜'!L71, ing_name, 0)), "")} -> 111.06 | I71: =IFERROR('食譜'!M71*3, "") -> 42 | J71: =IFERROR(H71/I71, "") -> 2.6442857 | K71: =IFERROR(1/J71, "") -> 0.37817396 | L71: =IFERROR(INT(K71*24)&"h "&INT(MOD(K71*24,1)*60)&"m", "") -> 9h 4m | M71: {=IFERROR(INDEX(applied_prod, MATCH('食譜'!N71, ing_name, 0)), "")} -> 161.87 | N71: =IFERROR('食譜'!O71*3, "") -> 21 | O71: =IFERROR(M71/N71, "") -> 7.7080952 | P71: =IFERROR(1/O71, "") -> 0.12973374 | Q71: =IFERROR(INT(P71*24)&"h "&INT(MOD(P71*24,1)*60)&"m", "") -> 3h 6m | R71: {=IFERROR(INDEX(applied_prod, MATCH('食譜'!P71, ing_name, 0)), "")} | S71: =IFERROR('食譜'!Q71*3, "") -> 0 | T71: =IFERROR(R71/S71, "") | U71: =IFERROR(1/T71, "") | V71: =IFERROR(INT(U71*24)&"h "&INT(MOD(U71*24,1)*60)&"m", "") -> 0h 0m | W71: =IFERROR(INT((F71+K71+P71+U71)*24)&"h "&INT(MOD((F71+K71+P71+U71)*24,1)*60)&"m", "") -> 20h 12m | X71: =IFERROR((F71+K71+P71+U71), "") -> 0.84176036 | Y71: =IFERROR('食譜'!H71, "")*3 -> 18144 | Z71: =IFERROR(Y71/X71, "") -> 21554.828
A72: =IFERROR(__xludf.DUMMYFUNCTION("""COMPUTED_VALUE"""),"") | B72: =IFERROR(__xludf.DUMMYFUNCTION("""COMPUTED_VALUE"""),"早起咖啡凍") -> 早起咖啡凍 | C72: {=IFERROR(INDEX(applied_prod, MATCH('食譜'!J72, ing_name, 0)), "")} -> 114.19 | D72: =IFERROR('食譜'!K72*3, "") -> 48 | E72: =IFERROR(C72/D72, "") -> 2.3789583 | F72: =IFERROR(1/E72, "") -> 0.42035204 | G72: =IFERROR(INT(F72*24)&"h "&INT(MOD(F72*24,1)*60)&"m", "") -> 10h 5m | H72: {=IFERROR(INDEX(applied_prod, MATCH('食譜'!L72, ing_name, 0)), "")} -> 161.87 | I72: =IFERROR('食譜'!M72*3, "") -> 42 | J72: =IFERROR(H72/I72, "") -> 3.8540476 | K72: =IFERROR(1/J72, "") -> 0.25946747 | L72: =IFERROR(INT(K72*24)&"h "&INT(MOD(K72*24,1)*60)&"m", "") -> 6h 13m | M72: {=IFERROR(INDEX(applied_prod, MATCH('食譜'!N72, ing_name, 0)), "")} -> 156.57 | N72: =IFERROR('食譜'!O72*3, "") -> 36 | O72: =IFERROR(M72/N72, "") -> 4.3491667 | P72: =IFERROR(1/O72, "") -> 0.22992911 | Q72: =IFERROR(INT(P72*24)&"h "&INT(MOD(P72*24,1)*60)&"m", "") -> 5h 31m | R72: {=IFERROR(INDEX(applied_prod, MATCH('食譜'!P72, ing_name, 0)), "")} | S72: =IFERROR('食譜'!Q72*3, "") -> 0 | T72: =IFERROR(R72/S72, "") | U72: =IFERROR(1/T72, "") | V72: =IFERROR(INT(U72*24)&"h "&INT(MOD(U72*24,1)*60)&"m", "") -> 0h 0m | W72: =IFERROR(INT((F72+K72+P72+U72)*24)&"h "&INT(MOD((F72+K72+P72+U72)*24,1)*60)&"m", "") -> 21h 50m | X72: =IFERROR((F72+K72+P72+U72), "") -> 0.90974862 | Y72: =IFERROR('食譜'!H72, "")*3 -> 20379 | Z72: =IFERROR(Y72/X72, "") -> 22400.693
A73: =IFERROR(__xludf.DUMMYFUNCTION("""COMPUTED_VALUE"""),"") | B73: =IFERROR(__xludf.DUMMYFUNCTION("""COMPUTED_VALUE"""),"破格玉米香提拉米蘇") -> 破格玉米香提拉米蘇 | C73: {=IFERROR(INDEX(applied_prod, MATCH('食譜'!J73, ing_name, 0)), "")} -> 134.79 | D73: =IFERROR('食譜'!K73*3, "") -> 42 | E73: =IFERROR(C73/D73, "") -> 3.2092857 | F73: =IFERROR(1/E73, "") -> 0.31159582 | G73: =IFERROR(INT(F73*24)&"h "&INT(MOD(F73*24,1)*60)&"m", "") -> 7h 28m | H73: {=IFERROR(INDEX(applied_prod, MATCH('食譜'!L73, ing_name, 0)), "")} -> 114.19 | I73: =IFERROR('食譜'!M73*3, "") -> 42 | J73: =IFERROR(H73/I73, "") -> 2.7188095 | K73: =IFERROR(1/J73, "") -> 0.36780804 | L73: =IFERROR(INT(K73*24)&"h "&INT(MOD(K73*24,1)*60)&"m", "") -> 8h 49m | M73: {=IFERROR(INDEX(applied_prod, MATCH('食譜'!N73, ing_name, 0)), "")} -> 161.87 | N73: =IFERROR('食譜'!O73*3, "") -> 36 | O73: =IFERROR(M73/N73, "") -> 4.4963889 | P73: =IFERROR(1/O73, "") -> 0.22240069 | Q73: =IFERROR(INT(P73*24)&"h "&INT(MOD(P73*24,1)*60)&"m", "") -> 5h 20m | R73: {=IFERROR(INDEX(applied_prod, MATCH('食譜'!P73, ing_name, 0)), "")} | S73: =IFERROR('食譜'!Q73*3, "") -> 0 | T73: =IFERROR(R73/S73, "") | U73: =IFERROR(1/T73, "") | V73: =IFERROR(INT(U73*24)&"h "&INT(MOD(U73*24,1)*60)&"m", "") -> 0h 0m | W73: =IFERROR(INT((F73+K73+P73+U73)*24)&"h "&INT(MOD((F73+K73+P73+U73)*24,1)*60)&"m", "") -> 21h 38m | X73: =IFERROR((F73+K73+P73+U73), "") -> 0.90180455 | Y73: =IFERROR('食譜'!H73, "")*3 -> 21375 | Z73: =IFERROR(Y73/X73, "") -> 23702.475
A74: =IFERROR(__xludf.DUMMYFUNCTION("""COMPUTED_VALUE"""),"") | B74: =IFERROR(__xludf.DUMMYFUNCTION("""COMPUTED_VALUE"""),"胖丁百匯布丁") -> 胖丁百匯布丁 | C74: {=IFERROR(INDEX(applied_prod, MATCH('食譜'!J74, ing_name, 0)), "")} -> 156.57 | D74: =IFERROR('食譜'!K74*3, "") -> 60 | E74: =IFERROR(C74/D74, "") -> 2.6095 | F74: =IFERROR(1/E74, "") -> 0.38321518 | G74: =IFERROR(INT(F74*24)&"h "&INT(MOD(F74*24,1)*60)&"m", "") -> 9h 11m | H74: {=IFERROR(INDEX(applied_prod, MATCH('食譜'!L74, ing_name, 0)), "")} -> 127.29 | I74: =IFERROR('食譜'!M74*3, "") -> 45 | J74: =IFERROR(H74/I74, "") -> 2.8286667 | K74: =IFERROR(1/J74, "") -> 0.35352345 | L74: =IFERROR(INT(K74*24)&"h "&INT(MOD(K74*24,1)*60)&"m", "") -> 8h 29m | M74: {=IFERROR(INDEX(applied_prod, MATCH('食譜'!N74, ing_name, 0)), "")} -> 163.61 | N74: =IFERROR('食譜'!O74*3, "") -> 30 | O74: =IFERROR(M74/N74, "") -> 5.4536667 | P74: =IFERROR(1/O74, "") -> 0.18336288 | Q74: =IFERROR(INT(P74*24)&"h "&INT(MOD(P74*24,1)*60)&"m", "") -> 4h 24m | R74: {=IFERROR(INDEX(applied_prod, MATCH('食譜'!P74, ing_name, 0)), "")} -> 161.87 | S74: =IFERROR('食譜'!Q74*3, "") -> 30 | T74: =IFERROR(R74/S74, "") -> 5.3956667 | U74: =IFERROR(1/T74, "") -> 0.18533391 | V74: =IFERROR(INT(U74*24)&"h "&INT(MOD(U74*24,1)*60)&"m", "") -> 4h 26m | W74: =IFERROR(INT((F74+K74+P74+U74)*24)&"h "&INT(MOD((F74+K74+P74+U74)*24,1)*60)&"m", "") -> 26h 31m | X74: =IFERROR((F74+K74+P74+U74), "") -> 1.1054354 | Y74: =IFERROR('食譜'!H74, "")*3 -> 22782 | Z74: =IFERROR(Y74/X74, "") -> 20609.074
A75: =IFERROR(__xludf.DUMMYFUNCTION("""COMPUTED_VALUE"""),"") | B75: =IFERROR(__xludf.DUMMYFUNCTION("""COMPUTED_VALUE"""),"青草攪拌器冰沙") -> 青草攪拌器冰沙 | C75: {=IFERROR(INDEX(applied_prod, MATCH('食譜'!J75, ing_name, 0)), "")} -> 105.63 | D75: =IFERROR('食譜'!K75*3, "") -> 54 | E75: =IFERROR(C75/D75, "") -> 1.9561111 | F75: =IFERROR(1/E75, "") -> 0.5112184 | G75: =IFERROR(INT(F75*24)&"h "&INT(MOD(F75*24,1)*60)&"m", "") -> 12h 16m | H75: {=IFERROR(INDEX(applied_prod, MATCH('食譜'!L75, ing_name, 0)), "")} -> 137.56 | I75: =IFERROR('食譜'!M75*3, "") -> 48 | J75: =IFERROR(H75/I75, "") -> 2.8658333 | K75: =IFERROR(1/J75, "") -> 0.34893864 | L75: =IFERROR(INT(K75*24)&"h "&INT(MOD(K75*24,1)*60)&"m", "") -> 8h 22m | M75: {=IFERROR(INDEX(applied_prod, MATCH('食譜'!N75, ing_name, 0)), "")} -> 161.87 | N75: =IFERROR('食譜'!O75*3, "") -> 42 | O75: =IFERROR(M75/N75, "") -> 3.8540476 | P75: =IFERROR(1/O75, "") -> 0.25946747 | Q75: =IFERROR(INT(P75*24)&"h "&INT(MOD(P75*24,1)*60)&"m", "") -> 6h 13m | R75: {=IFERROR(INDEX(applied_prod, MATCH('食譜'!P75, ing_name, 0)), "")} | S75: =IFERROR('食譜'!Q75*3, "") -> 0 | T75: =IFERROR(R75/S75, "") | U75: =IFERROR(1/T75, "") | V75: =IFERROR(INT(U75*24)&"h "&INT(MOD(U75*24,1)*60)&"m", "") -> 0h 0m | W75: =IFERROR(INT((F75+K75+P75+U75)*24)&"h "&INT(MOD((F75+K75+P75+U75)*24,1)*60)&"m", "") -> 26h 52m | X75: =IFERROR((F75+K75+P75+U75), "") -> 1.1196245 | Y75: =IFERROR('食譜'!H75, "")*3 -> 24495 | Z75: =IFERROR(Y75/X75, "") -> 21877.87
A76: =IFERROR(__xludf.DUMMYFUNCTION("""COMPUTED_VALUE"""),"") | B76: =IFERROR(__xludf.DUMMYFUNCTION("""COMPUTED_VALUE"""),"茶會玉米司康") -> 茶會玉米司康 | C76: {=IFERROR(INDEX(applied_prod, MATCH('食譜'!J76, ing_name, 0)), "")} -> 163.61 | D76: =IFERROR('食譜'!K76*3, "") -> 60 | E76: =IFERROR(C76/D76, "") -> 2.7268333 | F76: =IFERROR(1/E76, "") -> 0.36672575 | G76: =IFERROR(INT(F76*24)&"h "&INT(MOD(F76*24,1)*60)&"m", "") -> 8h 48m | H76: {=IFERROR(INDEX(applied_prod, MATCH('食譜'!L76, ing_name, 0)), "")} -> 162.39 | I76: =IFERROR('食譜'!M76*3, "") -> 60 | J76: =IFERROR(H76/I76, "") -> 2.7065 | K76: =IFERROR(1/J76, "") -> 0.36948088 | L76: =IFERROR(INT(K76*24)&"h "&INT(MOD(K76*24,1)*60)&"m", "") -> 8h 52m | M76: {=IFERROR(INDEX(applied_prod, MATCH('食譜'!N76, ing_name, 0)), "")} -> 134.79 | N76: =IFERROR('食譜'!O76*3, "") -> 54 | O76: =IFERROR(M76/N76, "") -> 2.4961111 | P76: =IFERROR(1/O76, "") -> 0.40062319 | Q76: =IFERROR(INT(P76*24)&"h "&INT(MOD(P76*24,1)*60)&"m", "") -> 9h 36m | R76: {=IFERROR(INDEX(applied_prod, MATCH('食譜'!P76, ing_name, 0)), "")} -> 161.87 | S76: =IFERROR('食譜'!Q76*3, "") -> 27 | T76: =IFERROR(R76/S76, "") -> 5.9951852 | U76: =IFERROR(1/T76, "") -> 0.16680052 | V76: =IFERROR(INT(U76*24)&"h "&INT(MOD(U76*24,1)*60)&"m", "") -> 4h 0m | W76: =IFERROR(INT((F76+K76+P76+U76)*24)&"h "&INT(MOD((F76+K76+P76+U76)*24,1)*60)&"m", "") -> 31h 17m | X76: =IFERROR((F76+K76+P76+U76), "") -> 1.3036303 | Y76: =IFERROR('食譜'!H76, "")*3 -> 32775 | Z76: =IFERROR(Y76/X76, "") -> 25141.33
